mp_name_in_dataset,house,lok_sabha_terms_asked,n_questions,official_name,mpsno,party,state,constituency,ls_terms_served,asked_term_matches_served,match_confidence,source,needs_review
Shrirang Appa Barne,Lok Sabha,"16,17,18",14,Shrirang Appa Chandu Barne,4781,Shiv Sena,Maharashtra,Maval,"16,17,18",yes,medium,sansad.in,
Sudheer Gupta,Lok Sabha,"16,17,18",14,Sudheer Gupta,4615,Bharatiya Janata Party,Madhya Pradesh,Mandsour,"16,17,18",yes,high,sansad.in,
Supriya Sadanand Sule,Lok Sabha,"16,17,18",13,Supriya Sule,4392,Nationalist Congress Party - Sharadchandra Pawar,Maharashtra,Baramati,"15,16,17,18",yes,medium,sansad.in,
Harnath Singh Yadav,Rajya Sabha,,13,Shri Harnath Singh Yadav,2403,Bharatiya Janata Party,Uttar Pradesh,,,,high,sansad.in,
Bidyut Baran Mahato,Lok Sabha,"16,17,18",12,Bidyut Baran Mahato,4705,Bharatiya Janata Party,Jharkhand,Jamshedpur,"16,17,18",yes,high,sansad.in,
Rajan Baburao Vichare,Lok Sabha,"16,17",12,Rajan Baburao Vichare,4663,Shiv Sena,Maharashtra,Thane,"16,17",yes,high,sansad.in,
Shashi Tharoor,Lok Sabha,"16,17",11,Shashi Tharoor,4569,Indian National Congress,Kerala,Thiruvananthapuram,"15,16,17,18",yes,high,sansad.in,
Rahul Kaswan,Lok Sabha,"16,17,18",10,Rahul Kaswan,4654,Indian National Congress,Rajasthan,Churu,"16,17,18",yes,high,sansad.in,
Mohammed Nadimul Haque,Rajya Sabha,,10,Shri Mohammed Nadimul Haque,2198,All India Trinamool Congress,West Bengal,,,,high,sansad.in,
Sushil Kumar Gupta,Rajya Sabha,,10,Shri Sushil Kumar Gupta,2373,Aam Aadmi Party,National Capital Territory of Delhi,,,,high,sansad.in,
Husain Dalwai,Rajya Sabha,,10,Shri Husain Dalwai,2178,Indian National Congress,Maharashtra,,,,high,sansad.in,
Vijaysinh Mohite Patil,Lok Sabha,16,10,Vijaysinh Mohite Patil,4789,Nationalist Congress Party,Maharashtra,Madha,16,yes,high,sansad.in,
Neeraj Dangi,Rajya Sabha,,9,Shri Neeraj Dangi,2477,Indian National Congress,Rajasthan,,,,high,sansad.in,
Jagdambika Pal,Lok Sabha,"16,17,18",9,Jagdambika Pal,4295,Bharatiya Janata Party,Uttar Pradesh,Domariyaganj,"15,16,17,18",yes,high,sansad.in,
Dharmendra Yadav,Lok Sabha,"16,18",9,Dharmendra Yadav,4206,Samajwadi Party,Uttar Pradesh,Azamgarh,"14,15,16,18",yes,high,sansad.in,
B.K. Hariprasad,Rajya Sabha,,9,Shri B.K. Hariprasad,985,Indian National Congress,Karnataka,,,,high,sansad.in,
Heena Vijaykumar Gavit,Lok Sabha,"16,17",9,Heena Vijaykumar Gavit,4787,Bharatiya Janata Party,Maharashtra,Nandurbar,"16,17",yes,high,sansad.in,
Dhananjay Bhimrao Mahadik,Lok Sabha,16,9,Dhananjay Bhimrao Mahadik,4767,Nationalist Congress Party,Maharashtra,Kolhapur,16,yes,high,sansad.in,
Derek O' Brien,Rajya Sabha,,8,Shri Derek O' Brien,2181,All India Trinamool Congress,West Bengal,,,,high,sansad.in,
K.R. Suresh Reddy,Rajya Sabha,,8,Shri K.R. Suresh Reddy,2464,Bharat Rashtra Samithi,Telangana,,,,high,sansad.in,
Renuka Chowdhury,Rajya Sabha,,8,Smt. Renuka Chowdhury,503,Indian National Congress,Telangana,,,,high,sansad.in,
Rajkumar Chahar,Lok Sabha,"17,18",8,Rajkumar Chahar,5142,Bharatiya Janata Party,Uttar Pradesh,Fatehpur Sikri,"17,18",yes,high,sansad.in,
Suresh Kodikunnil,Lok Sabha,"16,17,18",8,Kodikunnil Suresh,477,Indian National Congress,Kerala,Mavelikkara,"9,10,11,13,15,16,17,18",yes,high,sansad.in,
Asaduddin Owaisi,Lok Sabha,"16,17,18",8,Asaduddin Owaisi,4091,All India Majlis-E-Ittehadul Muslimeen,Telangana,Hyderabad,"14,15,16,17,18",yes,high,sansad.in,
Gajanan Chandrakant Kirtikar,Lok Sabha,"16,17",8,Gajanan Chandrakant Kirtikar,4922,Shiv Sena,Maharashtra,Mumbai North West,"16,17",yes,high,sansad.in,
Prataprao Jadhav,Lok Sabha,"16,17",8,Prataprao Ganpatrao Jadhav,4373,Shiv Sena,Maharashtra,Buldhana,"15,16,17,18",yes,medium,sansad.in,
Dushyant Singh,Lok Sabha,"16,17",8,Dushyant Singh,4005,Bharatiya Janata Party,Rajasthan,Jhalawar-Baran,"14,15,16,17,18",yes,high,sansad.in,
Raksha Nikhil Khadse,Lok Sabha,"16,17",8,Raksha Nikhil Khadse,4722,Bharatiya Janata Party,Maharashtra,Raver,"16,17,18",yes,high,sansad.in,
T. Rathinavel,Rajya Sabha,,8,Shri T. Rathinavel,2244,All India Anna Dravida Munnetra Kazhagam,Tamil Nadu,,,,high,sansad.in,
Om Birla,Lok Sabha,16,8,Om Birla,4716,Bharatiya Janata Party,Rajasthan,Kota,"16,17,18",yes,high,sansad.in,
Shivaji Adhalrao Patil,Lok Sabha,16,8,Shivaji Adhalrao Patil,4143,Shiv Sena,Maharashtra,Shirur,"14,15,16",yes,high,sansad.in,
Anandrao Adsul,Lok Sabha,16,8,Anandrao Adsul,8,Shiv Sena,Maharashtra,Amravati,"11,13,14,15,16",yes,high,sansad.in,
Rajeev Shankarrao Satav,Lok Sabha,16,8,Rajeev Shankarrao Satav,4798,Indian National Congress,Maharashtra,Hingoli,16,yes,high,sansad.in,
Chandan Mitra,Rajya Sabha,,8,Dr. Chandan Mitra,1923,Bharatiya Janata Party,Madhya Pradesh,,,,high,sansad.in,
Babubhai Jesangbhai Desai,Rajya Sabha,,7,Shri Babubhai Jesangbhai Desai,2576,Bharatiya Janata Party,Gujarat,,,,high,sansad.in,
Sanjay Seth,Rajya Sabha,,7,Shri Sanjay Seth,2351,Bharatiya Janata Party,Uttar Pradesh,,,,high,sansad.in,
Tiruchi Siva,Rajya Sabha,,7,Shri Tiruchi Siva,177,Dravida Munnetra Kazhagam,Tamil Nadu,,,,high,sansad.in,
Rahul Ramesh Shewale,Lok Sabha,"16,17",7,Shri Rahul Ramesh Shewale,4903,Shiv Sena,Maharashtra,Mumbai South Central,"16,17",yes,high,sansad.in,
Ashok Bajpai,Rajya Sabha,,7,Dr. Ashok Bajpai,2398,Bharatiya Janata Party,Uttar Pradesh,,,,high,sansad.in,
Ranjanben Dhananjay Bhatt,Lok Sabha,17,7,Ranjanben Dhananjay Bhatt,4927,Bharatiya Janata Party,Gujarat,Vadodara,"16,17",yes,high,sansad.in,
Jayadev Galla,Lok Sabha,"16,17",7,Jayadev Galla,4770,Telugu Desam Party,Andhra Pradesh,Guntur,"16,17",yes,high,sansad.in,
Ramdas Chandrabhanji Tadas,Lok Sabha,"16,17",7,Ramdas Chandrabhanji Tadas,4911,Bharatiya Janata Party,Maharashtra,Wardha,"16,17",yes,high,sansad.in,
K. R. Arjunan,Rajya Sabha,,7,Shri K. R. Arjunan,2242,All India Anna Dravida Munnetra Kazhagam,Tamil Nadu,,,,high,sansad.in,
P.R. Sundaram,Lok Sabha,16,7,P.R. Sundaram,4905,All India Anna Dravida Munnetra Kazhagam,Tamil Nadu,Namakkal,16,yes,high,sansad.in,
Anubhav Mohanty,Rajya Sabha,,7,Shri Anubhav Mohanty,2284,Biju Janata Dal,Odisha,,,,high,sansad.in,
Kanwar Deep Singh,Rajya Sabha,,7,Dr. Kanwar Deep Singh,2171,All India Trinamool Congress,West Bengal,,,,high,sansad.in,
P C Mohan,Lok Sabha,"16,18",6,P C Mohan,4321,Bharatiya Janata Party,Karnataka,Bangalore Central,"15,16,17,18",yes,high,sansad.in,
Amol Ramsing Kolhe,Lok Sabha,"17,18",6,Amol Ramsing Kolhe,5185,Nationalist Congress Party - Sharadchandra Pawar,Maharashtra,Shirur,"17,18",yes,high,sansad.in,
Bhola Singh,Lok Sabha,"17,18",6,Bhola Singh,4605,Bharatiya Janata Party,Uttar Pradesh,Bulandshahr,"16,17,18",yes,high,sansad.in,
Shrikant Eknath Shinde,Lok Sabha,"16,18",6,Shrikant Eknath Shinde,4659,Shiv Sena,Maharashtra,Kalyan,"16,17,18",yes,high,sansad.in,
Dhairyasheel Sambhajirao Mane,Lok Sabha,"17,18",6,Dhairyasheel Sambhajirao Mane,5187,Shiv Sena,Maharashtra,Hatkanangle,"17,18",yes,high,sansad.in,
Anto Antony,Lok Sabha,"16,17,18",6,Anto Antony,4571,Indian National Congress,Kerala,Pathanamthitta,"15,16,17,18",yes,high,sansad.in,
Vishnu Dayal Ram,Lok Sabha,"16,17,18",6,Vishnu Dayal Ram,4731,Bharatiya Janata Party,Jharkhand,Palamu,"16,17,18",yes,high,sansad.in,
Sanjeev Arora,Rajya Sabha,,6,Shri Sanjeev Arora,2519,Aam Aadmi Party,Punjab,,,,high,sansad.in,
Sanjay Raut,Rajya Sabha,,6,Shri Sanjay Raut,1945,Shiv Sena-Uddhav Balasaheb Thackeray,Maharashtra,,,,high,sansad.in,
P.P. Chaudhary,Lok Sabha,"16,17",6,P P Chaudhary,4597,Bharatiya Janata Party,Rajasthan,Pali,"16,17,18",yes,high,sansad.in,
Behanan Benny,Lok Sabha,17,6,Benny Behanan,5124,Indian National Congress,Kerala,Chalakudy,"17,18",yes,high,sansad.in,
Su Thirunavukkarasar,Lok Sabha,17,6,Su. Thirunavukkarasar,485,Indian National Congress,Tamil Nadu,Tiruchirappalli,"13,17",yes,high,sansad.in,
Vandana Chavan,Rajya Sabha,,6,Smt. Vandana Chavan,2210,Nationalist Congress Party,Maharashtra,,,,high,sansad.in,
Sumedhanand Saraswati,Lok Sabha,"16,17",6,Sumedhanand Saraswati,4709,Bharatiya Janata Party,Rajasthan,Sikar,"16,17",yes,high,sansad.in,
Nihal Chand Chauhan,Lok Sabha,"16,17",6,Nihal Chand Chauhan,95,Bharatiya Janata Party,Rajasthan,Ganganagar,"11,13,14,16,17",yes,high,sansad.in,
Chandra Prakash Joshi,Lok Sabha,"16,17",6,Chandra Prakash Joshi,4671,Bharatiya Janata Party,Rajasthan,Chittorgarh,"16,17,18",yes,high,sansad.in,
Rodmal Nagar,Lok Sabha,"16,17",6,Rodmal Nagar,4702,Bharatiya Janata Party,Madhya Pradesh,Rajgarh,"16,17,18",yes,high,sansad.in,
A. Vijayakumar,Rajya Sabha,,6,Shri A. Vijayakumar,2335,All India Anna Dravida Munnetra Kazhagam,Tamil Nadu,,,,high,sansad.in,
A. K. Selvaraj,Rajya Sabha,,6,Shri A. K. Selvaraj,2256,All India Anna Dravida Munnetra Kazhagam,Tamil Nadu,,,,high,sansad.in,
Bhartruhari Mahtab,Lok Sabha,"16,17",6,Bhartruhari Mahtab,225,Bharatiya Janata Party,Odisha,Cuttack,"12,13,14,15,16,17,18",yes,high,sansad.in,
Ram Kumar Kashyap,Rajya Sabha,,6,Shri Ram Kumar Kashyap,2277,Bharatiya Janata Party,Haryana,,,,high,sansad.in,
G. Hari,Lok Sabha,16,6,G. Hari,4869,All India Anna Dravida Munnetra Kazhagam,Tamil Nadu,Arakkonam,16,yes,high,sansad.in,
Sanjay Shamrao Dhotre,Lok Sabha,16,6,Sanjay Shamrao Dhotre,3992,Bharatiya Janata Party,Maharashtra,Akola,"14,15,16,17",yes,high,sansad.in,
Dushyant Chautala,Lok Sabha,16,6,Dushyant Chautala,4624,Indian National Lok Dal,Haryana,Hisar,16,yes,high,sansad.in,
R. Lakshmanan,Rajya Sabha,,6,Dr. R. Lakshmanan,2243,All India Anna Dravida Munnetra Kazhagam,Tamil Nadu,,,,high,sansad.in,
Anurag Singh Thakur,Lok Sabha,16,6,Anurag Singh Thakur,4249,Bharatiya Janata Party,Himachal Pradesh,Hamirpur,"14,15,16,17,18",yes,high,sansad.in,
Jayakumar Jayavardhan,Lok Sabha,16,6,Jayakumar Jayavardhan,4873,All India Anna Dravida Munnetra Kazhagam,Tamil Nadu,Chennai South,16,yes,high,sansad.in,
Kirron Kher,Lok Sabha,16,6,Kirron Kher,4775,Bharatiya Janata Party,Chandigarh,Chandigarh,"16,17",yes,high,sansad.in,
Baishnab Parida,Rajya Sabha,,6,Shri Baishnab Parida,2153,Biju Janata Dal,Odisha,,,,high,sansad.in,
Giridhari Yadav,Lok Sabha,"17,18",5,Giridhari Yadav,3830,Janata Dal (United),Bihar,Banka,"11,14,17,18",yes,high,sansad.in,
Chavan Ravindra Vasantrao,Lok Sabha,18,5,Chavan Ravindra Vasantrao,5835,Indian National Congress,Maharashtra,Nanded,18,yes,high,sansad.in,
A. D. Singh,Rajya Sabha,,5,Shri A. D. Singh,2458,Rashtriya Janata Dal,Bihar,,,,high,sansad.in,
Jaggesh,Rajya Sabha,,5,Shri Jaggesh,2538,Bharatiya Janata Party,Karnataka,,,,high,sansad.in,
K C Venugopal,Lok Sabha,"16,18",5,K C Venugopal,4567,Indian National Congress,Kerala,Alappuzha,"15,16,18",yes,high,sansad.in,
Kalyan Banerjee,Lok Sabha,"16,17,18",5,Kalyan Banerjee,4498,All India Trinamool Congress,West Bengal,Sreerampur,"15,16,17,18",yes,high,sansad.in,
Fauzia Khan,Rajya Sabha,,5,Dr. Fauzia Khan,2441,Nationalist Congress Party-SHARADCHANDRA PAWAR,Maharashtra,,,,high,sansad.in,
Kirti (jha) Azad,Lok Sabha,"16,18",5,Azad Kirti Jha,25,All India Trinamool Congress,West Bengal,Bardhaman-Durgapur,"13,15,16,18",yes,medium,sansad.in,
Rajesh Verma,Lok Sabha,"16,17,18",5,Rajesh Verma,510,Bharatiya Janata Party,Uttar Pradesh,Sitapur,"13,14,16,17",yes,medium,sansad.in,
Gaurav Gogoi,Lok Sabha,"16,17,18",5,Gaurav Gogoi,4788,Indian National Congress,Assam,Jorhat,"16,17,18",yes,high,sansad.in,
E. T. Mohammed Basheer,Lok Sabha,"16,17,18",5,E T Mohammed Basheer,4561,Indian Union Muslim League,Kerala,Malappuram,"15,16,17,18",yes,high,sansad.in,
Raghu Ramakrishna Raju Kanumuru,Lok Sabha,17,5,Raghu Ramakrishna Raju Kanumuru,5097,Yuvajana Sramika Rythu Congress Party,Andhra Pradesh,Narsapuram,17,yes,high,sansad.in,
Vinayak Bhaurao Raut,Lok Sabha,"16,17",5,Vinayak Bhaurao Raut,4765,Shiv Sena,Maharashtra,Ratnagiri-Sindhudurg,"16,17",yes,high,sansad.in,
Sanjay Haribhau Jadhav,Lok Sabha,"16,17",5,Sanjay Haribhau Jadhav,4735,Shiv Sena (Uddhav Balasaheb Thackrey),Maharashtra,Parbhani,"16,17,18",yes,high,sansad.in,
Sanjay Sadashivrao Mandlik,Lok Sabha,17,5,Sanjay Sadashivrao Mandlik,5192,Shiv Sena,Maharashtra,Kolhapur,17,yes,high,sansad.in,
Kaushalendra Kumar,Lok Sabha,"16,17",5,Kaushalendra Kumar,4467,Janata Dal (United),Bihar,Nalanda,"15,16,17,18",yes,high,sansad.in,
Poonam Mahajan,Lok Sabha,"16,17",5,Poonam Pramod Mahajan,4660,Bharatiya Janata Party,Maharashtra,Mumbai North Central,"16,17",yes,medium,sansad.in,
Hemant Tukaram Godse,Lok Sabha,"16,17",5,Hemant Tukaram Godse,4682,Shiv Sena,Maharashtra,Nashik,"16,17",yes,high,sansad.in,
Manne Srinivas Reddy,Lok Sabha,17,5,Srinivas Reddy Manne,5078,Telangana Rashtra Samithi,Telangana,Mahbubnagar,17,yes,high,sansad.in,
Vellalath Kochukrishnan NAIR. Sreekandan,Lok Sabha,17,5,V K Sreekandan,5128,Indian National Congress,Kerala,Palakkad,"17,18",yes,medium,sansad.in,
Shivkumar Chanabasappa Udasi,Lok Sabha,"16,17",5,Shivkumar Chanabasappa Udasi,4340,Bharatiya Janata Party,Karnataka,Haveri,"15,16,17",yes,high,sansad.in,
Uday Pratap Singh,Lok Sabha,"16,17",5,Uday Pratap Singh,4516,Bharatiya Janata Party,Madhya Pradesh,Hoshangabad,"15,16,17",yes,high,sansad.in,
Dileshwar Kamait,Lok Sabha,17,5,Dileshwar Kamait,5222,Janata Dal (United),Bihar,Supaul,"17,18",yes,high,sansad.in,
Ravneet Singh,Lok Sabha,"16,17",5,Ravneet Singh,4429,Indian National Congress,Punjab,Ludhiana,"15,16,17",yes,high,sansad.in,
Anil Desai,Rajya Sabha,,5,Shri Anil Desai,2212,Shiv Sena,Maharashtra,,,,high,sansad.in,
Lal Sinh Vadodia,Rajya Sabha,,5,Shri Lal Sinh Vadodia,2274,Bharatiya Janata Party,Gujarat,,,,high,sansad.in,
Vijila Sathyananth,Rajya Sabha,,5,Smt. Vijila Sathyananth,2258,All India Anna Dravida Munnetra Kazhagam,Tamil Nadu,,,,high,sansad.in,
C.M. Ramesh,Rajya Sabha,,5,Dr. C.M. Ramesh,2202,Bharatiya Janata Party,Andhra Pradesh,,,,high,sansad.in,
Ajay (teni) Misra,Lok Sabha,16,5,Ajay (Teni) Misra,4696,Bharatiya Janata Party,Uttar Pradesh,Kheri,"16,17",yes,high,sansad.in,
Selja,Rajya Sabha,,5,Kumari Selja,2276,Indian National Congress,Haryana,,,,high,sansad.in,
T. Radhakrishnan,Lok Sabha,16,5,T. Radhakrishnan,4892,All India Anna Dravida Munnetra Kazhagam,Tamil Nadu,Virudhunagar,16,yes,high,sansad.in,
Kunwar Haribansh Singh,Lok Sabha,16,5,Kunwar Haribansh Singh,4644,Apna Dal,Uttar Pradesh,Pratapgarh,16,yes,high,sansad.in,
T.G. Venkatesh Babu,Lok Sabha,16,5,T.G. Venkatesh Babu,4916,All India Anna Dravida Munnetra Kazhagam,Tamil Nadu,Chennai North,16,yes,high,sansad.in,
Vasanthi M.,Lok Sabha,16,5,Vasanthi M.,4839,All India Anna Dravida Munnetra Kazhagam,Tamil Nadu,Tenkasi,16,yes,high,sansad.in,
M. I. Shanavas,Lok Sabha,16,5,M. I. Shanavas,4559,Indian National Congress,Kerala,Wayanad,"15,16",yes,high,sansad.in,
Rangaswamy Dhruvanarayana,Lok Sabha,16,5,R. Dhruvanarayana,4342,Indian National Congress,Karnataka,Chamarajanagar,"15,16",yes,medium,sansad.in,
Swati Maliwal,Rajya Sabha,,4,Ms. Swati Maliwal,2582,Bharatiya Janata Party,National Capital Territory of Delhi,,,,high,sansad.in,
Adoor Prakash,Lok Sabha,"17,18",4,Adoor Prakash,5123,Indian National Congress,Kerala,Attingal,"17,18",yes,high,sansad.in,
Sanjay Dina Patil,Lok Sabha,18,4,Sanjay Dina Patil,4393,Shiv Sena (Uddhav Balasaheb Thackrey),Maharashtra,Mumbai North East,"15,18",yes,high,sansad.in,
Bhaskar Murlidhar Bhagare,Lok Sabha,18,4,Bhaskar Murlidhar Bhagare,5741,Nationalist Congress Party - Sharadchandra Pawar,Maharashtra,Dindori,18,yes,high,sansad.in,
Krishna Prasad Tenneti,Lok Sabha,18,4,Krishna Prasad Tenneti,5680,Telugu Desam Party,Andhra Pradesh,Bapatla,18,yes,high,sansad.in,
Janardan Singh Sigriwal,Lok Sabha,"16,18",4,Janardan Singh Sigriwal,4638,Bharatiya Janata Party,Bihar,Maharajganj,"16,17,18",yes,high,sansad.in,
Mansukhbhai Dhanjibhai Vasava,Lok Sabha,"16,17,18",4,Mansukhbhai Dhanjibhai Vasava,501,Bharatiya Janata Party,Gujarat,Bharuch,"12,13,14,15,16,17,18",yes,high,sansad.in,
Iqra Choudhary,Lok Sabha,18,4,Iqra Choudhary,5795,Samajwadi Party,Uttar Pradesh,Kairana,18,yes,high,sansad.in,
Bhubaneswar Kalita,Rajya Sabha,,4,Shri Bhubaneswar Kalita,1034,Bharatiya Janata Party,Assam,,,,high,sansad.in,
L.S. Tejasvi Surya,Lok Sabha,"17,18",4,Tejasvi Surya,5182,Bharatiya Janata Party,Karnataka,Bangalore South,"17,18",yes,high,sansad.in (search API),
Rajiv Pratap Rudy,Lok Sabha,"16,17,18",4,Rajiv Pratap Rudy,385,Bharatiya Janata Party,Bihar,Saran,"11,13,16,17,18",yes,high,sansad.in,
Parimal Nathwani,Rajya Sabha,,4,Shri Nathwani Parimal,2081,Independent & Others,Jharkhand,,,,high,sansad.in,
Jose K. Mani,Rajya Sabha,,4,Shri Jose K. Mani,2416,Kerala Congress (M),Kerala,,,,high,sansad.in,
Vaiko,Rajya Sabha,,4,Shri Vaiko,728,Marumalarchi Dravida Munetra Kazhagam,Tamil Nadu,,,,high,sansad.in,
Arvind Ganpat Sawant,Lok Sabha,"16,17",4,Arvind Ganpat Sawant,4713,Shiv Sena (Uddhav Balasaheb Thackrey),Maharashtra,Mumbai South,"16,17,18",yes,high,sansad.in,
Vinod Kumar Sonkar,Lok Sabha,17,4,Vinod Kumar Sonkar,4623,Bharatiya Janata Party,Uttar Pradesh,Kaushambi,"16,17",yes,high,sansad.in,
G.C. Chandrashekhar,Rajya Sabha,,4,Shri G.C. Chandrashekhar,2384,Indian National Congress,Karnataka,,,,high,sansad.in,
Komati Reddy Venkat Reddy,Lok Sabha,17,4,Komati Reddy Venkat Reddy,5074,Indian National Congress,Telangana,Bhongir,17,yes,high,sansad.in,
Kunwar Pushpendra Singh Chandel,Lok Sabha,"16,17",4,Pushpendra Singh Chandel,4665,Bharatiya Janata Party,Uttar Pradesh,Hamirpur,"16,17",yes,high,sansad.in,
Lt.gen. (DR.) D. P. Vats (retd.),Rajya Sabha,,4,Lt.Gen. (Dr.) D. P. Vats (Retd.),2383,Bharatiya Janata Party,Haryana,,,,high,sansad.in,
Geeta Alias Chandraprabha,Rajya Sabha,,4,Smt. Geeta alias Chandraprabha,2487,Bharatiya Janata Party,Uttar Pradesh,,,,high,sansad.in,
Rakesh Sinha,Rajya Sabha,,4,Shri Rakesh Sinha,2419,Bharatiya Janata Party,Nominated,,,,high,sansad.in,
Arjunlal Meena,Lok Sabha,"16,17",4,Arjunlal Meena,4755,Bharatiya Janata Party,Rajasthan,Udaipur,"16,17",yes,high,sansad.in,
Sanganna Amarappa Karadi,Lok Sabha,"16,17",4,Sanganna Amarappa Karadi,4744,Bharatiya Janata Party,Karnataka,Koppal,"16,17",yes,high,sansad.in,
Sangamlal Kadedin Gupta,Lok Sabha,17,4,Sangamlal Kadedin Gupta,5158,Bharatiya Janata Party,Uttar Pradesh,Pratapgarh,17,yes,high,sansad.in,
Ravindra Kushawaha,Lok Sabha,17,4,Ravindra Kushawaha,4879,Bharatiya Janata Party,Uttar Pradesh,Salempur,"16,17",yes,high,sansad.in,
S. Muniswamy,Lok Sabha,17,4,S. Muniswamy,5179,Bharatiya Janata Party,Karnataka,Kolar,17,yes,high,sansad.in,
Ramya Haridas,Lok Sabha,17,4,Ramya Haridas,5122,Indian National Congress,Kerala,Alathur,17,yes,high,sansad.in,
Rakesh Singh,Lok Sabha,"16,17",4,Rakesh Singh,3987,Bharatiya Janata Party,Madhya Pradesh,Jabalpur,"14,15,16,17",yes,high,sansad.in,
Hibi Eden,Lok Sabha,17,4,Hibi Eden,5125,Indian National Congress,Kerala,Ernakulam,"17,18",yes,high,sansad.in,
Darshana Vikram Jardosh,Lok Sabha,"16,17",4,Darshana Vikram Jardosh,4451,Bharatiya Janata Party,Gujarat,Surat,"15,16,17",yes,high,sansad.in,
S.R. Parthiban,Lok Sabha,17,4,S.R. Parthiban,4976,Dravida Munnetra Kazhagam,Tamil Nadu,Salem,17,yes,high,sansad.in,
M.V. Rajeev Gowda,Rajya Sabha,,4,Prof. M.V. Rajeev Gowda,2292,Indian National Congress,Karnataka,,,,high,sansad.in,
K.C. Ramamurthy,Rajya Sabha,,4,Shri K.C. Ramamurthy,2339,Bharatiya Janata Party,Karnataka,,,,high,sansad.in,
Banda Prakash,Rajya Sabha,,4,Dr. Banda Prakash,2393,Telangana Rashtra Samithi,Telangana,,,,high,sansad.in,
Partap Singh Bajwa,Rajya Sabha,,4,Shri Partap Singh Bajwa,2317,Indian National Congress,Punjab,,,,high,sansad.in,
Prabhat Jha,Rajya Sabha,,4,Shri Prabhat Jha,2082,Bharatiya Janata Party,Madhya Pradesh,,,,high,sansad.in,
M.P. Veerendra Kumar,Rajya Sabha,,4,Shri M.P. Veerendra Kumar,2314,Independent & Others,Kerala,,,,high,sansad.in,
Ambika Soni,Rajya Sabha,,4,Smt. Ambika Soni,83,Indian National Congress,Punjab,,,,high,sansad.in,
Narayan Lal Panchariya,Rajya Sabha,,4,Shri Narayan Lal Panchariya,2283,Bharatiya Janata Party,Rajasthan,,,,high,sansad.in,
N. Gokulakrishnan,Rajya Sabha,,4,Shri N. Gokulakrishnan,2310,All India Anna Dravida Munnetra Kazhagam,Puducherry,,,,high,sansad.in,
T. Subbarami Reddy,Rajya Sabha,,4,Dr. T. Subbarami Reddy,1872,Indian National Congress,Andhra Pradesh,,,,high,sansad.in,
Kirit Somaiya,Lok Sabha,16,4,Dr. Kirit Somaiya,467,Bharatiya Janata Party,Maharashtra,Mumbai North East,"13,16",yes,high,sansad.in,
Ashok Shankarrao Chavan,Lok Sabha,16,4,Ashok Shankarrao Chavan,2999,Indian National Congress,Maharashtra,Nanded,"8,16",yes,high,sansad.in,
Vijay Kumar S.R.,Lok Sabha,16,4,Vijayakumar S.R.,4830,All India Anna Dravida Munnetra Kazhagam,Tamil Nadu,Chennai Central,16,yes,medium,sansad.in,
Sriram Malyadri,Lok Sabha,16,4,Sriram Malyadri,4769,Telugu Desam Party,Andhra Pradesh,Bapatla,16,yes,high,sansad.in,
Neelam Sonker,Lok Sabha,16,4,Neelam Sonker,4621,Bharatiya Janata Party,Uttar Pradesh,Lalganj,16,yes,high,sansad.in,
Jitendra Chaudhury,Lok Sabha,16,4,Jitendra Chaudhury,4826,Communist Party of India (Marxist),Tripura,Tripura East,16,yes,high,sansad.in,
Banshilal Mahto,Lok Sabha,16,4,Banshilal Mahto,4882,Bharatiya Janata Party,Chhattisgarh,Korba,16,yes,high,sansad.in,
Viplove Thakur,Rajya Sabha,,4,Smt. Viplove Thakur,2009,Indian National Congress,Himachal Pradesh,,,,high,sansad.in,
Sankar Prasad Datta,Lok Sabha,16,4,Sankar Prasad Datta,4822,Communist Party of India (Marxist),Tripura,Tripura West,16,yes,high,sansad.in,
K. Gopal,Lok Sabha,16,4,K. Gopal,4829,All India Anna Dravida Munnetra Kazhagam,Tamil Nadu,Nagapattinam,16,yes,high,sansad.in,
Rajkumar Dhoot,Rajya Sabha,,4,Shri Rajkumar Dhoot,1857,Shiv Sena,Maharashtra,,,,high,sansad.in,
Devender Goud T.,Rajya Sabha,,4,Shri Devender Goud T.,2200,Telugu Desam Party,Andhra Pradesh,,,,high,sansad.in,
Gopalakrishnan Chinnaraj,Lok Sabha,16,4,Gopalakrishnan Chinnaraj,4860,All India Anna Dravida Munnetra Kazhagam,Tamil Nadu,Nilgiris,16,yes,high,sansad.in,
R. Vanaroja,Lok Sabha,16,4,R. Vanaroja,4913,All India Anna Dravida Munnetra Kazhagam,Tamil Nadu,Tiruvannamalai,16,yes,high,sansad.in,
Ritabrata Banerjee,Rajya Sabha,,4,Shri Ritabrata Banerjee,2263,All India Trinamool Congress,West Bengal,,,,high,sansad.in,
A. Arunmozhithevan,Lok Sabha,16,4,A. Arunmozhithevan,4849,All India Anna Dravida Munnetra Kazhagam,Tamil Nadu,Cuddalore,16,yes,high,sansad.in,
Bheemrao Baswanthrao Patil,Lok Sabha,16,4,Bheemrao Baswanthrao Patil,4756,Telangana Rashtra Samithi,Telangana,Zahirabad,"16,17",yes,high,sansad.in,
Balasubramaniam Senguttuvan,Lok Sabha,16,4,B. Senguttuvan,4902,All India Anna Dravida Munnetra Kazhagam,Tamil Nadu,Vellore,16,yes,medium,sansad.in,
Ninong Ering,Lok Sabha,16,4,Ninong Ering,4367,Indian National Congress,Arunachal Pradesh,Arunachal East,"15,16",yes,high,sansad.in,
K.P. Ramalingam,Rajya Sabha,,4,Dr. K.P. Ramalingam,2149,Dravida Munnetra Kazhagam,Tamil Nadu,,,,high,sansad.in,
Shafi Parambil,Lok Sabha,18,3,Shafi Parambil,5698,Indian National Congress,Kerala,Vadakara,18,yes,high,sansad.in,
K.R.N. Rajeshkumar,Rajya Sabha,,3,Shri K.R.N. Rajeshkumar,2506,Dravida Munnetra Kazhagam,Tamil Nadu,,,,high,sansad.in,
Poonamben Hematbhai Maadam,Lok Sabha,"17,18",3,Poonamben Hematbhai Maadam,4751,Bharatiya Janata Party,Gujarat,Jamnagar,"16,17,18",yes,high,sansad.in,
Shaktisinh Gohil,Rajya Sabha,,3,Shri Shaktisinh Gohil,2470,Indian National Congress,Gujarat,,,,high,sansad.in,
Tangella Uday Srinivas,Lok Sabha,18,3,Tangella Uday Srinivas,5676,Janasena Party,Andhra Pradesh,Kakinada,18,yes,high,sansad.in,
Mohite Patil Dhairyasheel Rajsinh,Lok Sabha,18,3,Mohite Patil Dhairyasheel Rajsinh,5649,Nationalist Congress Party - Sharadchandra Pawar,Maharashtra,Madha,18,yes,high,sansad.in,
Pratap Chandra Sarangi,Lok Sabha,"17,18",3,Pratap Chandra Sarangi,4985,Bharatiya Janata Party,Odisha,Balasore,"17,18",yes,high,sansad.in,
Varsha Eknath Gaikwad,Lok Sabha,18,3,Varsha Eknath Gaikwad,5754,Indian National Congress,Maharashtra,Mumbai North Central,18,yes,high,sansad.in,
Ravi Chandra Vaddiraju,Rajya Sabha,,3,Shri Ravi Chandra Vaddiraju,2524,Bharat Rashtra Samithi,Telangana,,,,high,sansad.in,
Daggumalla Prasada Rao,Lok Sabha,18,3,Daggumalla Prasada Rao,5670,Telugu Desam Party,Andhra Pradesh,Chittoor,18,yes,high,sansad.in,
Ravindra Dattaram Waikar,Lok Sabha,18,3,Ravindra Dattaram Waikar,5701,Shiv Sena,Maharashtra,Mumbai North West,18,yes,high,sansad.in,
Naresh Ganpat Mhaske,Lok Sabha,18,3,Naresh Ganpat Mhaske,5693,Shiv Sena,Maharashtra,Thane,18,yes,high,sansad.in,
Akhilesh Prasad Singh,Rajya Sabha,,3,Shri Akhilesh Prasad Singh,2377,Indian National Congress,Bihar,,,,high,sansad.in,
Maddila Gurumoorthy,Lok Sabha,"17,18",3,Maddila Gurumoorthy,5534,Yuvajana Sramika Rythu Congress Party,Andhra Pradesh,Tirupati,"17,18",yes,high,sansad.in,
Dharambir Singh,Lok Sabha,"17,18",3,Dharambir Singh,4647,Bharatiya Janata Party,Haryana,Bhiwani-Mahendragarh,"16,17,18",yes,high,sansad.in,
Narain Dass Gupta,Rajya Sabha,,3,Shri Narain Dass Gupta,2374,Aam Aadmi Party,National Capital Territory of Delhi,,,,high,sansad.in,
Putta Mahesh Kumar,Lok Sabha,18,3,Putta Mahesh Kumar,5726,Telugu Desam Party,Andhra Pradesh,Eluru,18,yes,high,sansad.in,
Arvind Dharmapuri,Lok Sabha,"17,18",3,Arvind Dharmapuri,5082,Bharatiya Janata Party,Telangana,Nizamabad,"17,18",yes,high,sansad.in,
Sikander Kumar,Rajya Sabha,,3,Dr. Sikander Kumar,2512,Bharatiya Janata Party,Himachal Pradesh,,,,high,sansad.in,
Dhairyashil Mohan Patil,Rajya Sabha,,3,Shri Dhairyashil Mohan Patil,2637,Bharatiya Janata Party,Maharashtra,,,,high,sansad.in,
Raghav Chadha,Rajya Sabha,,3,Shri Raghav Chadha,2522,Bharatiya Janata Party,Punjab,,,,high,sansad.in,
Ayodhya Rami Reddy Alla,Rajya Sabha,,3,Shri Ayodhya Rami Reddy Alla,2465,Yuvajana Sramika Rythu Congress Party,Andhra Pradesh,,,,high,sansad.in,
Sasmit Patra,Rajya Sabha,,3,Dr. Sasmit Patra,2423,Biju Janata Dal,Odisha,,,,high,sansad.in,
Dean Kuriakose,Lok Sabha,"17,18",3,Dean Kuriakose,5126,Indian National Congress,Kerala,Idukki,"17,18",yes,high,sansad.in,
Mukul Balkrishna Wasnik,Rajya Sabha,,3,Shri Mukul Wasnik,2549,Indian National Congress,Rajasthan,,,,medium,sansad.in,
Sajda Ahmed,Lok Sabha,"17,18",3,Sajda Ahmed,4944,All India Trinamool Congress,West Bengal,Uluberia,"16,17,18",yes,high,sansad.in,
S. Selvaganabathy,Rajya Sabha,,3,Shri S. Selvaganabathy,2508,Bharatiya Janata Party,Puducherry,,,,high,sansad.in,
Dhanush M Kumar,Lok Sabha,17,3,Dhanush M Kumar,4958,Dravida Munnetra Kazhagam,Tamil Nadu,Tenkasi,17,yes,high,sansad.in,
Ganesan Selvam,Lok Sabha,17,3,Selvam G,4963,Dravida Munnetra Kazhagam,Tamil Nadu,Kancheepuram,"17,18",yes,medium,sansad.in,
Srinivas Kesineni,Lok Sabha,"16,17",3,Srinivas Kesineni,4701,Telugu Desam Party,Andhra Pradesh,Vijayawada,"16,17",yes,high,sansad.in,
Subhash Ramrao Bhamre,Lok Sabha,"16,17",3,Subhash Ramrao Bhamre,4678,Bharatiya Janata Party,Maharashtra,Dhule,"16,17",yes,high,sansad.in,
Dnv Senthilkumar. S.,Lok Sabha,17,3,Dr. DNV Senthilkumar S,4968,Dravida Munnetra Kazhagam,Tamil Nadu,Dharmapuri,17,yes,high,sansad.in,
C.N. Annadurai,Lok Sabha,17,3,C N Annadurai,4969,Dravida Munnetra Kazhagam,Tamil Nadu,Tiruvannamalai,"17,18",yes,high,sansad.in,
Pashupati Nath Singh,Lok Sabha,"16,17",3,Pashupati Nath Singh,4326,Bharatiya Janata Party,Jharkhand,Dhanbad,"15,16,17",yes,high,sansad.in,
Chandra Sekhar Sahu,Lok Sabha,17,3,Chandra Sekhar Sahu,4056,Biju Janata Dal,Odisha,Berhampur,"14,17",yes,high,sansad.in,
Pritam Gopinath Munde,Lok Sabha,"16,17",3,Pritam Gopinath Rao Munde,4928,Bharatiya Janata Party,Maharashtra,Beed,"16,17",yes,medium,sansad.in,
Gopal Chinayya Shetty,Lok Sabha,"16,17",3,Gopal Chinayya Shetty,4661,Bharatiya Janata Party,Maharashtra,Mumbai North,"16,17",yes,high,sansad.in,
Rajmani Patel,Rajya Sabha,,3,Shri Rajmani Patel,2389,Indian National Congress,Madhya Pradesh,,,,high,sansad.in,
Sisir Kumar Adhikari,Lok Sabha,17,3,Sisir Kumar Adhikari,4502,All India Trinamool Congress,West Bengal,Kanthi,"15,16,17",yes,high,sansad.in,
Rajeshbhai Naranbhai Chudasama,Lok Sabha,"16,17",3,Rajesh Naranbhai Chudasama,4865,Bharatiya Janata Party,Gujarat,Junagadh,"16,17,18",yes,high,sansad.in,
P.R. Natarajan,Lok Sabha,17,3,P.R. Natarajan,4543,Communist Party of India (Marxist),Tamil Nadu,Coimbatore,"15,17",yes,high,sansad.in,
Rama Devi,Lok Sabha,17,3,Rama Devi,3901,Bharatiya Janata Party,Bihar,Sheohar,"12,15,16,17",yes,high,sansad.in,
Dhal Singh Bisen,Lok Sabha,17,3,Dhal Singh Bisen,5056,Bharatiya Janata Party,Madhya Pradesh,Balaghat,17,yes,high,sansad.in,
Malook Nagar,Lok Sabha,17,3,Malook Nagar,5139,Bahujan Samaj Party,Uttar Pradesh,Bijnor,17,yes,high,sansad.in,
Sunil Kumar Singh,Lok Sabha,"16,17",3,Sunil Kumar Singh,4750,Bharatiya Janata Party,Jharkhand,Chatra,"16,17",yes,high,sansad.in,
Andimuthu Raja,Lok Sabha,17,3,Raja A,344,Dravida Munnetra Kazhagam,Tamil Nadu,Nilgiris,"11,13,14,15,17,18",yes,medium,sansad.in,
A. Ganeshamurthi,Lok Sabha,17,3,A. Ganeshamurthi,3857,Dravida Munnetra Kazhagam,Tamil Nadu,Erode,"12,15,17",yes,high,sansad.in,
Raja Amareshwara Naik,Lok Sabha,17,3,Raja Amareshwara Naik,5181,Bharatiya Janata Party,Karnataka,Raichur,17,yes,high,sansad.in,
Sukanta Majumdar,Lok Sabha,17,3,Sukanta Majumdar,5035,Bharatiya Janata Party,West Bengal,Balurghat,"17,18",yes,high,sansad.in,
Diya Kumari,Lok Sabha,17,3,Diya Kumari,5209,Bharatiya Janata Party,Rajasthan,Rajsamand,17,yes,high,sansad.in,
Sunita Duggal,Lok Sabha,17,3,Sunita Duggal,5031,Bharatiya Janata Party,Haryana,Sirsa,17,yes,high,sansad.in,
Ramesh Bidhuri,Lok Sabha,"16,17",3,Ramesh Bidhuri,4854,Bharatiya Janata Party,NCT of Delhi,South Delhi,"16,17",yes,high,sansad.in,
Ramapati Ram Tripathi,Lok Sabha,17,3,Ramapati Ram Tripathi,5140,Bharatiya Janata Party,Uttar Pradesh,Deoria,17,yes,high,sansad.in,
Kotha Prabhakar Reddy,Lok Sabha,"16,17",3,Kotha Prabhakar Reddy,4926,Telangana Rashtra Samithi,Telangana,Medak,"16,17",yes,high,sansad.in,
Anurag Sharma,Lok Sabha,17,3,Anurag Sharma,5148,Bharatiya Janata Party,Uttar Pradesh,Jhansi,"17,18",yes,high,sansad.in,
Ravi Kishan Shukla,Lok Sabha,17,3,Ravindra Shukla Alias Ravi Kishan,5144,Bharatiya Janata Party,Uttar Pradesh,Gorakhpur,"17,18",yes,medium,sansad.in,
Anil Agrawal,Rajya Sabha,,3,Dr. Anil Agrawal,2396,Bharatiya Janata Party,Uttar Pradesh,,,,high,sansad.in,
Vijay Pal Singh Tomar,Rajya Sabha,,3,Shri Vijay Pal Singh Tomar,2401,Bharatiya Janata Party,Uttar Pradesh,,,,high,sansad.in,
Mahesh Poddar,Rajya Sabha,,3,Shri Mahesh Poddar,2358,Bharatiya Janata Party,Jharkhand,,,,high,sansad.in,
Harshvardhan Singh Dungarpur,Rajya Sabha,,3,Shri Harshvardhan Singh Dungarpur,2346,Bharatiya Janata Party,Rajasthan,,,,high,sansad.in,
Rajendra Agrawal,Lok Sabha,"16,17",3,Rajendra Agrawal,4267,Bharatiya Janata Party,Uttar Pradesh,Meerut,"15,16,17",yes,high,sansad.in,
Geeta Kora,Lok Sabha,17,3,Geeta Kora,5118,Indian National Congress,Jharkhand,Singhbhum,17,yes,high,sansad.in,
A. Chellakumar,Lok Sabha,17,3,A. Chellakumar,4966,Indian National Congress,Tamil Nadu,Krishnagiri,17,yes,high,sansad.in,
M. Selvaraj,Lok Sabha,17,3,Muniyan Selvaraj,3409,Communist Party of India,Tamil Nadu,Nagapattinam,"9,11,12,17",yes,medium,sansad.in,
Kaushal Kishore,Lok Sabha,"16,17",3,Kaushal Kishore,4710,Bharatiya Janata Party,Uttar Pradesh,Mohanlalganj,"16,17",yes,high,sansad.in,
Vishambhar Prasad Nishad,Rajya Sabha,,3,Shri Vishambhar Prasad Nishad,2285,Samajwadi Party,Uttar Pradesh,,,,high,sansad.in,
D.K. Suresh,Lok Sabha,17,3,Doddalahalli Kempegowda Suresh,4585,Indian National Congress,Karnataka,Bangalore Rural,"15,16,17",yes,medium,sansad.in,
P. Bhattacharya,Rajya Sabha,,3,Shri P. Bhattacharya,2183,Indian National Congress,West Bengal,,,,high,sansad.in,
D. Kupendra Reddy,Rajya Sabha,,3,Shri D. Kupendra Reddy,2291,Janata Dal (Secular),Karnataka,,,,high,sansad.in,
Shobha Karandlaje,Lok Sabha,"16,17",3,Shobha Karandlaje,4616,Bharatiya Janata Party,Karnataka,Bangalore North,"16,17,18",yes,high,sansad.in,
Gowdar Mallikarjunappa Siddeshwara,Lok Sabha,"16,17",3,Gowdar Mallikarjunappa Siddeshwara,3977,Bharatiya Janata Party,Karnataka,Davanagere,"14,15,16,17",yes,high,sansad.in,
Jyotiraditya Madhavrao Scindia,Lok Sabha,16,3,Jyotiraditya M Scindia,3958,Bharatiya Janata Party,Madhya Pradesh,Guna,"13,14,15,16,18",yes,medium,sansad.in,
Rabindra Kumar Jena,Lok Sabha,16,3,Rabindra Kumar Jena,4795,Biju Janata Dal,Odisha,Balasore,16,yes,high,sansad.in,
Riti Pathak,Lok Sabha,16,3,Riti Pathak,4711,Bharatiya Janata Party,Madhya Pradesh,Sidhi,"16,17",yes,high,sansad.in,
Meenakashi Lekhi,Lok Sabha,16,3,Meenakashi Lekhi,4717,Bharatiya Janata Party,NCT of Delhi,New Delhi,"16,17",yes,high,sansad.in,
George Baker,Lok Sabha,16,3,George Baker,4931,Bharatiya Janata Party,West Bengal,Nominated Anglo-Indian,16,yes,high,sansad.in,
C. Mahendran,Lok Sabha,16,3,C. Mahendran,4842,All India Anna Dravida Munnetra Kazhagam,Tamil Nadu,Pollachi,16,yes,high,sansad.in,
Ravi Prakash Verma,Rajya Sabha,,3,Shri Ravi Prakash Verma,2300,Samajwadi Party,Uttar Pradesh,,,,high,sansad.in,
Anoop Mishra,Lok Sabha,16,3,Anoop Mishra,4637,Bharatiya Janata Party,Madhya Pradesh,Morena,16,yes,high,sansad.in,
Ram Tahal Choudhary,Lok Sabha,16,3,Ram Tahal Choudhary,78,Bharatiya Janata Party,Jharkhand,Ranchi,"10,11,12,13,16",yes,high,sansad.in,
K. Ashok Kumar,Lok Sabha,16,3,Ashok Kumar Dohrey,4697,Bharatiya Janata Party,Uttar Pradesh,Etawah,16,yes,medium,sansad.in,
Rayapati Sambasiva Rao,Lok Sabha,16,3,Rayapati Sambasiva Rao,3763,Telugu Desam Party,Andhra Pradesh,Narasaraopet,"11,12,14,15,16",yes,high,sansad.in,
R. Gopalakrishnan,Lok Sabha,16,3,R. Gopalakrishnan,4831,All India Anna Dravida Munnetra Kazhagam,Tamil Nadu,Madurai,16,yes,high,sansad.in,
Kirit Premjibhai Solanki,Lok Sabha,16,3,Kirit Premjibhai Solanki,4444,Bharatiya Janata Party,Gujarat,Ahmedabad West,"15,16,17",yes,high,sansad.in,
Maulana Badruddin Ajmal,Lok Sabha,16,3,Badruddin Ajmal,4436,All India United Democratic Front,Assam,Dhubri,"15,16,17",yes,high,sansad.in,
Naranbhai Kachhadia,Lok Sabha,16,3,Naranbhai Bhikhabhai Kachhadiya,4448,Bharatiya Janata Party,Gujarat,Amreli,"15,16,17",yes,high,sansad.in (search API),
Kristappa Nimmala,Lok Sabha,16,3,Kristappa Nimmala,4529,Telugu Desam Party,Andhra Pradesh,Hindupur,"15,16",yes,high,sansad.in,
Harishchandra Deoram Chavan,Lok Sabha,16,3,Harishchandra Deoram Chavan,3991,Bharatiya Janata Party,Maharashtra,Dindori,"14,15,16",yes,high,sansad.in,
Vivek Gupta,Rajya Sabha,,3,Shri Vivek Gupta,2197,All India Trinamool Congress,West Bengal,,,,high,sansad.in,
Raghav Lakhanpal,Lok Sabha,16,3,Raghav Lakhanpal,4785,Bharatiya Janata Party,Uttar Pradesh,Saharanpur,16,yes,high,sansad.in,
B. Sreeramulu,Lok Sabha,16,3,B. Sreeramulu,4762,Bharatiya Janata Party,Karnataka,Bellary,16,yes,high,sansad.in,
Vijay Jawaharlal Darda,Rajya Sabha,,3,Shri Vijay Jawaharlal Darda,155,Indian National Congress,Maharashtra,,,,high,sansad.in,
CH. Malla Reddy,Lok Sabha,16,3,Ch. Malla Reddy,4773,Telugu Desam Party,Telangana,Malkajgiri,16,yes,high,sansad.in,
V. Sivadasan,Rajya Sabha,,2,Dr. V. Sivadasan,2499,Communist Party of India (Marxist),Kerala,,,,high,sansad.in,
Masthan Rao Yadav Beedha,Rajya Sabha,,2,Shri Masthan Rao Yadav Beedha,2527,Telugu Desam Party,Andhra Pradesh,,,,high,sansad.in,
C. VE. Shanmugam,Rajya Sabha,,2,Shri C. Ve. Shanmugam,2536,All India Anna Dravida Munnetra Kazhagam,Tamil Nadu,,,,high,sansad.in,
Rajmohan Unnithan,Lok Sabha,"17,18",2,Rajmohan Unnithan,5127,Indian National Congress,Kerala,Kasaragod,"17,18",yes,high,sansad.in,
Brijendra Singh Ola,Lok Sabha,18,2,Brijendra Singh Ola,5720,Indian National Congress,Rajasthan,Jhunjhunu,18,yes,high,sansad.in,
Ajeet Madhavrao Gopchade,Rajya Sabha,,2,Dr. Ajeet Madhavrao Gopchade,2606,Bharatiya Janata Party,Maharashtra,,,,high,sansad.in,
S Niranjan Reddy,Rajya Sabha,,2,Shri S Niranjan Reddy,2526,Yuvajana Sramika Rythu Congress Party,Andhra Pradesh,,,,high,sansad.in,
Medha Vishram Kulkarni,Rajya Sabha,,2,Dr. Medha Vishram Kulkarni,2605,Bharatiya Janata Party,Maharashtra,,,,high,sansad.in,
Patel Umeshbhai Babubhai,Lok Sabha,18,2,Patel Umeshbhai Babubhai,5714,Independent,Dadra and Nagar Haveli and Daman and Diu,Daman and Diu,18,yes,high,sansad.in,
Chavda Vinod Lakhamshi,Lok Sabha,18,2,Chavda Vinod Lakhamshi,4741,Bharatiya Janata Party,Gujarat,Kachchh,"16,17,18",yes,high,sansad.in,
Kamaljeet Sehrawat,Lok Sabha,18,2,Kamaljeet Sehrawat,5565,Bharatiya Janata Party,NCT of Delhi,West Delhi,18,yes,high,sansad.in,
Sambit Patra,Lok Sabha,18,2,Sambit Patra,5599,Bharatiya Janata Party,Odisha,Puri,18,yes,high,sansad.in,
Bibhu Prasad Tarai,Lok Sabha,18,2,Bibhu Prasad Tarai,4423,Bharatiya Janata Party,Odisha,Jagatsinghpur,"15,18",yes,high,sansad.in,
K Sudhakar,Lok Sabha,18,2,K Sudhakar,5602,Bharatiya Janata Party,Karnataka,Chikkballapur,18,yes,high,sansad.in,
Mahima Kumari Mewar,Lok Sabha,18,2,Mahima Kumari Mewar,5683,Bharatiya Janata Party,Rajasthan,Rajsamand,18,yes,high,sansad.in,
Trivendra Singh Rawat,Lok Sabha,18,2,Trivendra Singh Rawat,5556,Bharatiya Janata Party,Uttarakhand,Hardwar,18,yes,high,sansad.in,
Chandra Prakash Choudhary,Lok Sabha,18,2,Chandra Prakash Choudhary,5115,AJSU Party,Jharkhand,Giridih,"17,18",yes,high,sansad.in,
Radha Mohan Das Agrawal,Rajya Sabha,,2,Dr. Radha Mohan Das Agrawal,2556,Bharatiya Janata Party,Uttar Pradesh,,,,high,sansad.in,
Sandeep Kumar Pathak,Rajya Sabha,,2,Dr. Sandeep Kumar Pathak,2521,Bharatiya Janata Party,Punjab,,,,high,sansad.in,
Bhim Singh,Rajya Sabha,,2,Dr. Bhim Singh,2590,Bharatiya Janata Party,Bihar,,,,high,sansad.in,
Rao Rajendra Singh,Lok Sabha,18,2,Rao Rajendra Singh,5632,Bharatiya Janata Party,Rajasthan,Jaipur Rural,18,yes,high,sansad.in,
Sagarika Ghose,Rajya Sabha,,2,Smt. Sagarika Ghose,2621,All India Trinamool Congress,West Bengal,,,,high,sansad.in,
Kartikeya Sharma,Rajya Sabha,,2,Shri Kartikeya Sharma,2571,Independent & Others,Haryana,,,,high,sansad.in,
Manickam Tagore B,Lok Sabha,"17,18",2,Manickam Tagore B,4552,Indian National Congress,Tamil Nadu,Virudhunagar,"15,17,18",yes,high,sansad.in,
Gumma Thanuja Rani,Lok Sabha,18,2,Gumma Thanuja Rani,5679,Yuvajana Sramika Rythu Congress Party,Andhra Pradesh,Araku,18,yes,high,sansad.in,
Appalanaidu Kalisetti,Lok Sabha,18,2,Appalanaidu Kalisetti,5697,Telugu Desam Party,Andhra Pradesh,Vizianagaram,18,yes,high,sansad.in,
Byreddy Shabari,Lok Sabha,18,2,Byreddy Shabari,5687,Telugu Desam Party,Andhra Pradesh,Nandyal,18,yes,high,sansad.in,
Madan Rathore,Rajya Sabha,,2,Shri Madan Rathore,2625,Bharatiya Janata Party,Rajasthan,,,,high,sansad.in,
Abdul Wahab,Rajya Sabha,,2,Shri Abdul Wahab,1929,Indian Union Muslim League,Kerala,,,,high,sansad.in,
Raja A,Lok Sabha,18,2,Raja A,344,Dravida Munnetra Kazhagam,Tamil Nadu,Nilgiris,"11,13,14,15,17,18",yes,high,sansad.in,
Bhagwat Karad,Rajya Sabha,,2,Dr. Bhagwat Karad,2440,Bharatiya Janata Party,Maharashtra,,,,high,sansad.in,
Ujjwal Raman Singh,Lok Sabha,18,2,Ujjwal Raman Singh,5749,Indian National Congress,Uttar Pradesh,Allahabad,18,yes,high,sansad.in,
Ruchi Vira,Lok Sabha,18,2,Ruchi Vira,5706,Samajwadi Party,Uttar Pradesh,Moradabad,18,yes,high,sansad.in,
Aparajita Sarangi,Lok Sabha,"17,18",2,Aparajita Sarangi,4988,Bharatiya Janata Party,Odisha,Bhubaneswar,"17,18",yes,high,sansad.in,
Amar Sharadrao Kale,Lok Sabha,18,2,Amar Sharadrao Kale,5820,Nationalist Congress Party - Sharadchandra Pawar,Maharashtra,Wardha,18,yes,high,sansad.in,
Sayani Ghosh,Lok Sabha,18,2,Sayani Ghosh,5785,All India Trinamool Congress,West Bengal,Jadavpur,18,yes,high,sansad.in,
Magunta Sreenivasulu Reddy,Lok Sabha,18,2,Magunta Sreenivasulu Reddy,3907,Telugu Desam Party,Andhra Pradesh,Ongole,"12,14,15,17,18",yes,high,sansad.in,
Praniti Sushilkumar Shinde,Lok Sabha,18,2,Praniti Sushilkumar Shinde,5759,Indian National Congress,Maharashtra,Solapur,18,yes,high,sansad.in,
Gurmeet Singh Meet Hayer,Lok Sabha,18,2,Gurmeet Singh Meet Hayer,5829,Aam Aadmi Party,Punjab,Sangrur,18,yes,high,sansad.in,
Anil Yeshwant Desai,Lok Sabha,18,2,Anil Yeshwant Desai,5648,Shiv Sena (Uddhav Balasaheb Thackrey),Maharashtra,Mumbai South Central,18,yes,high,sansad.in,
Chandan Chauhan,Lok Sabha,18,2,Chandan Chauhan,5547,Rashtriya Lok Dal,Uttar Pradesh,Bijnor,18,yes,high,sansad.in,
Sanatan Pandey,Lok Sabha,18,2,Sanatan Pandey,5580,Samajwadi Party,Uttar Pradesh,Ballia,18,yes,high,sansad.in,
Nilesh Dnyandev Lanke,Lok Sabha,18,2,Nilesh Dnyandev Lanke,5821,Nationalist Congress Party - Sharadchandra Pawar,Maharashtra,Ahmednagar,18,yes,high,sansad.in,
Bajrang Manohar Sonwane,Lok Sabha,18,2,Bajrang Manohar Sonwane,5645,Nationalist Congress Party - Sharadchandra Pawar,Maharashtra,Beed,18,yes,high,sansad.in,
Rajeev Shukla,Rajya Sabha,,2,Shri Rajeev Shukla,175,Indian National Congress,Chhattisgarh,,,,high,sansad.in,
Santosh Pandey,Lok Sabha,18,2,Santosh Pandey,5015,Bharatiya Janata Party,Chhattisgarh,Rajnandgaon,"17,18",yes,high,sansad.in,
Dulu Mahato,Lok Sabha,18,2,Dulu Mahato,5664,Bharatiya Janata Party,Jharkhand,Dhanbad,18,yes,high,sansad.in,
Kanimozhi Nvn Somu,Rajya Sabha,,2,Dr. Kanimozhi NVN Somu,2505,Dravida Munnetra Kazhagam,Tamil Nadu,,,,high,sansad.in,
Rajesh Ranjan (pappu Yadav),Lok Sabha,"16,18",2,Rajesh Ranjan,554,Independent,Bihar,Purnia,"10,11,13,14,16,18",yes,high,sansad.in,
Kanwar Singh Tanwar,Lok Sabha,"16,18",2,Kanwar Singh Tanwar,4607,Bharatiya Janata Party,Uttar Pradesh,Amroha,"16,18",yes,high,sansad.in,
Ramvir Singh Bidhuri,Lok Sabha,18,2,Ramvir Singh Bidhuri,5543,Bharatiya Janata Party,NCT of Delhi,South Delhi,18,yes,high,sansad.in,
Mahesh Kashyap,Lok Sabha,18,2,Mahesh Kashyap,5626,Bharatiya Janata Party,Chhattisgarh,Bastar,18,yes,high,sansad.in,
Sangeeta Kumari Singh Deo,Lok Sabha,"17,18",2,Sangeeta Kumari Singh Deo,426,Bharatiya Janata Party,Odisha,Bolangir,"12,13,14,17,18",yes,high,sansad.in,
Anil Firojiya,Lok Sabha,17,2,Anil Firojiya,5071,Bharatiya Janata Party,Madhya Pradesh,Ujjain,"17,18",yes,high,sansad.in,
Vinod Chavda,Lok Sabha,17,2,Chavda Vinod Lakhamshi,4741,Bharatiya Janata Party,Gujarat,Kachchh,"16,17,18",yes,medium,sansad.in,
Iranna Kadadi,Rajya Sabha,,2,Shri Iranna Kadadi,2481,Bharatiya Janata Party,Karnataka,,,,high,sansad.in,
Kirti Vardhan Singh,Lok Sabha,"16,17",2,Kirti Vardhan Singh,3926,Bharatiya Janata Party,Uttar Pradesh,Gonda,"12,14,16,17,18",yes,high,sansad.in,
Pocha Brahmananda Reddy,Lok Sabha,17,2,Pocha Brahmananda Reddy,5095,Yuvajana Sramika Rythu Congress Party,Andhra Pradesh,Nandyal,17,yes,high,sansad.in,
Naresh Bansal,Rajya Sabha,,2,Shri Naresh Bansal,2493,Bharatiya Janata Party,Uttarakhand,,,,high,sansad.in,
Vishnu Dutt Sharma,Lok Sabha,17,2,Vishnu Datt Sharma,5066,Bharatiya Janata Party,Madhya Pradesh,Khajuraho,"17,18",yes,medium,sansad.in,
Hasnain Masoodi,Lok Sabha,17,2,Hasnain Masoodi,5004,Jammu and Kashmir National Conference,Jammu and Kashmir,Anantnag-Rajouri,17,yes,high,sansad.in,
Kotagiri Sridhar,Lok Sabha,17,2,Kotagiri Sridhar,5091,Yuvajana Sramika Rythu Congress Party,Andhra Pradesh,Eluru,17,yes,high,sansad.in,
Mohanbhai Sanjibhai Delkar,Lok Sabha,17,2,Shri Mohan S. Delkar,107,Independent,Dadra and Nagar Haveli and Daman and Diu,Dadra and Nagar Haveli,"9,10,11,12,13,14,17",yes,medium,sansad.in,
Faizal P.P. Mohammed,Lok Sabha,17,2,Faizal P.P. Mohammed,4786,Nationalist Congress Party,Lakshadweep,Lakshadweep,"16,17",yes,high,sansad.in,
Omprakash Bhupalsinh Alias Pawan Rajenimbalkar,Lok Sabha,17,2,Omprakash Bhupalsinh Alias Pavan Rajenimbalkar,5189,Shiv Sena (Uddhav Balasaheb Thackrey),Maharashtra,Osmanabad,"17,18",yes,medium,sansad.in,
Shriniwas Dadasaheb Patil,Lok Sabha,17,2,Shriniwas Dadasaheb Patil,322,Nationalist Congress Party,Maharashtra,Satara,"13,14,17",yes,high,sansad.in,
Jayant Sinha,Lok Sabha,17,2,Jayant Sinha,4768,Bharatiya Janata Party,Jharkhand,Hazaribagh,"16,17",yes,high,sansad.in,
Ram Kripal Yadav,Lok Sabha,17,2,Ram Kripal Yadav,3832,Bharatiya Janata Party,Bihar,Pataliputra,"10,11,14,16,17",yes,high,sansad.in,
Geetha Viswanath Vanga,Lok Sabha,17,2,Geetha Viswanath Vanga,5093,Yuvajana Sramika Rythu Congress Party,Andhra Pradesh,Kakinada,17,yes,high,sansad.in,
Mamata Mohanta,Rajya Sabha,,2,Smt. Mamata Mohanta,2445,Bharatiya Janata Party,Odisha,,,,high,sansad.in,
S. Gnanathiraviam,Lok Sabha,17,2,S. Gnanathiraviam,4956,Dravida Munnetra Kazhagam,Tamil Nadu,Tirunelveli,17,yes,high,sansad.in,
Manoj Rajoria,Lok Sabha,"16,17",2,Manoj Rajoria,4667,Bharatiya Janata Party,Rajasthan,Karauli-Dholpur,"16,17",yes,high,sansad.in,
Y. S. Avinash Reddy,Lok Sabha,17,2,Y S Avinash Reddy,4816,Yuvajana Sramika Rythu Congress Party,Andhra Pradesh,Kadapa,"16,17,18",yes,high,sansad.in,
Pratibha Singh,Lok Sabha,17,2,Pratibha Singh,4044,Indian National Congress,Himachal Pradesh,Mandi,"14,15,17",yes,high,sansad.in,
Brij Lal,Rajya Sabha,,2,Shri Brij Lal,2488,Bharatiya Janata Party,Uttar Pradesh,,,,high,sansad.in,
Thomas Chazhikadan,Lok Sabha,17,2,Thomas Chazhikadan,5130,Kerala Congress (M),Kerala,Kottayam,17,yes,high,sansad.in,
Ramesh Chander Kaushik,Lok Sabha,17,2,Ramesh Chander Kaushik,4601,Bharatiya Janata Party,Haryana,Sonipat,"16,17",yes,high,sansad.in,
Sunil Kumar Pintu,Lok Sabha,17,2,Sunil Kumar Pintu,5220,Janata Dal (United),Bihar,Sitamarhi,17,yes,high,sansad.in,
Ramcharan Bohra,Lok Sabha,17,2,Ramcharan Bohra,4656,Bharatiya Janata Party,Rajasthan,Jaipur,"16,17",yes,high,sansad.in,
Prabhakar Reddy Vemireddy,Rajya Sabha,,2,Shri Prabhakar Reddy Vemireddy,2375,Yuvajana Sramika Rythu Congress Party,Andhra Pradesh,,,,high,sansad.in,
Anubhav Mohanty,Lok Sabha,17,2,Anubhav Mohanty,4994,Biju Janata Dal,Odisha,Kendrapara,17,yes,high,sansad.in,
M. Shanmugam,Rajya Sabha,,2,Shri M. Shanmugam,2428,Dravida Munnetra Kazhagam,Tamil Nadu,,,,high,sansad.in,
Kirodi Lal Meena,Rajya Sabha,,2,Dr. Kirodi Lal Meena,2411,Bharatiya Janata Party,Rajasthan,,,,high,sansad.in,
Basanta Kumar Panda,Lok Sabha,17,2,Basanta Kumar Panda,4992,Bharatiya Janata Party,Odisha,Kalahandi,17,yes,high,sansad.in,
Jual Oram,Lok Sabha,17,2,Jual Oram,279,Bharatiya Janata Party,Odisha,Sundargarh,"12,13,14,16,17,18",yes,high,sansad.in,
Rajveer (raju Bhaiya) Singh,Lok Sabha,17,2,Rajveer (Raju Bhaiya) Singh,4634,Bharatiya Janata Party,Uttar Pradesh,Etah,"16,17",yes,high,sansad.in,
Upendra Singh Rawat,Lok Sabha,17,2,Upendra Singh Rawat,5137,Bharatiya Janata Party,Uttar Pradesh,Barabanki,17,yes,high,sansad.in,
Hardwar Dubey,Rajya Sabha,,2,Shri Hardwar Dubey,2492,Bharatiya Janata Party,Uttar Pradesh,,,,high,sansad.in,
Sushil Kumar Modi,Rajya Sabha,,2,Shri Sushil Kumar Modi,2495,Bharatiya Janata Party,Bihar,,,,high,sansad.in,
Jaisiddeshwar Shivacharya Mahaswamiji,Lok Sabha,17,2,Jaisiddeshwar Shivacharya Mahaswamiji,5194,Bharatiya Janata Party,Maharashtra,Solapur,17,yes,high,sansad.in,
Dharmendra Kumar Kashyap,Lok Sabha,17,2,Dharmendra Kumar Kashyap,4595,Bharatiya Janata Party,Uttar Pradesh,Aonla,"16,17",yes,high,sansad.in,
Umesh G. Jadhav,Lok Sabha,17,2,Umesh G. Jadhav,5178,Bharatiya Janata Party,Karnataka,Gulbarga,17,yes,high,sansad.in,
Kunwar Danish Ali,Lok Sabha,17,2,Kunwar Danish Ali,5134,Bahujan Samaj Party,Uttar Pradesh,Amroha,17,yes,high,sansad.in,
Margani Bharat,Lok Sabha,17,2,Bharat Ram Margani,5098,Yuvajana Sramika Rythu Congress Party,Andhra Pradesh,Rajahmundry,17,yes,medium,sansad.in,
Manoj Kishorbhai Kotak,Lok Sabha,17,2,Manoj Kishorbhai Kotak,5202,Bharatiya Janata Party,Maharashtra,Mumbai North East,17,yes,high,sansad.in,
Anbumani Ramadoss,Rajya Sabha,,2,Dr. Anbumani Ramadoss,1949,Pattali Makkal Katchi,Tamil Nadu,,,,high,sansad.in,
L. Hanumanthaiah,Rajya Sabha,,2,Dr. L. Hanumanthaiah,2385,Indian National Congress,Karnataka,,,,high,sansad.in,
Ganesh Singh,Lok Sabha,17,2,Ganesh Singh,3986,Bharatiya Janata Party,Madhya Pradesh,Satna,"14,15,16,17,18",yes,high,sansad.in,
V. Kalanidhi,Lok Sabha,17,2,Kalanidhi Veeraswamy,4959,Dravida Munnetra Kazhagam,Tamil Nadu,Chennai North,"17,18",yes,medium,sansad.in,
Prathap Simha,Lok Sabha,"16,17",2,Prathap Simha,4708,Bharatiya Janata Party,Karnataka,Mysore,"16,17",yes,high,sansad.in,
Shanta Chhetri,Rajya Sabha,,2,Smt. Shanta Chhetri,2368,All India Trinamool Congress,West Bengal,,,,high,sansad.in,
V. Vijayasai Reddy,Rajya Sabha,,2,Shri V. Vijayasai Reddy,2328,Yuvajana Sramika Rythu Congress Party,Andhra Pradesh,,,,high,sansad.in,
Rattan Lal Kataria,Lok Sabha,"16,17",2,Rattan Lal Kataria,183,Bharatiya Janata Party,Haryana,Ambala,"13,16,17",yes,high,sansad.in,
Kanakmal Katara,Lok Sabha,17,2,Kanakmal Katara,5206,Bharatiya Janata Party,Rajasthan,Banswara,17,yes,high,sansad.in,
Keshari Devi Patel,Lok Sabha,17,2,Keshari Devi Patel,5157,Bharatiya Janata Party,Uttar Pradesh,Phulpur,17,yes,high,sansad.in,
Jaskaur Meena,Lok Sabha,17,2,Jaskaur Meena,247,Bharatiya Janata Party,Rajasthan,Dausa,"13,17",yes,high,sansad.in,
Chhaya Verma,Rajya Sabha,,2,Smt. Chhaya Verma,2331,Indian National Congress,Chhattisgarh,,,,high,sansad.in,
Abhishek Banerjee,Lok Sabha,"16,17",2,Abhishek Banerjee,4843,All India Trinamool Congress,West Bengal,Diamond Harbour,"16,17,18",yes,high,sansad.in,
Bholanath (B.P. Saroj),Lok Sabha,17,2,Bholanath (B.P. Saroj),5153,Bharatiya Janata Party,Uttar Pradesh,Machhlishahr,17,yes,high,sansad.in,
Rajendra Dhedya Gavit,Lok Sabha,"16,17",2,Rajendra Dhedya Gavit,4949,Shiv Sena,Maharashtra,Palghar,"16,17",yes,high,sansad.in,
Kapil Moreshwar Patil,Lok Sabha,"16,17",2,Kapil Moreshwar Patil,4658,Bharatiya Janata Party,Maharashtra,Bhiwandi,"16,17",yes,high,sansad.in,
Girish Bhalchandra Bapat,Lok Sabha,17,2,Girish Bhalchandra Bapat,5198,Bharatiya Janata Party,Maharashtra,Pune,17,yes,high,sansad.in,
Devusinh Jesingbhai Chauhan,Lok Sabha,"16,17",2,Devusinh Chauhan,4858,Bharatiya Janata Party,Gujarat,Kheda,"16,17,18",yes,medium,sansad.in,
Devji Mansingram Patel,Lok Sabha,"16,17",2,Devji Mansingram Patel,4411,Bharatiya Janata Party,Rajasthan,Jalore,"15,16,17",yes,high,sansad.in,
B. Lingaiah Yadav,Rajya Sabha,,2,Shri B. Lingaiah Yadav,2394,Bharat Rashtra Samithi,Telangana,,,,high,sansad.in,
H. Vasanthakumar,Lok Sabha,17,2,H. Vasanthakumar,4955,Indian National Congress,Tamil Nadu,Kanniyakumari,17,yes,high,sansad.in,
Prabhakar Kore,Rajya Sabha,,2,Dr. Prabhakar Kore,1177,Bharatiya Janata Party,Karnataka,,,,high,sansad.in,
Rita Bahuguna Joshi,Lok Sabha,17,2,Rita Bahuguna Joshi,5131,Bharatiya Janata Party,Uttar Pradesh,Allahabad,17,yes,high,sansad.in,
S. Muthukaruppan,Rajya Sabha,,2,Shri S. Muthukaruppan,2259,All India Anna Dravida Munnetra Kazhagam,Tamil Nadu,,,,high,sansad.in,
Ram Nath Thakur,Rajya Sabha,,2,Shri Ram Nath Thakur,2268,Janata Dal (United),Bihar,,,,high,sansad.in,
Ripun Bora,Rajya Sabha,,2,Shri Ripun Bora,2313,Indian National Congress,Assam,,,,high,sansad.in,
Adhikari Dibyendu,Lok Sabha,"16,17",2,Dibyendu Adhikari,4939,All India Trinamool Congress,West Bengal,Tamluk,"16,17",yes,high,sansad.in,
Rewati Raman Singh,Rajya Sabha,,2,Shri Rewati Raman Singh,2349,Samajwadi Party,Uttar Pradesh,,,,high,sansad.in,
Parvesh Sahib Singh,Lok Sabha,"16,17",2,Parvesh Sahib Singh,4758,Bharatiya Janata Party,NCT of Delhi,West Delhi,"16,17",yes,high,sansad.in,
Kahkashan Perween,Rajya Sabha,,2,Smt. Kahkashan Perween,2270,Janata Dal (United),Bihar,,,,high,sansad.in,
Mohanbhai Kalyanji Kundariya,Lok Sabha,17,2,Mohanbhai Kalyanji Kundariya,4692,Bharatiya Janata Party,Gujarat,Rajkot,"16,17",yes,high,sansad.in,
Satyanarayan Jatiya,Rajya Sabha,,2,Dr. Satyanarayan Jatiya,2278,Bharatiya Janata Party,Madhya Pradesh,,,,high,sansad.in,
P.L. Punia,Rajya Sabha,,2,Shri P.L. Punia,2298,Indian National Congress,Uttar Pradesh,,,,high,sansad.in,
Bharat Singh,Lok Sabha,16,2,Bharat Singh,4695,Bharatiya Janata Party,Uttar Pradesh,Ballia,16,yes,high,sansad.in,
Om Prakash Yadav,Lok Sabha,16,2,Om Prakash Yadav,4462,Bharatiya Janata Party,Bihar,Siwan,"15,16",yes,high,sansad.in,
Lakhan Lal Sahu,Lok Sabha,16,2,Lakhan Lal Sahu,4689,Bharatiya Janata Party,Chhattisgarh,Bilaspur,16,yes,high,sansad.in,
Vikas Mahatme,Rajya Sabha,,2,Dr. Vikas Mahatme,2344,Bharatiya Janata Party,Maharashtra,,,,high,sansad.in,
Ashok Mahadeorao Nete,Lok Sabha,16,2,Ashok Mahadeorao Nete,4748,Bharatiya Janata Party,Maharashtra,Gadchiroli-Chimur,"16,17",yes,high,sansad.in,
Sanjay Jaiswal,Lok Sabha,16,2,Sanjay Jaiswal,4455,Bharatiya Janata Party,Bihar,Paschim Champaran,"15,16,17,18",yes,high,sansad.in,
Radheshyam Biswas,Lok Sabha,16,2,Radheshyam Biswas,4808,All India United Democratic Front,Assam,Karimganj,16,yes,high,sansad.in,
S. Rajendran,Lok Sabha,16,2,S. Rajendran,4890,All India Anna Dravida Munnetra Kazhagam,Tamil Nadu,Viluppuram,16,yes,high,sansad.in,
Dharam Vira Gandhi,Lok Sabha,16,2,Dharamvira Gandhi,4676,Indian National Congress,Punjab,Patiala,"16,18",yes,medium,sansad.in,
K.R.P. Prabakaran,Lok Sabha,16,2,K.R.P. Prabakaran,4840,All India Anna Dravida Munnetra Kazhagam,Tamil Nadu,Tirunelveli,16,yes,high,sansad.in,
Savitri Thakur,Lok Sabha,16,2,Savitri Thakur,4596,Bharatiya Janata Party,Madhya Pradesh,Dhar,"16,18",yes,high,sansad.in,
Santiuse Kujur,Rajya Sabha,,2,Shri Santiuse Kujur,2240,Indian National Congress,Assam,,,,high,sansad.in,
Parbhubhai Nagarbhai Vasava,Lok Sabha,16,2,Parbhubhai Nagarbhai Vasava,4757,Bharatiya Janata Party,Gujarat,Bardoli,"16,17,18",yes,high,sansad.in,
Sher Singh Ghubaya,Lok Sabha,16,2,Sher Singh Ghubaya,4432,Indian National Congress,Punjab,Firozpur,"15,16,18",yes,high,sansad.in,
Arka Keshari Deo,Lok Sabha,16,2,Arka Keshari Deo,4797,Biju Janata Dal,Odisha,Kalahandi,16,yes,high,sansad.in,
Narendra Kumar Swain,Rajya Sabha,,2,Shri Narendra Kumar Swain,2311,Biju Janata Dal,Odisha,,,,high,sansad.in,
Laxmi Narayan Yadav,Lok Sabha,16,2,Laxmi Narayan Yadav,4611,Bharatiya Janata Party,Madhya Pradesh,Sagar,16,yes,high,sansad.in,
Harish Dwivedi,Lok Sabha,16,2,Harish Dwivedi,4633,Bharatiya Janata Party,Uttar Pradesh,Basti,"16,17",yes,high,sansad.in,
Amar Shankar Sable,Rajya Sabha,,2,Shri Amar Shankar Sable,2306,Bharatiya Janata Party,Maharashtra,,,,high,sansad.in,
Sharad Tripathi,Lok Sabha,16,2,Sharad Tripathi,4712,Bharatiya Janata Party,Uttar Pradesh,Sant Kabir Nagar,16,yes,high,sansad.in,
Ranjeet Ranjan,Lok Sabha,16,2,Ranjeet Ranjan,4093,Indian National Congress,Bihar,Supaul,"14,16",yes,high,sansad.in,
Sunil Kumar Mondal,Lok Sabha,16,2,Sunil Kumar Mondal,4868,All India Trinamool Congress,West Bengal,Bardhaman Purba,"16,17",yes,high,sansad.in,
Kuruppassery Varkey Thomas,Lok Sabha,16,2,Kuruppassery Varkey Thomas,3209,Indian National Congress,Kerala,Ernakulam,"8,9,10,15,16",yes,high,sansad.in,
Rajesh Kumar Diwakar,Lok Sabha,16,2,Rajesh Kumar Diwakar,4609,Bharatiya Janata Party,Uttar Pradesh,Hathras,16,yes,high,sansad.in,
Jose K. Mani,Lok Sabha,16,2,Jose K. Mani,4566,Kerala Congress (M),Kerala,Kottayam,"15,16",yes,high,sansad.in,
Ram Charitra,Lok Sabha,16,2,Ram Charitra Nishad,4617,Bharatiya Janata Party,Uttar Pradesh,Machhlishahr,16,yes,medium,sansad.in,
Darshan Singh Yadav,Rajya Sabha,,2,Shri Darshan Singh Yadav,2218,Samajwadi Party,Uttar Pradesh,,,,high,sansad.in,
Satish Chandra Dubey,Lok Sabha,16,2,Satish Chandra Dubey,4862,Bharatiya Janata Party,Bihar,Valmiki Nagar,16,yes,high,sansad.in,
Rajani Ashokrao Patil,Rajya Sabha,,2,Smt. Rajani Ashokrao Patil,2236,Indian National Congress,Maharashtra,,,,high,sansad.in,
B. S. Yeddyurappa,Lok Sabha,16,2,B. S. Yeddyurappa,4599,Bharatiya Janata Party,Karnataka,Shimoga,16,yes,high,sansad.in,
Feroze Varun Gandhi,Lok Sabha,16,2,Feroze Varun Gandhi,4277,Bharatiya Janata Party,Uttar Pradesh,Pilibhit,"15,16,17",yes,high,sansad.in,
Motilal Vora,Rajya Sabha,,2,Shri Motilal Vora,844,Indian National Congress,Chhattisgarh,,,,high,sansad.in,
Sukhbir Singh Jaunpuria,Lok Sabha,16,2,Sukhbir Singh Jaunapuria,4669,Bharatiya Janata Party,Rajasthan,Tonk-Sawai Madhopur,"16,17",yes,medium,sansad.in,
Raosaheb Patil Danve,Lok Sabha,16,2,Raosaheb Dadarao Danve,316,Bharatiya Janata Party,Maharashtra,Jalna,"13,14,15,16,17",yes,high,sansad.in (search API),
Naramalli Sivaprasad,Lok Sabha,16,2,Naramalli Sivaprasad,4531,Telugu Desam Party,Andhra Pradesh,Chittoor,"15,16",yes,high,sansad.in,
K. Maragatham,Lok Sabha,16,2,K. Maragatham,4835,All India Anna Dravida Munnetra Kazhagam,Tamil Nadu,Kancheepuram,16,yes,high,sansad.in,
Nanabhau Falgunrao Patole,Lok Sabha,16,2,Nanabhau Falgunrao Patole,4895,Bharatiya Janata Party,Maharashtra,Bhandara-Gondiya,16,yes,high,sansad.in,
P.k.sreemathi Teacher,Lok Sabha,16,2,P.K. Sreemathi Teacher,4906,Communist Party of India (Marxist),Kerala,Kannur,16,yes,high,sansad.in,
Ranjib Biswal,Rajya Sabha,,2,Shri Ranjib Biswal,2255,Indian National Congress,Odisha,,,,high,sansad.in,
Bhupender Yadav,Rajya Sabha,,2,Shri Bhupender Yadav,2224,Bharatiya Janata Party,Rajasthan,,,,high,sansad.in,
Maheish Girri,Lok Sabha,16,2,Maheish Girri,4608,Bharatiya Janata Party,NCT of Delhi,East Delhi,16,yes,high,sansad.in,
Sanjay(kaka) Ramchandra Patil,Lok Sabha,16,2,Sanjay(Kaka) Ramchandra Patil,4680,Bharatiya Janata Party,Maharashtra,Sangli,"16,17",yes,high,sansad.in,
Pinaki Misra,Lok Sabha,16,2,Pinaki Misra,3724,Biju Janata Dal,Odisha,Puri,"11,15,16,17",yes,high,sansad.in,
Sunil Baliram Gaikwad,Lok Sabha,16,2,Sunil Baliram Gaikwad,4643,Bharatiya Janata Party,Maharashtra,Latur,16,yes,high,sansad.in,
Chandrakant Bhaurao Khaire,Lok Sabha,16,2,Chandrakant Bhaurao Khaire,189,Shiv Sena,Maharashtra,Aurangabad,"13,14,15,16",yes,high,sansad.in,
Pankaj Chowdhary,Lok Sabha,16,2,Pankaj Choudhary,3479,Bharatiya Janata Party,Uttar Pradesh,Maharajganj,"10,11,12,14,16,17,18",yes,medium,sansad.in,
Anirudhan Sampath,Lok Sabha,16,2,Anirudhan Sampath,3777,Communist Party of India (Marxist),Kerala,Attingal,"11,15,16",yes,high,sansad.in,
Nagarajan P.,Lok Sabha,16,2,Nagarajan P.,4883,All India Anna Dravida Munnetra Kazhagam,Tamil Nadu,Coimbatore,16,yes,high,sansad.in,
Ponguleti Srinivasa Reddy,Lok Sabha,16,2,Ponguleti Srinivasa Reddy,4683,Yuvajana Sramika Rythu Congress Party,Telangana,Khammam,16,yes,high,sansad.in,
"Baijayant ""jay"" Panda",Lok Sabha,16,2,Baijayant Panda,4422,Bharatiya Janata Party,Odisha,Kendrapara,"15,16,18",yes,medium,sansad.in,
Kinjarapu Ram Mohan Naidu,Lok Sabha,16,2,Kinjarapu Rammohan Naidu,4771,Telugu Desam Party,Andhra Pradesh,Srikakulam,"16,17,18",yes,medium,sansad.in,
Subhash Patel,Lok Sabha,16,2,Subhash Patel,4685,Bharatiya Janata Party,Madhya Pradesh,Khargone,16,yes,high,sansad.in,
Parvez Hashmi,Rajya Sabha,,2,Shri Parvez Hashmi,2122,Indian National Congress,National Capital Territory of Delhi,,,,high,sansad.in,
B.V. Nayak,Lok Sabha,16,2,B. V. Nayak,,Indian National Congress,Karnataka,Raichur,,,medium,wikipedia-fallback,
Hari Manjhi,Lok Sabha,16,2,Hari Manjhi,4474,Bharatiya Janata Party,Bihar,Gaya,"15,16",yes,high,sansad.in,
K. Keshava Rao,Rajya Sabha,,2,Dr. K. Keshava Rao,1998,Bharat Rashtra Samithi,Telangana,,,,high,sansad.in,
Vijaylaxmi Sadho,Rajya Sabha,,2,Title Vijaylaxmi Sadho,2150,Indian National Congress,Madhya Pradesh,,,,medium,sansad.in,
K.C. Tyagi,Rajya Sabha,,2,Shri K.C. Tyagi,2237,Janata Dal (United),Bihar,,,,high,sansad.in,
Geetha Kothapalli,Lok Sabha,16,2,Geetha Kothapalli,4679,Yuvajana Sramika Rythu Congress Party,Andhra Pradesh,Araku,16,yes,high,sansad.in,
Santosh Ahlawat,Lok Sabha,16,2,Santosh Ahlawat,4628,Bharatiya Janata Party,Rajasthan,Jhunjhunu,16,yes,high,sansad.in,
Sachin Ramesh Tendulkar,Rajya Sabha,,2,Shri Sachin Ramesh Tendulkar,2226,Nominated,Nominated,,,,high,sansad.in,
Dalpat Singh Paraste,Lok Sabha,16,2,Dalpat Singh Paraste,291,Bharatiya Janata Party,Madhya Pradesh,Shahdol,"6,9,13,14,16",yes,high,sansad.in,
Mansukh Mandaviya,Rajya Sabha,,2,Dr. Mansukh Mandaviya,2207,Bharatiya Janata Party,Gujarat,,,,high,sansad.in,
Ramcharan Bohara,Lok Sabha,16,2,Ramcharan Bohra,4656,Bharatiya Janata Party,Rajasthan,Jaipur,"16,17",yes,medium,sansad.in,
R. Parthipan,Lok Sabha,16,2,R. Parthipan,4837,All India Anna Dravida Munnetra Kazhagam,Tamil Nadu,Theni,16,yes,high,sansad.in,
Bhalchandra Mungekar,Rajya Sabha,,2,Dr. Bhalchandra Mungekar,2135,Indian National Congress,Nominated,,,,high,sansad.in,
Dilip Kumar Tirkey,Rajya Sabha,,2,Shri Dilip Kumar Tirkey,2221,Biju Janata Dal,Odisha,,,,high,sansad.in,
D.P. Tripathi,Rajya Sabha,,2,Shri D.P. Tripathi,2211,Nationalist Congress Party,Maharashtra,,,,high,sansad.in,
Narendra Kumar Kashyap,Rajya Sabha,,2,Shri Narendra Kumar Kashyap,2160,Bahujan Samaj Party,Uttar Pradesh,,,,high,sansad.in,
Dileep Singh Bhuria,Lok Sabha,16,2,Dileep Singh Bhuria,2692,Bharatiya Janata Party,Madhya Pradesh,Ratlam,"7,8,9,10,11,16",yes,high,sansad.in,
S. Thangavelu,Rajya Sabha,,2,Shri S. Thangavelu,2147,Dravida Munnetra Kazhagam,Tamil Nadu,,,,high,sansad.in,
Wansuk Syiem,Rajya Sabha,,2,Smt. Wansuk Syiem,2238,Indian National Congress,Meghalaya,,,,high,sansad.in,
Lalji Verma,Lok Sabha,18,1,Lalji Verma,5794,Samajwadi Party,Uttar Pradesh,Ambedkar Nagar,18,yes,high,sansad.in,
Sandosh Kumar P,Rajya Sabha,,1,Shri Sandosh Kumar P,2515,Communist Party of India,Kerala,,,,high,sansad.in,
Anil Kumar Yadav Mandadi,Rajya Sabha,,1,Shri Anil Kumar Yadav Mandadi,2610,Indian National Congress,Telangana,,,,high,sansad.in,
Sat Paul Sharma,Rajya Sabha,,1,Shri Sat Paul Sharma,2657,Bharatiya Janata Party,Jammu & Kashmir,,,,high,sansad.in,
Virendra Singh,Lok Sabha,18,1,Virendra Singh,5651,Samajwadi Party,Uttar Pradesh,Chandauli,18,yes,high,sansad.in,
Jagadish Chandra Barma Basunia,Lok Sabha,18,1,Jagadish Chandra Barma Basunia,5833,All India Trinamool Congress,West Bengal,Coochbehar,18,yes,high,sansad.in,
Sudha Murty,Rajya Sabha,,1,Smt. Sudha Murty,2585,Nominated,Nominated,,,,high,sansad.in,
Sulata Deo,Rajya Sabha,,1,Smt. Sulata Deo,2541,Biju Janata Dal,Odisha,,,,high,sansad.in,
Surendra Singh Nagar,Rajya Sabha,,1,Shri Surendra Singh Nagar,2353,Bharatiya Janata Party,Uttar Pradesh,,,,high,sansad.in,
Sajjad Ahmad Kichloo,Rajya Sabha,,1,Shri Sajjad Ahmad Kichloo,2656,J&K National Conference,Jammu & Kashmir,,,,high,sansad.in,
K. Francis George,Lok Sabha,18,1,K. Francis George,138,Kerala Congress,Kerala,Kottayam,"13,14,18",yes,high,sansad.in,
Madhavaneni Raghunandan Rao,Lok Sabha,18,1,Madhavaneni Raghunandan Rao,5573,Bharatiya Janata Party,Telangana,Medak,18,yes,high,sansad.in,
Anoop Pradhan Valmiki,Lok Sabha,18,1,Anoop Pradhan Valmiki,5576,Bharatiya Janata Party,Uttar Pradesh,Hathras,18,yes,high,sansad.in,
Shankar Lalwani,Lok Sabha,18,1,Shankar Lalwani,5065,Bharatiya Janata Party,Madhya Pradesh,Indore,"17,18",yes,high,sansad.in,
Kamlesh Jangde,Lok Sabha,18,1,Kamlesh Jangde,5709,Bharatiya Janata Party,Chhattisgarh,Janjgir-Champa,18,yes,high,sansad.in,
Praveen Patel,Lok Sabha,18,1,Praveen Patel,5583,Bharatiya Janata Party,Uttar Pradesh,Phulpur,18,yes,high,sansad.in,
Vinod Kumar Bind,Lok Sabha,18,1,Vinod Kumar Bind,5607,Bharatiya Janata Party,Uttar Pradesh,Bhadohi,18,yes,high,sansad.in,
Naba Charan Majhi,Lok Sabha,18,1,Naba Charan Majhi,5672,Bharatiya Janata Party,Odisha,Mayurbhanj,18,yes,high,sansad.in,
Ramesh Awasthi,Lok Sabha,18,1,Ramesh Awasthi,5608,Bharatiya Janata Party,Uttar Pradesh,Kanpur,18,yes,high,sansad.in,
Avimanyu Sethi,Lok Sabha,18,1,Avimanyu Sethi,5610,Bharatiya Janata Party,Odisha,Bhadrak,18,yes,high,sansad.in,
Sukanta Kumar Panigrahi,Lok Sabha,18,1,Sukanta Kumar Panigrahi,5615,Bharatiya Janata Party,Odisha,Kandhamal,18,yes,high,sansad.in,
Dilip Saikia,Lok Sabha,18,1,Dilip Saikia,5107,Bharatiya Janata Party,Assam,Darrang Udalguri,"17,18",yes,high,sansad.in,
Lumbaram Choudhary,Lok Sabha,18,1,Lumbaram Choudhary,5621,Bharatiya Janata Party,Rajasthan,Jalore,18,yes,high,sansad.in,
Manna Lal Rawat,Lok Sabha,18,1,Manna Lal Rawat,5622,Bharatiya Janata Party,Rajasthan,Udaipur,18,yes,high,sansad.in,
Sanjna Jatav,Lok Sabha,18,1,Sanjna Jatav,5690,Indian National Congress,Rajasthan,Bharatpur,18,yes,high,sansad.in,
Dineshbhai Makwana,Lok Sabha,18,1,Dineshbhai Makwana,5694,Bharatiya Janata Party,Gujarat,Ahmedabad West,18,yes,high,sansad.in,
Kiran Choudhry,Rajya Sabha,,1,Smt. Kiran Choudhry,2635,Bharatiya Janata Party,Haryana,,,,high,sansad.in,
Kuldeep Indora,Lok Sabha,18,1,Kuldeep Indora,5730,Indian National Congress,Rajasthan,Ganganagar,18,yes,high,sansad.in,
Balwant Baswant Wankhade,Lok Sabha,18,1,Balwant Baswant Wankhade,5713,Indian National Congress,Maharashtra,Amravati,18,yes,high,sansad.in,
Raja Ram Singh,Lok Sabha,18,1,Raja Ram Singh,5642,Communist Party of India (Marxist-Leninist) Liberation,Bihar,Karakat,18,yes,high,sansad.in,
Varun Chaudhry,Lok Sabha,18,1,Varun Chaudhry,5545,Indian National Congress,Haryana,Ambala,18,yes,high,sansad.in,
Kunduru Raghuveer,Lok Sabha,18,1,Kunduru Raghuveer,5793,Indian National Congress,Telangana,Nalgonda,18,yes,high,sansad.in,
Laxmikant Bajpayee,Rajya Sabha,,1,Dr. Laxmikant Bajpayee,2558,Bharatiya Janata Party,Uttar Pradesh,,,,high,sansad.in,
Kesineni Sivanath,Lok Sabha,18,1,Kesineni Sivanath,5667,Telugu Desam Party,Andhra Pradesh,Vijayawada,18,yes,high,sansad.in,
Rajkumar Sangwan,Lok Sabha,18,1,Rajkumar Sangwan,5550,Rashtriya Lok Dal,Uttar Pradesh,Baghpat,18,yes,high,sansad.in,
Sunil Bose,Lok Sabha,18,1,Sunil Bose,5758,Indian National Congress,Karnataka,Chamarajanagar,18,yes,high,sansad.in,
Raj Kumar Chabbewal,Lok Sabha,18,1,Raj Kumar Chabbewal,5779,Aam Aadmi Party,Punjab,Hoshiarpur,18,yes,high,sansad.in,
Sudha R,Lok Sabha,18,1,Sudha R,5650,Indian National Congress,Tamil Nadu,Mayiladuthurai,18,yes,high,sansad.in,
Ananta Nayak,Lok Sabha,18,1,Ananta Nayak,275,Bharatiya Janata Party,Odisha,Keonjhar,"13,14,18",yes,high,sansad.in,
Vishaldada Prakashbapu Patil,Lok Sabha,18,1,Vishaldada Prakashbapu Patil,5756,Independent,Maharashtra,Sangli,18,yes,high,sansad.in,
Faggan Singh Kulaste,Lok Sabha,18,1,Faggan Singh Kulaste,207,Bharatiya Janata Party,Madhya Pradesh,Mandla,"11,12,13,14,16,17,18",yes,high,sansad.in,
Bharti Pardhi,Lok Sabha,18,1,Bharti Pardhi,5696,Bharatiya Janata Party,Madhya Pradesh,Balaghat,18,yes,high,sansad.in,
Ramasahayam Raghuram Reddy,Lok Sabha,18,1,Ramasahayam Raghuram Reddy,5716,Indian National Congress,Telangana,Khammam,18,yes,high,sansad.in,
Samik Bhattacharya,Rajya Sabha,,1,Shri Samik Bhattacharya,2620,Bharatiya Janata Party,West Bengal,,,,high,sansad.in,
Meda Raghunadha Reddy,Rajya Sabha,,1,Shri Meda Raghunadha Reddy,2587,Yuvajana Sramika Rythu Congress Party,Andhra Pradesh,,,,high,sansad.in,
S. Kalyanasundaram,Rajya Sabha,,1,Shri S. Kalyanasundaram,2534,Dravida Munnetra Kazhagam,Tamil Nadu,,,,high,sansad.in,
Parmar Jashvantsinh Salamsinh,Rajya Sabha,,1,Dr. Parmar Jashvantsinh Salamsinh,2595,Bharatiya Janata Party,Gujarat,,,,high,sansad.in,
Sana Sathish Babu,Rajya Sabha,,1,Shri Sana sathish Babu,2641,Telugu Desam Party,Andhra Pradesh,,,,high,sansad.in,
Suresh Kumar Shetkar,Lok Sabha,18,1,Suresh Kumar Shetkar,4523,Indian National Congress,Telangana,Zahirabad,"15,18",yes,high,sansad.in,
Vijayakumar Alias Vijay Vasanth,Lok Sabha,18,1,Vijayakumar Alias Vijay Vasanth,5533,Indian National Congress,Tamil Nadu,Kanniyakumari,"17,18",yes,high,sansad.in,
Sribharat Mathukumilli,Lok Sabha,18,1,Sribharat Mathukumilli,5623,Telugu Desam Party,Andhra Pradesh,Visakhapatnam,18,yes,high,sansad.in,
G Lakshminarayana,Lok Sabha,18,1,G Lakshminarayana,5584,Telugu Desam Party,Andhra Pradesh,Anantapur,18,yes,high,sansad.in,
Digvijaya Singh,Rajya Sabha,,1,Shri Digvijaya Singh,2279,Indian National Congress,Madhya Pradesh,,,,high,sansad.in,
Lahar Singh Siroya,Rajya Sabha,,1,Shri Lahar Singh Siroya,2539,Bharatiya Janata Party,Karnataka,,,,high,sansad.in,
Khalilur Rahaman,Lok Sabha,18,1,Khalilur Rahaman,5046,All India Trinamool Congress,West Bengal,Jangipur,"17,18",yes,high,sansad.in,
Mani A,Lok Sabha,18,1,Mani A,5814,Dravida Munnetra Kazhagam,Tamil Nadu,Dharmapuri,18,yes,high,sansad.in,
Zia Ur Rehman,Lok Sabha,18,1,Zia Ur Rehman,5822,Samajwadi Party,Uttar Pradesh,Sambhal,18,yes,high,sansad.in,
Rajeev Rai,Lok Sabha,18,1,Rajeev Rai,5769,Samajwadi Party,Uttar Pradesh,Ghosi,18,yes,high,sansad.in,
G M Harish Balayogi,Lok Sabha,18,1,G M Harish Balayogi,5722,Telugu Desam Party,Andhra Pradesh,Amalapuram,18,yes,high,sansad.in,
Balram Naik Porika,Lok Sabha,18,1,Balram Naik Porika,4322,Indian National Congress,Telangana,Mahabubabad,"15,18",yes,high,sansad.in,
Jebi Mather Hisham,Rajya Sabha,,1,Smt. Jebi Mather Hisham,2513,Indian National Congress,Kerala,,,,high,sansad.in,
Arup Chakraborty,Lok Sabha,18,1,Arup Chakraborty,5778,All India Trinamool Congress,West Bengal,Bankura,18,yes,high,sansad.in,
Babu Singh Kushwaha,Lok Sabha,18,1,Babu Singh Kushwaha,5635,Samajwadi Party,Uttar Pradesh,Jaunpur,18,yes,high,sansad.in,
Debashish Samantaray,Rajya Sabha,,1,Shri Debashish Samantaray,2622,Bharatiya Janata Party,Odisha,,,,high,sansad.in,
Phulo Devi Netam,Rajya Sabha,,1,Smt. Phulo Devi Netam,2460,Indian National Congress,Chhattisgarh,,,,high,sansad.in,
E Tukaram,Lok Sabha,18,1,E Tukaram,5823,Indian National Congress,Karnataka,Bellary,18,yes,high,sansad.in,
Rajesh Naranbhai Chudasama,Lok Sabha,18,1,Rajesh Naranbhai Chudasama,4865,Bharatiya Janata Party,Gujarat,Junagadh,"16,17,18",yes,high,sansad.in,
Suresh Kumar Kashyap,Lok Sabha,18,1,Suresh Kumar Kashyap,5113,Bharatiya Janata Party,Himachal Pradesh,Shimla,"17,18",yes,high,sansad.in,
Shivmangal Singh Tomar,Lok Sabha,18,1,Shivmangal Singh Tomar,5604,Bharatiya Janata Party,Madhya Pradesh,Morena,18,yes,high,sansad.in,
Vijay Kumar Dubey,Lok Sabha,18,1,Vijay Kumar Dubey,5151,Bharatiya Janata Party,Uttar Pradesh,Kushi Nagar,"17,18",yes,high,sansad.in,
Rachna Banerjee,Lok Sabha,18,1,Rachna Banerjee,5638,All India Trinamool Congress,West Bengal,Hooghly,18,yes,high,sansad.in,
Pathan Yusuf,Lok Sabha,18,1,Pathan Yusuf,5818,All India Trinamool Congress,West Bengal,Baharampur,18,yes,high,sansad.in,
Golla Baburao,Rajya Sabha,,1,Shri Golla Baburao,2586,Yuvajana Sramika Rythu Congress Party,Andhra Pradesh,,,,high,sansad.in,
Bachhav Shobha Dinesh,Lok Sabha,18,1,Bachhav Shobha Dinesh,5773,Indian National Congress,Maharashtra,Dhule,18,yes,high,sansad.in,
Kirsan Namdeo,Lok Sabha,18,1,Kirsan Namdeo,5727,Indian National Congress,Maharashtra,Gadchiroli-Chimur,18,yes,high,sansad.in,
Ramilaben Becharbhai Bara,Rajya Sabha,,1,Smt. Ramilaben Becharbhai Bara,2471,Bharatiya Janata Party,Gujarat,,,,high,sansad.in,
Manish Jaiswal,Lok Sabha,18,1,Manish Jaiswal,5673,Bharatiya Janata Party,Jharkhand,Hazaribagh,18,yes,high,sansad.in,
Murari Lal Meena,Lok Sabha,18,1,Murari Lal Meena,5717,Indian National Congress,Rajasthan,Dausa,18,yes,high,sansad.in,
Ashokrao Shankarrao Chavan,Rajya Sabha,,1,Shri Ashokrao Shankarrao Chavan,2607,Bharatiya Janata Party,Maharashtra,,,,high,sansad.in,
Ashok Kumar Mittal,Rajya Sabha,,1,Dr. Ashok Kumar Mittal,2518,Bharatiya Janata Party,Punjab,,,,high,sansad.in,
Prabha Mallikarjun,Lok Sabha,18,1,Prabha Mallikarjun,5753,Indian National Congress,Karnataka,Davanagere,18,yes,high,sansad.in,
MD. Rakibul Hussain,Lok Sabha,18,1,Rakibul Hussain,5724,Indian National Congress,Assam,Dhubri,18,yes,high,sansad.in,
Delkar Kalaben Mohanbhai,Lok Sabha,18,1,Delkar Kalaben Mohanbhai,5536,Bharatiya Janata Party,Dadra and Nagar Haveli and Daman and Diu,Dadra and Nagar Haveli,"17,18",yes,high,sansad.in,
Shivaji Bandappa Kalge,Lok Sabha,18,1,Shivaji Bandappa Kalge,5746,Indian National Congress,Maharashtra,Latur,18,yes,high,sansad.in,
Bhumare Sandipanrao Asaram,Lok Sabha,18,1,Bhumare Sandipanrao Asaram,5684,Shiv Sena,Maharashtra,Aurangabad,18,yes,high,sansad.in,
Gyaneshwar Patil,Lok Sabha,18,1,Gyaneshwar Patil,5535,Bharatiya Janata Party,Madhya Pradesh,Khandwa,"17,18",yes,high,sansad.in,
Haris Beeran,Rajya Sabha,,1,Shri Haris Beeran,2631,Indian Union Muslim League,Kerala,,,,high,sansad.in,
Captain Viriato Fernandes,Lok Sabha,18,1,Captain Viriato Fernandes,5710,Indian National Congress,Goa,South Goa,18,yes,high,sansad.in,
Anita Subhadarshini,Lok Sabha,18,1,Anita Subhadarshini,5597,Bharatiya Janata Party,Odisha,Aska,18,yes,high,sansad.in,
Lavu Sri Krishna Devarayalu,Lok Sabha,18,1,Lavu Sri Krishna Devarayalu,5096,Telugu Desam Party,Andhra Pradesh,Narasaraopet,"17,18",yes,high,sansad.in,
Ratanjit Pratap Narain Singh,Rajya Sabha,,1,Shri Ratanjit Pratap Narain Singh,2614,Bharatiya Janata Party,Uttar Pradesh,,,,high,sansad.in,
Sanjay Kumar Jha,Rajya Sabha,,1,Shri Sanjay Kumar Jha,2591,Janata Dal (United),Bihar,,,,high,sansad.in,
Satnam Singh Sandhu,Rajya Sabha,,1,Shri Satnam Singh Sandhu,2583,Bharatiya Janata Party,Nominated,,,,high,sansad.in,
Bharat Singh Kushwah,Lok Sabha,18,1,Bharat Singh Kushwah,5609,Bharatiya Janata Party,Madhya Pradesh,Gwalior,18,yes,high,sansad.in,
Chintamani Maharaj,Lok Sabha,18,1,Chintamani Maharaj,5702,Bharatiya Janata Party,Chhattisgarh,Surguja,18,yes,high,sansad.in,
Sujeet Kumar,Rajya Sabha,,1,Shri Sujeet Kumar,2447,Bharatiya Janata Party,Odisha,,,,high,sansad.in,
Pramod Tiwari,Rajya Sabha,,1,Shri Pramod Tiwari,2245,Indian National Congress,Rajasthan,,,,high,sansad.in,
Saket Gokhale,Rajya Sabha,,1,Shri Saket Gokhale,2574,All India Trinamool Congress,West Bengal,,,,high,sansad.in,
Vivek Thakur,Lok Sabha,18,1,Vivek Thakur,5712,Bharatiya Janata Party,Bihar,Nawada,18,yes,high,sansad.in,
Biplab Kumar Deb,Lok Sabha,18,1,Biplab Kumar Deb,5671,Bharatiya Janata Party,Tripura,Tripura West,18,yes,high,sansad.in,
Darshan Singh Choudhary,Lok Sabha,18,1,Darshan Singh Choudhary,5613,Bharatiya Janata Party,Madhya Pradesh,Hoshangabad,18,yes,high,sansad.in,
Charanjit Singh Channi,Lok Sabha,18,1,Charanjit Singh Channi,5750,Indian National Congress,Punjab,Jalandhar,18,yes,high,sansad.in,
Jagadish Shettar,Lok Sabha,18,1,Jagadish Shettar,5733,Bharatiya Janata Party,Karnataka,Belgaum,18,yes,high,sansad.in,
Miteshbhai Rameshbhai Patel,Lok Sabha,18,1,Miteshbhai Rameshbhai Patel,5018,Bharatiya Janata Party,Gujarat,Anand,"17,18",yes,high,sansad.in,
Manas Ranjan Mangaraj,Rajya Sabha,,1,Shri Manas Ranjan Mangaraj,2540,Biju Janata Dal,Odisha,,,,high,sansad.in,
Sunetra Ajit Pawar,Rajya Sabha,,1,Smt. Sunetra Ajit Pawar,2629,Nationalist Congress Party,Maharashtra,,,,high,sansad.in,
Bhojraj Nag,Lok Sabha,18,1,Bhojraj Nag,5732,Bharatiya Janata Party,Chhattisgarh,Kanker,18,yes,high,sansad.in,
Sudhakar Singh,Lok Sabha,18,1,Sudhakar Singh,5634,Rashtriya Janata Dal,Bihar,Buxar,18,yes,high,sansad.in,
Naveen Jindal,Lok Sabha,18,1,Naveen Jindal,4041,Bharatiya Janata Party,Haryana,Kurukshetra,"14,15,18",yes,high,sansad.in,
Prabhakar Reddy Vemireddy,Lok Sabha,18,1,Prabhakar Reddy Vemireddy,5765,Telugu Desam Party,Andhra Pradesh,Nellore,18,yes,high,sansad.in,
Durai Vaiko,Lok Sabha,18,1,Durai Vaiko,5828,Marumalarchi Dravida Munnetra Kazhagam,Tamil Nadu,Tiruchirappalli,18,yes,high,sansad.in,
Adhikari Deepak Dev,Lok Sabha,18,1,Adhikari Deepak Dev,4847,All India Trinamool Congress,West Bengal,Ghatal,"16,17,18",yes,high,sansad.in,
COM. Selvaraj V,Lok Sabha,18,1,Selvaraj V,5800,Communist Party of India,Tamil Nadu,Nagapattinam,18,yes,high,sansad.in,
Subbarayan K,Lok Sabha,18,1,Subbarayan K,4086,Communist Party of India,Tamil Nadu,Tiruppur,"14,17,18",yes,high,sansad.in,
Sanjay Singh,Rajya Sabha,,1,Shri Sanjay Singh,2372,Aam Aadmi Party,National Capital Territory of Delhi,,,,high,sansad.in,
Saptagiri Sankar Ulaka,Lok Sabha,18,1,Saptagiri Sankar Ulaka,4996,Indian National Congress,Odisha,Koraput,"17,18",yes,high,sansad.in,
Anup Sanjay Dhotre,Lok Sabha,18,1,Anup Sanjay Dhotre,5562,Bharatiya Janata Party,Maharashtra,Akola,18,yes,high,sansad.in,
Damodar Rao Divakonda,Rajya Sabha,,1,Shri Damodar Rao Divakonda,2529,Bharat Rashtra Samithi,Telangana,,,,high,sansad.in,
Rajeev Bharadwaj,Lok Sabha,18,1,Rajeev Bharadwaj,5695,Bharatiya Janata Party,Himachal Pradesh,Kangra,18,yes,high,sansad.in,
Vishnu Datt Sharma,Lok Sabha,18,1,Vishnu Datt Sharma,5066,Bharatiya Janata Party,Madhya Pradesh,Khajuraho,"17,18",yes,high,sansad.in,
Sumer Singh Solanki,Rajya Sabha,,1,Dr. Sumer Singh Solanki,2474,Bharatiya Janata Party,Madhya Pradesh,,,,high,sansad.in,
Sanjay Yadav,Rajya Sabha,,1,Shri Sanjay Yadav,2592,Rashtriya Janata Dal,Bihar,,,,high,sansad.in,
Raju Bista,Lok Sabha,18,1,Raju Bista,5042,Bharatiya Janata Party,West Bengal,Darjeeling,"17,18",yes,high,sansad.in,
Harsimrat Kaur Badal,Lok Sabha,18,1,Harsimrat Kaur Badal,4433,Shiromani Akali Dal,Punjab,Bathinda,"15,16,17,18",yes,high,sansad.in,
Kriti Devi Debbarman,Lok Sabha,18,1,Kriti Devi Debbarman,5575,Bharatiya Janata Party,Tripura,Tripura East,18,yes,high,sansad.in,
Kavita Patidar,Rajya Sabha,,1,Dr. Kavita Patidar,2532,Bharatiya Janata Party,Madhya Pradesh,,,,high,sansad.in,
K. Subbarayan,Lok Sabha,17,1,Subbarayan K,4086,Communist Party of India,Tamil Nadu,Tiruppur,"14,17,18",yes,high,sansad.in,
Darshana Singh,Rajya Sabha,,1,Smt. Darshana Singh,2553,Bharatiya Janata Party,Uttar Pradesh,,,,high,sansad.in,
Abdul Majeed Ariff,Lok Sabha,17,1,Adv. A. M. Ariff,5121,Communist Party of India (Marxist),Kerala,Alappuzha,17,yes,medium,sansad.in,
Queen Oja,Lok Sabha,17,1,Queen Oja,5104,Bharatiya Janata Party,Assam,Guwahati,17,yes,high,sansad.in,
Dhiraj Prasad Sahu,Rajya Sabha,,1,Shri Dhiraj Prasad Sahu,2107,Indian National Congress,Jharkhand,,,,high,sansad.in,
Mallikarjun Kharge,Rajya Sabha,,1,Shri Mallikarjun Kharge,2482,Indian National Congress,Karnataka,,,,high,sansad.in,
Jamyang Tsering Namgyal,Lok Sabha,17,1,Jamyang Tsering Namgyal,5006,Bharatiya Janata Party,Ladakh,Ladakh,17,yes,high,sansad.in,
Chandrani Murmu,Lok Sabha,17,1,Chandrani Murmu,4995,Biju Janata Dal,Odisha,Keonjhar,17,yes,high,sansad.in,
Kuldeep Rai Sharma,Lok Sabha,17,1,Kuldeep Rai Sharma,5119,Indian National Congress,Andaman and Nicobar Islands,Andaman and Nicobar Islands,17,yes,high,sansad.in,
Manjulata Mandal,Lok Sabha,17,1,Manjulata Mandal,4987,Biju Janata Dal,Odisha,Bhadrak,17,yes,high,sansad.in,
R.K. Singh Patel,Lok Sabha,17,1,R.K. Singh Patel,4331,Bharatiya Janata Party,Uttar Pradesh,Banda,"15,17",yes,high,sansad.in,
Sunil Baburao Mendhe,Lok Sabha,17,1,Sunil Baburao Mendhe,5188,Bharatiya Janata Party,Maharashtra,Bhandara-Gondiya,17,yes,high,sansad.in,
Amee Yajnik,Rajya Sabha,,1,Dr. Amee Yajnik,2381,Indian National Congress,Gujarat,,,,high,sansad.in,
Mahua Maji,Rajya Sabha,,1,Smt. Mahua Maji,2565,Jharkhand Mukti Morcha,Jharkhand,,,,high,sansad.in,
S. Jothimani,Lok Sabha,17,1,S Jothimani,4981,Indian National Congress,Tamil Nadu,Karur,"17,18",yes,high,sansad.in,
Naranbhai J. Rathwa,Rajya Sabha,,1,Shri Naranbhai J. Rathwa,2382,Indian National Congress,Gujarat,,,,high,sansad.in,
Harbhajan Singh,Rajya Sabha,,1,Shri Harbhajan Singh,2520,Bharatiya Janata Party,Punjab,,,,high,sansad.in,
Debasree Chaudhuri,Lok Sabha,17,1,Debasree Chaudhuri,5054,Bharatiya Janata Party,West Bengal,Raiganj,17,yes,high,sansad.in,
Sanjeev Kumar Singari,Lok Sabha,17,1,Sanjeev Kumar Singari,5094,Yuvajana Sramika Rythu Congress Party,Andhra Pradesh,Kurnool,17,yes,high,sansad.in,
Chinta Anuradha,Lok Sabha,17,1,Chinta Anuradha,5085,Yuvajana Sramika Rythu Congress Party,Andhra Pradesh,Amalapuram,17,yes,high,sansad.in,
M.K. Vishnu Prasad,Lok Sabha,17,1,M K Vishnu Prasad,4971,Indian National Congress,Tamil Nadu,Cuddalore,"17,18",yes,high,sansad.in,
T.R.V.S. Ramesh,Lok Sabha,17,1,T.R.V.S. Ramesh,4970,Dravida Munnetra Kazhagam,Tamil Nadu,Cuddalore,17,yes,high,sansad.in,
A. A. Rahim,Rajya Sabha,,1,Shri A. A. Rahim,2514,Communist Party of India (Marxist),Kerala,,,,high,sansad.in,
Vikramjit Singh Sahney,Rajya Sabha,,1,Dr. Vikramjit Singh Sahney,2546,Bharatiya Janata Party,Punjab,,,,high,sansad.in,
Sanghamitra Maurya,Lok Sabha,17,1,Sanghamitra Maurya,5135,Bharatiya Janata Party,Uttar Pradesh,Badaun,17,yes,high,sansad.in,
Ranjeeta Koli,Lok Sabha,17,1,Ranjeeta Koli,5208,Bharatiya Janata Party,Rajasthan,Bharatpur,17,yes,high,sansad.in,
S. Jagathrakshakan,Lok Sabha,17,1,Dr. S Jagathratchakan,157,Dravida Munnetra Kazhagam,Tamil Nadu,Arakkonam,"8,13,15,17,18",yes,low,sansad.in,yes
Gulam Ali,Rajya Sabha,,1,Shri Gulam Ali,2572,Bharatiya Janata Party,Nominated,,,,high,sansad.in,
Sanjay Seth,Lok Sabha,17,1,Sanjay Seth,5117,Bharatiya Janata Party,Jharkhand,Ranchi,"17,18",yes,high,sansad.in,
Shiromani Ram,Lok Sabha,17,1,Ram Shiromani Verma,5164,Samajwadi Party,Uttar Pradesh,Shrawasti,"17,18",yes,medium,sansad.in,
T. R. Paarivendhar,Lok Sabha,17,1,T. R. Paarivendhar,4980,Dravida Munnetra Kazhagam,Tamil Nadu,Perambalur,17,yes,high,sansad.in,
S. Venkatesan,Lok Sabha,17,1,S Venkatesan,4965,Communist Party of India (Marxist),Tamil Nadu,Madurai,"17,18",yes,high,sansad.in,
Hanuman Beniwal,Lok Sabha,17,1,Hanuman Beniwal,5205,Rashtriya Loktantrik Party,Rajasthan,Nagaur,"17,18",yes,high,sansad.in,
Manish Tewari,Lok Sabha,17,1,Manish Tewari,4430,Indian National Congress,Chandigarh,Chandigarh,"15,17,18",yes,high,sansad.in,
Sumalatha Ambareesh,Lok Sabha,17,1,Sumalatha Ambareesh,5180,Independent,Karnataka,Mandya,17,yes,high,sansad.in,
Nitesh Ganga Deb,Lok Sabha,17,1,Nitesh Ganga Deb,4999,Bharatiya Janata Party,Odisha,Sambalpur,17,yes,high,sansad.in,
Syed Naseer Hussain,Rajya Sabha,,1,Dr. Syed Naseer Hussain,2386,Indian National Congress,Karnataka,,,,high,sansad.in,
Pabitra Margherita,Rajya Sabha,,1,Shri Pabitra Margherita,2510,Bharatiya Janata Party,Assam,,,,high,sansad.in,
Ajay Kumar Mandal,Lok Sabha,17,1,Ajay Kumar Mandal,5170,Janata Dal (United),Bihar,Bhagalpur,"17,18",yes,high,sansad.in,
Navneet Ravi Rana,Lok Sabha,17,1,Navneet Ravi Rana,5191,Independent,Maharashtra,Amravati,17,yes,high,sansad.in,
Locket Chatterjee,Lok Sabha,17,1,Locket Chatterjee,5043,Bharatiya Janata Party,West Bengal,Hooghly,17,yes,high,sansad.in,
R. Girirajan,Rajya Sabha,,1,Shri R. Girirajan,2535,Dravida Munnetra Kazhagam,Tamil Nadu,,,,high,sansad.in,
Anil Sukhdeorao Bonde,Rajya Sabha,,1,Dr. Anil Sukhdeorao Bonde,2543,Bharatiya Janata Party,Maharashtra,,,,high,sansad.in,
Sangeeta Azad,Lok Sabha,17,1,Sangeeta Azad,5152,Bahujan Samaj Party,Uttar Pradesh,Lalganj,17,yes,high,sansad.in,
T. Sumathy (a) Thamizhachi Thangapandian,Lok Sabha,17,1,T Sumathy Alias Thamizhachi Thangapandian,4961,Dravida Munnetra Kazhagam,Tamil Nadu,Chennai South,"17,18",yes,medium,sansad.in,
Kuruva Gorantla Madhav,Lok Sabha,17,1,Kuruva Gorantla Madhav,5092,Yuvajana Sramika Rythu Congress Party,Andhra Pradesh,Hindupur,17,yes,high,sansad.in,
Beesetti Venkata Satyavathi,Lok Sabha,17,1,Venkata Satyavathi Beesetti,5086,Yuvajana Sramika Rythu Congress Party,Andhra Pradesh,Anakapalle,17,yes,high,sansad.in,
Muzibulla Khan,Rajya Sabha,,1,Shri Muzibulla Khan,2446,Biju Janata Dal,Odisha,,,,high,sansad.in,
C. R. Patil,Lok Sabha,17,1,Chandrakant Raghunath Patil,4452,Bharatiya Janata Party,Gujarat,Navsari,"15,16,17,18",yes,medium,sansad.in,
Brijbhushan Sharan Singh,Lok Sabha,17,1,Brijbhushan Sharan Singh,438,Bharatiya Janata Party,Uttar Pradesh,Kaiserganj,"10,13,14,15,16,17",yes,high,sansad.in,
Mahendra Singh Solanky,Lok Sabha,17,1,Mahendra Singh Solanky,5061,Bharatiya Janata Party,Madhya Pradesh,Dewas,"17,18",yes,high,sansad.in,
Praveen Kumar Nishad,Lok Sabha,17,1,Praveen Kumar Nishad,4947,Bharatiya Janata Party,Uttar Pradesh,Sant Kabir Nagar,"16,17",yes,high,sansad.in,
Sunil Kumar Soni,Lok Sabha,17,1,Sunil Kumar Soni,5014,Bharatiya Janata Party,Chhattisgarh,Raipur,17,yes,high,sansad.in,
Subrata Pathak,Lok Sabha,17,1,Subrat Pathak,5150,Bharatiya Janata Party,Uttar Pradesh,Kannauj,17,yes,medium,sansad.in,
B. Y. Raghavendra,Lok Sabha,17,1,B Y Raghavendra,4570,Bharatiya Janata Party,Karnataka,Shimoga,"15,16,17,18",yes,high,sansad.in,
Jawhar Sircar,Rajya Sabha,,1,Shri Jawhar Sircar,2501,All India Trinamool Congress,West Bengal,,,,high,sansad.in,
Kumbakudi Sudhakaran,Lok Sabha,17,1,K Sudhakaran,4558,Indian National Congress,Kerala,Kannur,"15,17,18",yes,medium,sansad.in,
Sushil Kumar Singh,Lok Sabha,17,1,Sushil Kumar Singh,3928,Bharatiya Janata Party,Bihar,Aurangabad,"12,15,16,17",yes,high,sansad.in,
Vivek Narayan Shejwalkar,Lok Sabha,17,1,Vivek Narayan Shejwalkar,5064,Bharatiya Janata Party,Madhya Pradesh,Gwalior,17,yes,high,sansad.in,
Nusrat Jahan Ruhi,Lok Sabha,17,1,Nussrat Jahan,4707,All India Trinamool Congress,West Bengal,Basirhat,17,yes,high,sansad.in (search API),
Midhun Reddy,Lok Sabha,17,1,P V Midhun Reddy,4688,YSR Congress Party,Andhra Pradesh,Rajampet,"16,17,18",yes,high,sansad.in (search API),
Reddeppa Nallakonda Gari,Lok Sabha,17,1,Reddeppa Nallakonda Gari,5090,Yuvajana Sramika Rythu Congress Party,Andhra Pradesh,Chittoor,17,yes,high,sansad.in,
T.G. Venkatesh,Rajya Sabha,,1,Shri T.G. Venkatesh,2327,Bharatiya Janata Party,Andhra Pradesh,,,,high,sansad.in,
Kanakamedala Ravindra Kumar,Rajya Sabha,,1,Shri Kanakamedala Ravindra Kumar,2376,Telugu Desam Party,Andhra Pradesh,,,,high,sansad.in,
M.V. Shreyams Kumar,Rajya Sabha,,1,Shri M.V. Shreyams Kumar,2485,Loktantrik Janata Dal,Kerala,,,,high,sansad.in,
Suresh Pujari,Lok Sabha,17,1,Suresh Kumar Pujari,4986,Bharatiya Janata Party,Odisha,Bargarh,17,yes,medium,sansad.in,
Girish Chandra,Lok Sabha,17,1,Girish Chandra,5156,Bahujan Samaj Party,Uttar Pradesh,Nagina,17,yes,high,sansad.in,
Shardaben Anilbhai Patel,Lok Sabha,17,1,Sharda Anilkumar Patel,5022,Bharatiya Janata Party,Gujarat,Mahesana,17,yes,high,sansad.in (search API),
Mitesh Rameshbhai (bakabhai) Patel,Lok Sabha,17,1,Miteshbhai Rameshbhai Patel,5018,Bharatiya Janata Party,Gujarat,Anand,"17,18",yes,high,sansad.in,
Gautham Sigamani Pon,Lok Sabha,17,1,Gautham Sigamani Pon,4975,Dravida Munnetra Kazhagam,Tamil Nadu,Kallakurichi,17,yes,high,sansad.in,
Rebati Tripura,Lok Sabha,17,1,Rebati Tripura,4982,Bharatiya Janata Party,Tripura,Tripura East,17,yes,high,sansad.in,
Dulal Chandra Goswami,Lok Sabha,17,1,Dulal Chandra Goswami,5215,Janata Dal (United),Bihar,Katihar,17,yes,high,sansad.in,
Ajit Kumar Bhuyan,Rajya Sabha,,1,Shri Ajit Kumar Bhuyan,2457,Independent & Others,Assam,,,,high,sansad.in,
M. Mohamed Abdulla,Rajya Sabha,,1,Shri M. Mohamed Abdulla,2502,Dravida Munnetra Kazhagam,Tamil Nadu,,,,high,sansad.in,
Jugal Kishore Sharma,Lok Sabha,17,1,Jugal Kishore,4720,Bharatiya Janata Party,Jammu and Kashmir,Jammu,"16,17,18",yes,medium,sansad.in,
Hemant Patil,Lok Sabha,17,1,Hemant Shriram Patil,5184,Shiv Sena,Maharashtra,Hingoli,17,yes,medium,sansad.in,
K. Muraleedharan,Lok Sabha,17,1,K. Muraleedharan,262,Indian National Congress,Kerala,Vadakara,"9,10,13,17",yes,high,sansad.in,
Devendrappa Y,Lok Sabha,17,1,Devendrappa Y,5171,Bharatiya Janata Party,Karnataka,Bellary,17,yes,high,sansad.in,
Jyotirmay Singh Mahato,Lok Sabha,17,1,Jyotirmay Singh Mahato,5053,Bharatiya Janata Party,West Bengal,Purulia,"17,18",yes,high,sansad.in,
Sanjay Bhatia,Lok Sabha,17,1,Sanjay Bhatia,5029,Bharatiya Janata Party,Haryana,Karnal,17,yes,high,sansad.in,
Vivek Thakur,Rajya Sabha,,1,Shri Vivek Thakur,2459,Bharatiya Janata Party,Bihar,,,,high,sansad.in,
Ram Vichar Netam,Rajya Sabha,,1,Shri Ram Vichar Netam,2332,Bharatiya Janata Party,Chhattisgarh,,,,high,sansad.in,
Bharti Pravin Pawar,Lok Sabha,17,1,Bharati Pravin Pawar,5201,Bharatiya Janata Party,Maharashtra,Dindori,17,yes,medium,sansad.in,
Balak Nath,Lok Sabha,17,1,Balak Nath,5204,Bharatiya Janata Party,Rajasthan,Alwar,17,yes,high,sansad.in,
Amar Patnaik,Rajya Sabha,,1,Dr. Amar Patnaik,2424,Biju Janata Dal,Odisha,,,,high,sansad.in,
Khagen Murmu,Lok Sabha,17,1,Khagen Murmu,5050,Bharatiya Janata Party,West Bengal,Maldaha Uttar,"17,18",yes,high,sansad.in,
Jasbir Singh Gill,Lok Sabha,17,1,Jasbir Singh Gill,5165,Indian National Congress,Punjab,Khadoor Sahib,17,yes,high,sansad.in,
Mohammad Jawed,Lok Sabha,17,1,Mohammad Jawed,5216,Indian National Congress,Bihar,Kishanganj,"17,18",yes,high,sansad.in,
Priyanka Chaturvedi,Rajya Sabha,,1,Smt. Priyanka Chaturvedi,2442,Shiv Sena-Uddhav Balasaheb Thackeray,Maharashtra,,,,high,sansad.in,
Satish Chandra Dubey,Rajya Sabha,,1,Shri Satish Chandra Dubey,2435,Bharatiya Janata Party,Bihar,,,,high,sansad.in,
K.P. Munusamy,Rajya Sabha,,1,Shri K.P. Munusamy,2452,All India Anna Dravida Munnetra Kazhagam,Tamil Nadu,,,,high,sansad.in,
Jyotiraditya M. Scindia,Rajya Sabha,,1,Shri Jyotiraditya M. Scindia,2473,Bharatiya Janata Party,Madhya Pradesh,,,,high,sansad.in,
Kanta Kardam,Rajya Sabha,,1,Smt. Kanta Kardam,2399,Bharatiya Janata Party,Uttar Pradesh,,,,high,sansad.in,
A. Mohammedjan,Rajya Sabha,,1,Shri A. Mohammedjan,2430,All India Anna Dravida Munnetra Kazhagam,Tamil Nadu,,,,high,sansad.in,
Chandra Sekhar Bellana,Lok Sabha,17,1,Chandra Sekhar Bellana,5102,Yuvajana Sramika Rythu Congress Party,Andhra Pradesh,Vizianagaram,17,yes,high,sansad.in,
Parvatagouda Chandanagouda Gaddigoudar,Lok Sabha,17,1,Gaddigoudar Parvatagouda Chandanagouda,3984,Bharatiya Janata Party,Karnataka,Bagalkot,"14,15,16,17,18",yes,high,sansad.in,
K. Shanmuga Sundaram,Lok Sabha,17,1,K. Shanmuga Sundaram,4978,Dravida Munnetra Kazhagam,Tamil Nadu,Pollachi,17,yes,high,sansad.in,
Jharna Das Baidya,Rajya Sabha,,1,Smt. Jharna Das Baidya,2141,Communist Party of India (Marxist),Tripura,,,,high,sansad.in,
Sunil Dattatray Tatkare,Lok Sabha,17,1,Tatkare Sunil Dattatrey,5199,Nationalist Congress Party,Maharashtra,Raigad,"17,18",yes,high,sansad.in (search API),
Imtiaz Jaleel Syed,Lok Sabha,17,1,Shri Syed Imtiaz Jaleel,5200,All India Majlis-E-Ittehadul Muslimeen,Maharashtra,Aurangabad,17,yes,high,sansad.in,
Mohammad Akbar Lone,Lok Sabha,17,1,Mohammad Akbar Lone,5005,Jammu and Kashmir National Conference,Jammu and Kashmir,Baramulla,17,yes,high,sansad.in,
Jagannath Sarkar,Lok Sabha,17,1,Jagannath Sarkar,5055,Bharatiya Janata Party,West Bengal,Ranaghat,"17,18",yes,high,sansad.in,
N.K. Premachandran,Lok Sabha,17,1,N K Premachandran,3754,Revolutionary Socialist Party,Kerala,Kollam,"11,12,16,17,18",yes,high,sansad.in,
Rajiv Ranjan (lalan) Singh,Lok Sabha,17,1,Rajiv Ranjan Singh,4134,Janata Dal (United),Bihar,Munger,"14,15,17,18",yes,high,sansad.in,
Amar Singh,Lok Sabha,17,1,Amar Singh,5169,Indian National Congress,Punjab,Fatehgarh Sahib,"17,18",yes,high,sansad.in,
Dipsinh Shankarsinh Rathod,Lok Sabha,17,1,Dipsinh Shankarsinh Rathod,4691,Bharatiya Janata Party,Gujarat,Sabarkantha,"16,17",yes,high,sansad.in,
Dharmapuri Srinivas,Rajya Sabha,,1,Shri Dharmapuri Srinivas,2330,Telangana Rashtra Samithi,Telangana,,,,high,sansad.in,
Sampatiya Uikey,Rajya Sabha,,1,Smt. Sampatiya Uikey,2366,Bharatiya Janata Party,Madhya Pradesh,,,,high,sansad.in,
Vijay Baghel,Lok Sabha,17,1,Vijay Baghel,5007,Bharatiya Janata Party,Chhattisgarh,Durg,"17,18",yes,high,sansad.in,
Santanu Sen,Rajya Sabha,,1,Dr. Santanu Sen,2407,All India Trinamool Congress,West Bengal,,,,high,sansad.in,
Kamakhya Prasad Tasa,Rajya Sabha,,1,Shri Kamakhya Prasad Tasa,2422,Bharatiya Janata Party,Assam,,,,high,sansad.in,
Ritesh Pandey,Lok Sabha,17,1,Ritesh Pandey,5132,Bahujan Samaj Party,Uttar Pradesh,Ambedkar Nagar,17,yes,high,sansad.in,
Arvind Kumar Sharma,Lok Sabha,17,1,Arvind Kumar Sharma,3785,Bharatiya Janata Party,Haryana,Rohtak,"11,14,15,17",yes,high,sansad.in,
Bache Gowda B.N.,Lok Sabha,17,1,Bache Gowda B.N.,5173,Bharatiya Janata Party,Karnataka,Chikkballapur,17,yes,high,sansad.in,
Elamaram Kareem,Rajya Sabha,,1,Shri Elamaram Kareem,2415,Communist Party of India (Marxist),Kerala,,,,high,sansad.in,
Ahamed Hassan,Rajya Sabha,,1,Shri Ahamed Hassan,2262,All India Trinamool Congress,West Bengal,,,,high,sansad.in,
Pradyut Bordoloi,Lok Sabha,17,1,Pradyut Bordoloi,5108,Indian National Congress,Assam,Nagaon,"17,18",yes,high,sansad.in,
A.K.P. Chinraj,Lok Sabha,17,1,A.K.P. Chinraj,4979,Dravida Munnetra Kazhagam,Tamil Nadu,Namakkal,17,yes,high,sansad.in,
Venkatesh Netha Borlakunta,Lok Sabha,17,1,Venkatesh Netha Borlakunta,5083,Telangana Rashtra Samithi,Telangana,Peddapalle,17,yes,high,sansad.in,
M V V Satyanarayana,Lok Sabha,17,1,M V V Satyanarayana,5099,Yuvajana Sramika Rythu Congress Party,Andhra Pradesh,Visakhapatnam,17,yes,high,sansad.in,
Chandeshwar Prasad,Lok Sabha,17,1,Chandeshwar Prasad,5213,Janata Dal (United),Bihar,Jahanabad,17,yes,high,sansad.in,
Karti P. Chidambaram,Lok Sabha,17,1,Karti P Chidambaram,4967,Indian National Congress,Tamil Nadu,Sivaganga,"17,18",yes,high,sansad.in,
Vinay P. Sahasrabuddhe,Rajya Sabha,,1,Dr. Vinay P. Sahasrabuddhe,2345,Bharatiya Janata Party,Maharashtra,,,,high,sansad.in,
Gitaben Vajesingbhai Rathva,Lok Sabha,17,1,Gitaben Vajesingbhai Rathva,5020,Bharatiya Janata Party,Gujarat,Chhota Udaipur,17,yes,high,sansad.in,
Veer Singh,Rajya Sabha,,1,Shri Veer Singh,1916,Bahujan Samaj Party,Uttar Pradesh,,,,high,sansad.in,
Narayan Rane,Rajya Sabha,,1,Shri Narayan Rane,2391,Bharatiya Janata Party,Maharashtra,,,,high,sansad.in,
Durga Prasad Rao Balli,Lok Sabha,17,1,Durga Prasad Rao Balli,5101,Yuvajana Sramika Rythu Congress Party,Andhra Pradesh,Tirupati,17,yes,high,sansad.in,
Deepak Baij,Lok Sabha,17,1,Deepak Baij,5008,Indian National Congress,Chhattisgarh,Bastar,17,yes,high,sansad.in,
Kripanath Mallah,Lok Sabha,17,1,Kripanath Mallah,5106,Bharatiya Janata Party,Assam,Karimganj,"17,18",yes,high,sansad.in,
L.R. Shivaramegowda,Lok Sabha,16,1,Lalanakere Ramegowda Shivaramegowda,4954,Bharatiya Janata Party,Karnataka,Mysore,16,yes,medium,sansad.in,
Anju Bala,Lok Sabha,16,1,Anju Bala,4724,Bharatiya Janata Party,Uttar Pradesh,Misrikh,16,yes,high,sansad.in,
"Tejpratap Singh,yadav",Lok Sabha,16,1,Tejpratap Singh Yadav,4925,Samajwadi Party,Uttar Pradesh,Mainpuri,16,yes,high,sansad.in,
R. Vaithilingam,Rajya Sabha,,1,Shri R. Vaithilingam,2334,All India Anna Dravida Munnetra Kazhagam,Tamil Nadu,,,,high,sansad.in,
Abhishek Singh,Lok Sabha,16,1,Abhishek Singh,4742,Bharatiya Janata Party,Chhattisgarh,Rajnandgaon,16,yes,high,sansad.in,
Mallikarjun Kharge,Lok Sabha,16,1,Mallikarjun Kharge,4315,Indian National Congress,Karnataka,Gulbarga,"15,16",yes,high,sansad.in,
(adv.) Joice George,Lok Sabha,16,1,(Adv.) Joice George,4686,Independent,Kerala,Idukki,16,yes,high,sansad.in,
Abhijit Mukherjee,Lok Sabha,16,1,Abhijit Mukherjee,4581,Indian National Congress,West Bengal,Jangipur,"15,16",yes,high,sansad.in,
Nagendra Pratap Singh Patel,Lok Sabha,16,1,Nagendra Pratap Singh Patel,4946,Samajwadi Party,Uttar Pradesh,Phulpur,16,yes,high,sansad.in,
Murali Mohan Maganti,Lok Sabha,16,1,Murali Mohan Maganti,4699,Telugu Desam Party,Andhra Pradesh,Rajahmundry,16,yes,high,sansad.in,
Dinesh Trivedi,Lok Sabha,16,1,Dinesh Trivedi,4487,All India Trinamool Congress,West Bengal,Barrackpur,"15,16",yes,high,sansad.in,
Anil Shirole,Lok Sabha,16,1,Anil (alias Padmakar) Gulabrao,4746,Bharatiya Janata Party,Maharashtra,Pune,16,yes,high,sansad.in,
Sona Ram Choudhary,Lok Sabha,16,1,VSM (Retd.) Col. Choudhary,89,Bharatiya Janata Party,Rajasthan,Barmer,"11,12,13,16",yes,high,sansad.in,
Adhir Ranjan Chowdhury,Lok Sabha,16,1,Adhir Ranjan Chowdhury,97,Indian National Congress,West Bengal,Baharampur,"13,14,15,16,17",yes,high,sansad.in,
Prabhas Kumar Singh,Lok Sabha,16,1,Prabhas Kumar Singh,4807,Biju Janata Dal,Odisha,Bargarh,16,yes,high,sansad.in,
Ravindra Kumar Ray,Lok Sabha,16,1,Ravindra Kumar Ray,4668,Bharatiya Janata Party,Jharkhand,Kodarma,16,yes,high,sansad.in,
Ramsinh Patalyabhai Rathwa,Lok Sabha,16,1,Ramsinh Pataliyabhai Rathwa,364,Bharatiya Janata Party,Gujarat,Chhota Udaipur,"13,15,16",yes,medium,sansad.in,
Ramesh Pokhriyal Nishank,Lok Sabha,16,1,Ramesh Pokhriyal Nishank,4761,Bharatiya Janata Party,Uttarakhand,Hardwar,"16,17",yes,high,sansad.in,
Srihari Kadiyam,Lok Sabha,16,1,Srihari Kadiyam,4801,Telangana Rashtra Samithi,Telangana,Warangal,16,yes,high,sansad.in,
J.C. Divakar Reddy,Lok Sabha,16,1,J.C. Divakar Reddy,4700,Telugu Desam Party,Andhra Pradesh,Anantapur,16,yes,high,sansad.in,
Harivansh,Rajya Sabha,,1,Shri Harivansh,2269,Nominated,Nominated,,,,high,sansad.in,
Tamradhwaj Sahu,Lok Sabha,16,1,Tamradhwaj Sahu,4614,Indian National Congress,Chhattisgarh,Durg,16,yes,high,sansad.in,
K. Rahman Khan,Rajya Sabha,,1,Shri K. Rahman Khan,245,Indian National Congress,Karnataka,,,,high,sansad.in,
Chunibhai Kanjibhai Gohel,Rajya Sabha,,1,Shri Chunibhai Kanjibhai Gohel,2272,Bharatiya Janata Party,Gujarat,,,,high,sansad.in,
Bharati Dhirubhai Shiyal,Lok Sabha,16,1,Bharatiben Dhirubhai Shiyal,4693,Bharatiya Janata Party,Gujarat,Bhavnagar,"16,17",yes,high,sansad.in,
Ramkumar Verma,Rajya Sabha,,1,Shri Ramkumar Verma,2355,Bharatiya Janata Party,Rajasthan,,,,high,sansad.in,
A.P. Jithender Reddy,Lok Sabha,16,1,A.P. Jithender Reddy,380,Telangana Rashtra Samithi,Telangana,Mahbubnagar,"13,16",yes,high,sansad.in,
Mohanbhai Kalyanjibhai Kundariya,Lok Sabha,16,1,Mohanbhai Kalyanji Kundariya,4692,Bharatiya Janata Party,Gujarat,Rajkot,"16,17",yes,high,sansad.in,
Mausam Noor,Lok Sabha,16,1,Mausam Noor,4483,Indian National Congress,West Bengal,Maldaha Uttar,"15,16",yes,high,sansad.in,
Konakalla Narayana Rao,Lok Sabha,16,1,Konakalla Narayana Rao,4527,Telugu Desam Party,Andhra Pradesh,Machilipatnam,"15,16",yes,high,sansad.in,
Richard Hay,Lok Sabha,16,1,Richard Hay,4932,Bharatiya Janata Party,Kerala,Nominated Anglo-Indian,16,yes,high,sansad.in,
Sharad Bansode,Lok Sabha,16,1,Sharadkumar Maruti Bansode,4706,Bharatiya Janata Party,Maharashtra,Solapur,16,yes,high,sansad.in (search API),
Innocent,Lok Sabha,16,1,Innocent,4886,Independent,Kerala,Chalakudy,16,yes,high,sansad.in,
J. Jayasingh Thiyagaraj Natterjee,Lok Sabha,16,1,Jayasingh Thiyagaraj Natterjee,4876,All India Anna Dravida Munnetra Kazhagam,Tamil Nadu,Thoothukkudi,16,yes,medium,sansad.in,
Anwhar Raajhaa,Lok Sabha,16,1,A. Anwhar Raajhaa,4893,All India Anna Dravida Munnetra Kazhagam,Tamil Nadu,Ramanathapuram,16,yes,medium,sansad.in,
Harish Chandra Meena,Lok Sabha,16,1,Harish Chandra Meena,4640,Indian National Congress,Rajasthan,Tonk-Sawai Madhopur,"16,18",yes,high,sansad.in,
R.P. Marutharajaa,Lok Sabha,16,1,R.P. Marutharajaa,4867,All India Anna Dravida Munnetra Kazhagam,Tamil Nadu,Perambalur,16,yes,high,sansad.in,
Janardan Mishra,Lok Sabha,16,1,Janardan Mishra,4728,Bharatiya Janata Party,Madhya Pradesh,Rewa,"16,17,18",yes,high,sansad.in,
Gajendra Singh Shekhawat,Lok Sabha,16,1,Gajendra Singh Shekhawat,4670,Bharatiya Janata Party,Rajasthan,Jodhpur,"16,17,18",yes,high,sansad.in,
Meghraj Jain,Rajya Sabha,,1,Shri Meghraj Jain,2176,Bharatiya Janata Party,Madhya Pradesh,,,,high,sansad.in,
MD. Badariddoza Khan,Lok Sabha,16,1,Md. Badaruddoza Khan,4824,Communist Party of India (Marxist),West Bengal,Murshidabad,16,yes,medium,sansad.in,
Janak Ram,Lok Sabha,16,1,Janak Ram,4719,Bharatiya Janata Party,Bihar,Gopalganj,16,yes,high,sansad.in,
Vikram Usendi,Lok Sabha,16,1,Vikram Usendi,4915,Bharatiya Janata Party,Chhattisgarh,Kanker,16,yes,high,sansad.in,
Sultan Ahmed,Lok Sabha,16,1,Sultan Ahmed,4497,All India Trinamool Congress,West Bengal,Uluberia,"15,16",yes,high,sansad.in,
Ponnusamy Venugopal,Lok Sabha,16,1,Ponnusamy Venugopal,4532,All India Anna Dravida Munnetra Kazhagam,Tamil Nadu,Tiruvallur,"15,16",yes,high,sansad.in,
Bahadur Singh Koli,Lok Sabha,16,1,Bahadur Singh Koli,436,Bharatiya Janata Party,Rajasthan,Bharatpur,"13,16",yes,high,sansad.in,
MOHD. Ali Khan,Rajya Sabha,,1,Shri Mohd. Ali Khan,2066,Indian National Congress,Andhra Pradesh,,,,high,sansad.in,
Bhushan Lal Jangde,Rajya Sabha,,1,Dr. Bhushan Lal Jangde,2206,Bharatiya Janata Party,Chhattisgarh,,,,high,sansad.in,
Thota Seetharama Lakshmi,Rajya Sabha,,1,Smt. Thota Seetharama Lakshmi,2265,Telugu Desam Party,Andhra Pradesh,,,,high,sansad.in,
Alok Sanjar,Lok Sabha,16,1,Alok Sanjar,4703,Bharatiya Janata Party,Madhya Pradesh,Bhopal,16,yes,high,sansad.in,
Parayamparanbil Kuttappan Biju,Lok Sabha,16,1,Parayamparambil Kuttappan Biju,4563,Communist Party of India (Marxist),Kerala,Alathur,"15,16",yes,medium,sansad.in,
Bharatendra Singh,Lok Sabha,16,1,Bharatendra Singh,4723,Bharatiya Janata Party,Uttar Pradesh,Bijnor,16,yes,high,sansad.in,
Elumalai Vellaigounder,Lok Sabha,16,1,Elumalai V.,4841,All India Anna Dravida Munnetra Kazhagam,Tamil Nadu,Arani,16,yes,medium,sansad.in,
Ajay Sancheti,Rajya Sabha,,1,Shri Ajay Sancheti,2213,Bharatiya Janata Party,Maharashtra,,,,high,sansad.in,
Chandu Lal Sahu,Lok Sabha,16,1,Chandu Lal Sahu,4362,Bharatiya Janata Party,Chhattisgarh,Mahasamund,"15,16",yes,high,sansad.in,
Satya Pal Singh,Lok Sabha,16,1,Satya Pal Singh,4630,Bharatiya Janata Party,Uttar Pradesh,Sambhal,16,yes,medium,sansad.in,
M. K. Raghavan,Lok Sabha,16,1,M K Raghavan,4560,Indian National Congress,Kerala,Kozhikode,"15,16,17,18",yes,high,sansad.in,
Kapil Sibal,Rajya Sabha,,1,Shri Kapil Sibal,74,Independent & Others,Uttar Pradesh,,,,high,sansad.in,
Shantaram Naik,Rajya Sabha,,1,Shri Shantaram Naik,1981,Indian National Congress,Goa,,,,high,sansad.in,
K.K. Ragesh,Rajya Sabha,,1,Shri K.K. Ragesh,2308,Communist Party of India (Marxist),Kerala,,,,high,sansad.in,
Hari Babu Kambhampati,Lok Sabha,16,1,Hari Babu Kambhampati,4743,Bharatiya Janata Party,Andhra Pradesh,Visakhapatnam,16,yes,high,sansad.in,
V. Sathyabama,Lok Sabha,16,1,V. Sathyabama,4901,All India Anna Dravida Munnetra Kazhagam,Tamil Nadu,Tiruppur,16,yes,high,sansad.in,
Kiranmay Nanda,Rajya Sabha,,1,Shri Kiranmay Nanda,2217,Samajwadi Party,Uttar Pradesh,,,,high,sansad.in,
C.S. Puttaraju,Lok Sabha,16,1,C.S. Puttaraju,4821,Janata Dal (Secular),Karnataka,Mandya,16,yes,high,sansad.in,
Muthamsetti Srinivasa Rao (avnthi),Lok Sabha,16,1,Muthamsetti Srinivasa Rao (Avanthi),4740,Telugu Desam Party,Andhra Pradesh,Anakapalle,16,yes,high,sansad.in,
Lallu Singh,Lok Sabha,16,1,Lallu Singh,4752,Bharatiya Janata Party,Uttar Pradesh,Faizabad,"16,17",yes,high,sansad.in,
Naresh Gujral,Rajya Sabha,,1,Shri Naresh Gujral,2040,Shiromani Akali Dal,Punjab,,,,high,sansad.in,
S.P. Muddahanumegowda,Lok Sabha,16,1,S.P. Muddahanumegowda,4791,Indian National Congress,Karnataka,Tumkur,16,yes,high,sansad.in,
Sanjiv Kumar,Rajya Sabha,,1,Shri Sanjiv Kumar,2230,Jharkhand Mukti Morcha,Jharkhand,,,,high,sansad.in,
Kalikesh Narayan Singh Deo,Lok Sabha,16,1,Kalikesh Narayan Singh Deo,4419,Biju Janata Dal,Odisha,Bolangir,"15,16",yes,high,sansad.in,
Rekha Arun Verma,Lok Sabha,16,1,Rekha Arun Verma,4918,Bharatiya Janata Party,Uttar Pradesh,Dhaurahra,"16,17",yes,high,sansad.in,
T.K. Rangarajan,Rajya Sabha,,1,Shri T.K. Rangarajan,2058,Communist Party of India (Marxist),Tamil Nadu,,,,high,sansad.in,
Vijay Goel,Rajya Sabha,,1,Shri Vijay Goel,2281,Bharatiya Janata Party,Rajasthan,,,,high,sansad.in,
(retd) Bhuwan Chandra Khanduri Avsm,Lok Sabha,16,1,Bhuwan Chandra AVSM (Retd.) Khanduri,196,Bharatiya Janata Party,Uttarakhand,Garhwal,"10,12,13,14,16",yes,high,sansad.in,
Ashwini Kumar Choubey,Lok Sabha,16,1,Ashwini Kumar Choubey,4650,Bharatiya Janata Party,Bihar,Buxar,"16,17",yes,high,sansad.in,
A.U. Singh Deo,Rajya Sabha,,1,Shri A.U. Singh Deo,2252,Biju Janata Dal,Odisha,,,,high,sansad.in,
Ramachandran Mullappally,Lok Sabha,16,1,Ramachandran Mullappally,3085,Indian National Congress,Kerala,Vadakara,"8,9,10,11,12,15,16",yes,high,sansad.in,
Dilip Kumar Mansukhlal Gandhi,Lok Sabha,16,1,Dilip Kumar Mansukhlal Gandhi,128,Bharatiya Janata Party,Maharashtra,Ahmednagar,"13,15,16",yes,high,sansad.in,
Sushmita Dev,Lok Sabha,16,1,Sushmita Dev,4784,Indian National Congress,Assam,Silchar,16,yes,high,sansad.in,
Pralhad Venkatesh Joshi,Lok Sabha,16,1,Pralhad Joshi,3982,Bharatiya Janata Party,Karnataka,Dharwad,"14,15,16,17,18",yes,medium,sansad.in,
Bhanu Pratap Singh Verma,Lok Sabha,16,1,Bhanu Pratap Singh Verma,3824,Bharatiya Janata Party,Uttar Pradesh,Jalaun,"11,12,14,16,17",yes,high,sansad.in,
Ranvijay Singh Judev,Rajya Sabha,,1,Shri Ranvijay Singh Judev,2271,Bharatiya Janata Party,Chhattisgarh,,,,high,sansad.in,
Vinod Kumar Boianapalli,Lok Sabha,16,1,Vinod Kumar Boianapalli,4084,Telangana Rashtra Samithi,Telangana,Karimnagar,"14,16",yes,high,sansad.in,
Parasuraman K.,Lok Sabha,16,1,Parasuraman K.,4885,All India Anna Dravida Munnetra Kazhagam,Tamil Nadu,Thanjavur,16,yes,high,sansad.in,
A.T. (nana) Patil,Lok Sabha,16,1,A.T. (Nana) Patil,4370,Bharatiya Janata Party,Maharashtra,Jalgaon,"15,16",yes,high,sansad.in,
R.K. Bharathi Mohan,Lok Sabha,16,1,R.K. Bharathimohan,4852,All India Anna Dravida Munnetra Kazhagam,Tamil Nadu,Mayiladuthurai,16,yes,medium,sansad.in,
Bhavana Gawali (patil),Lok Sabha,16,1,Bhavana Gawali (Patil),135,Shiv Sena,Maharashtra,Yavatmal-Washim,"13,14,15,16,17",yes,high,sansad.in,
Mahendra Nath Pandey,Lok Sabha,16,1,Mahendra Nath Pandey,4917,Bharatiya Janata Party,Uttar Pradesh,Chandauli,"16,17",yes,high,sansad.in,
Nityanand Rai,Lok Sabha,16,1,Nityanand Rai,4625,Bharatiya Janata Party,Bihar,Ujiarpur,"16,17,18",yes,high,sansad.in,
Seetaram Ajmeera Naik,Lok Sabha,16,1,Azmeera Seetaram Naik,4874,Telugu Desam Party,Telangana,Mahabubabad,16,yes,high,sansad.in (search API),
Hemamalini,Lok Sabha,16,1,Hema Malini,4619,Bharatiya Janata Party,Uttar Pradesh,Mathura,"16,17,18",yes,medium,sansad.in,
C. N. Jayadevan,Lok Sabha,16,1,C. N. Jayadevan,4827,Communist Party of India,Kerala,Thrissur,16,yes,high,sansad.in,
Chirag Paswan,Lok Sabha,16,1,Chirag Paswan,4777,Lok Jan Shakti Party (Ram Vilas),Bihar,Hajipur,"16,17,18",yes,high,sansad.in,
T.N. Seema,Rajya Sabha,,1,Dr. T.N. Seema,2139,Communist Party of India (Marxist),Kerala,,,,high,sansad.in,
D. Raja,Rajya Sabha,,1,Shri D. Raja,2047,Communist Party of India,Tamil Nadu,,,,high,sansad.in,
K.V.P. Ramachandra Rao,Rajya Sabha,,1,Dr. K.V.P. Ramachandra Rao,2068,Indian National Congress,Telangana,,,,high,sansad.in,
Ram Kumar Sharma Kushwaha,Lok Sabha,16,1,Ram Kumar Sharma,4714,Rashtriya Lok Samta Party,Bihar,Sitamarhi,16,yes,medium,sansad.in,
Tariq Anwar,Lok Sabha,16,1,Tariq Anwar,2664,Indian National Congress,Bihar,Katihar,"7,8,11,12,16,18",yes,high,sansad.in,
Sasikala Pushpa Ramaswamy,Rajya Sabha,,1,Dr. Sasikala Pushpa Ramaswamy,2257,All India Anna Dravida Munnetra Kazhagam,Tamil Nadu,,,,high,sansad.in,
Kunwar Sarvesh Kumar,Lok Sabha,16,1,Kunwar Sarvesh Kumar,4778,Bharatiya Janata Party,Uttar Pradesh,Moradabad,16,yes,high,sansad.in,
Krishnan Narayanasamy Ramachandran,Lok Sabha,16,1,Krishnan Narayanasamy Ramachandran,4889,All India Anna Dravida Munnetra Kazhagam,Tamil Nadu,Sriperumbudur,16,yes,high,sansad.in,
Dilip Patel,Lok Sabha,16,1,Dilip M. Patel,4887,Bharatiya Janata Party,Gujarat,Anand,16,yes,low,sansad.in,yes
Sukhdev Singh Dhindsa,Rajya Sabha,,1,Sardar Sukhdev Singh Dhindsa,164,Shiromani Akali Dal,Punjab,,,,high,sansad.in,
Pavan Kumar Varma,Rajya Sabha,,1,Shri Pavan Kumar Varma,2287,Janata Dal (United),Bihar,,,,high,sansad.in,
Rama Kishore Singh,Lok Sabha,16,1,Rama Kishore Singh,4749,Lok Jan Shakti Party,Bihar,Vaishali,16,yes,high,sansad.in,
A. W. Rabi Bernard,Rajya Sabha,,1,Shri A. W. Rabi Bernard,2177,All India Anna Dravida Munnetra Kazhagam,Tamil Nadu,,,,high,sansad.in,
Sanjay Sinh,Rajya Sabha,,1,Dr. Sanjay Sinh,1369,Indian National Congress,Assam,,,,high,sansad.in,
Nalin Kumar Kateel,Lok Sabha,16,1,Nalin Kumar Kateel,4316,Bharatiya Janata Party,Karnataka,Dakshina Kannada,"15,16,17",yes,high,sansad.in,
Chintaman Navsha Wanaga,Lok Sabha,16,1,Chintaman Navsha Wanaga,519,Bharatiya Janata Party,Maharashtra,Palghar,"11,13,16",yes,high,sansad.in,
Udit Raj,Lok Sabha,16,1,Udit Raj,4764,Bharatiya Janata Party,NCT of Delhi,North West Delhi,16,yes,high,sansad.in,
Ishwarlal Shankarlal Jain,Rajya Sabha,,1,Shri Ishwarlal Shankarlal Jain,2154,Nationalist Congress Party,Maharashtra,,,,high,sansad.in,
Pradeep Kumar Balmuchu,Rajya Sabha,,1,Dr. Pradeep Kumar Balmuchu,2229,Indian National Congress,Jharkhand,,,,high,sansad.in,
Saugata Roy,Lok Sabha,16,1,,,,,,,,unmatched,,yes
Birendra Kumar Choudhary,Lok Sabha,16,1,Birendra Kumar Chaudhary,4736,Bharatiya Janata Party,Bihar,Jhanjharpur,16,yes,medium,sansad.in,
Kamlesh Paswan,Lok Sabha,16,1,Kamlesh Paswan,4303,Bharatiya Janata Party,Uttar Pradesh,Bansgaon,"15,16,17,18",yes,high,sansad.in,
V. Maitreyan,Rajya Sabha,,1,Dr. V. Maitreyan,1853,All India Anna Dravida Munnetra Kazhagam,Tamil Nadu,,,,high,sansad.in,
M.P. Achuthan,Rajya Sabha,,1,Shri M.P. Achuthan,2105,Communist Party of India,Kerala,,,,high,sansad.in,
Gundu Sudharani,Rajya Sabha,,1,Smt. Gundu Sudharani,2143,Telugu Desam Party,Telangana,,,,high,sansad.in,
Anil Kumar Sahani,Rajya Sabha,,1,Dr. Anil Kumar Sahani,2128,Janata Dal (United),Bihar,,,,high,sansad.in,
