record_id,ministry,house,lok_sabha_no,session,question_no,type,date,mp_names,subject,topic_tags,answer_pdf_url
RS-Urban-S271-U2449,Housing & Urban Affairs,RS,,271,2449,Unstarred,2026-08-10,Swati Maliwal,Absence of safe cycling infrastructure in Indian cities,Black Spots & Infrastructure;Pedestrian Safety,https://sansad.in/getFile/annex/271/AU2449_Eund2t.pdf?source=pqars
LS18-Health-S8-S292,Health & Family Welfare,LS,18,8,292,Starred,2026-08-07,Giridhari Yadav,Setting up of Trauma Centres in Bihar,Trauma Care & Compensation,https://sansad.in/getFile/lsapps/loksabhaquestions/annex/188/AS292_3nfFMo.pdf?source=lsapps
LS18-Health-S8-U3373,Health & Family Welfare,LS,18,8,3373,Unstarred,2026-08-07,Pushpendra Saroj,Operationalisation of Pending Trauma Centres in Uttar Pradesh,Trauma Care & Compensation,https://sansad.in/getFile/lsapps/loksabhaquestions/annex/188/AU3373_NZ3wvt.pdf?source=lsapps
LS18-MoRTH-S8-U3173,Road Transport & Highways,LS,18,8,3173,Unstarred,2026-08-06,Shafi Parambil,Increasing Road Accidents on NH 66 in Kerala,Accidents & Fatalities,https://sansad.in/getFile/lsapps/loksabhaquestions/annex/188/AU3173_5E5m7h.pdf?source=lsapps
LS18-MoRTH-S8-U3171,Road Transport & Highways,LS,18,8,3171,Unstarred,2026-08-06,B K Parthasarathi,Cashless Treatment for Road Accident Victims,Accidents & Fatalities;Trauma Care & Compensation,https://sansad.in/getFile/lsapps/loksabhaquestions/annex/188/AU3171_BZzjhS.pdf?source=lsapps
LS18-MoRTH-S8-U3169,Road Transport & Highways,LS,18,8,3169,Unstarred,2026-08-06,Hanuman Beniwal,Accidents and Fatalities on Expressways,Accidents & Fatalities,https://sansad.in/getFile/lsapps/loksabhaquestions/annex/188/AU3169_LVfcD6.pdf?source=lsapps
LS18-MoRTH-S8-U3136,Road Transport & Highways,LS,18,8,3136,Unstarred,2026-08-06,Bastipati Nagaraju,Measures to Reduce Road Accidents,Accidents & Fatalities,https://sansad.in/getFile/lsapps/loksabhaquestions/annex/188/AU3136_OkiH0J.pdf?source=lsapps
LS18-MoRTH-S8-U3119,Road Transport & Highways,LS,18,8,3119,Unstarred,2026-08-06,Rajmohan Unnithan,Road Safety Audit of NHs in Kerala,Road Safety (General),https://sansad.in/getFile/lsapps/loksabhaquestions/annex/188/AU3119_H5HQNn.pdf?source=lsapps
LS18-MoRTH-S8-U3116,Road Transport & Highways,LS,18,8,3116,Unstarred,2026-08-06,Dulu Mahato,Black Spots on Rajganj-Govindpur NH Stretch in Dhanbad,Black Spots & Infrastructure,https://sansad.in/getFile/lsapps/loksabhaquestions/annex/188/AU3116_spRYZr.pdf?source=lsapps
LS18-MoRTH-S8-U3115,Road Transport & Highways,LS,18,8,3115,Unstarred,2026-08-06,Prabhakar Reddy Vemireddy,Rectification of Black Spots on NHs in Andhra Pradesh,Black Spots & Infrastructure,https://sansad.in/getFile/lsapps/loksabhaquestions/annex/188/AU3115_ew2ysk.pdf?source=lsapps
LS18-MoRTH-S8-U3089,Road Transport & Highways,LS,18,8,3089,Unstarred,2026-08-06,Sambit Patra,Compliance with Traffic Rules by Vehicles,Enforcement & Licensing,https://sansad.in/getFile/lsapps/loksabhaquestions/annex/188/AU3089_lw8AD1.pdf?source=lsapps
LS18-MoRTH-S8-U3078,Road Transport & Highways,LS,18,8,3078,Unstarred,2026-08-06,Suresh Kumar Shetkar,Strengthening Road Safety,Road Safety (General),https://sansad.in/getFile/lsapps/loksabhaquestions/annex/188/AU3078_GDqMw0.pdf?source=lsapps
LS18-MoRTH-S8-U3065,Road Transport & Highways,LS,18,8,3065,Unstarred,2026-08-06,Imran Masood,Penalty Provisions for overloaded Vehicles,Road Safety Policy;Enforcement & Licensing,https://sansad.in/getFile/lsapps/loksabhaquestions/annex/188/AU3065_dFa7QO.pdf?source=lsapps
LS18-MoRTH-S8-U3014,Road Transport & Highways,LS,18,8,3014,Unstarred,2026-08-06,Arun Kumar Sagar,Schemes for Road Accident Victims,Accidents & Fatalities;Road Safety Policy;Trauma Care & Compensation,https://sansad.in/getFile/lsapps/loksabhaquestions/annex/188/AU3014_HEXawE.pdf?source=lsapps
LS18-Urban-S8-U3035,Housing & Urban Affairs,LS,18,8,3035,Unstarred,2026-08-06,S Jagathratchakan,Pedestrian Infrastructure,Black Spots & Infrastructure;Pedestrian Safety,https://sansad.in/getFile/lsapps/loksabhaquestions/annex/188/AU3035_OaJYbR.pdf?source=lsapps
RS-MoRTH-S271-S182,Road Transport & Highways,RS,,271,182,Starred,2026-08-05,K.R.N. Rajeshkumar,Road signage and safety markings,Black Spots & Infrastructure,https://sansad.in/getFile/annex/271/AS182_kL9V5q.pdf?source=pqars
RS-MoRTH-S271-U2015,Road Transport & Highways,RS,,271,2015,Unstarred,2026-08-05,V. Sivadasan,Safety audit of bridges,Black Spots & Infrastructure,https://sansad.in/getFile/annex/271/AU2015_Q08yvJ.pdf?source=pqars
RS-MoRTH-S271-U2011,Road Transport & Highways,RS,,271,2011,Unstarred,2026-08-05,Narain Dass Gupta,Black spot rectification and road safety works,Road Safety (General);Black Spots & Infrastructure,https://sansad.in/getFile/annex/271/AU2011_ZbOKj3.pdf?source=pqars
RS-MoRTH-S271-U2029,Road Transport & Highways,RS,,271,2029,Unstarred,2026-08-05,Pramod Tiwari,High-risk road corridors,Road Safety (General),https://sansad.in/getFile/annex/271/AU2029_P2Ro5o.pdf?source=pqars
RS-MoRTH-S271-U2019,Road Transport & Highways,RS,,271,2019,Unstarred,2026-08-05,Sanjay Seth,E-challan issued across the country,Enforcement & Licensing,https://sansad.in/getFile/annex/271/AU2019_f18AfY.pdf?source=pqars
RS-MoRTH-S271-U2013,Road Transport & Highways,RS,,271,2013,Unstarred,2026-08-05,Babubhai Jesangbhai Desai,Road safety measures on National Highways,Road Safety (General),https://sansad.in/getFile/annex/271/AU2013_05p2MI.pdf?source=pqars
RS-MoRTH-S271-U2025,Road Transport & Highways,RS,,271,2025,Unstarred,2026-08-05,Laxmi Verma,Road safety and accidents in Chattisgarh,Accidents & Fatalities;Road Safety (General),https://sansad.in/getFile/annex/271/AU2025_bT9kzf.pdf?source=pqars
RS-Urban-S271-U1662,Housing & Urban Affairs,RS,,271,1662,Unstarred,2026-08-03,Rajathi,Safety of women in public transports in urban areas,Road Safety (General);Pedestrian Safety,https://sansad.in/getFile/annex/271/AU1662_QLY4vH.pdf?source=pqars
LS18-Health-S8-U2256,Health & Family Welfare,LS,18,8,2256,Unstarred,2026-07-31,Manoj Kumar,Emergency Admissions at BHU Trauma Centre,Trauma Care & Compensation,https://sansad.in/getFile/lsapps/loksabhaquestions/annex/188/AU2256_pqJxbH.pdf?source=lsapps
LS18-Health-S8-U2221,Health & Family Welfare,LS,18,8,2221,Unstarred,2026-07-31,Saptagiri Sankar Ulaka,Trauma Care Facility,Trauma Care & Compensation,https://sansad.in/getFile/lsapps/loksabhaquestions/annex/188/AU2221_CJjkRG.pdf?source=lsapps
LS18-Health-S8-U2156,Health & Family Welfare,LS,18,8,2156,Unstarred,2026-07-31,Rajeev Bharadwaj,PM Shri Air Ambulance Service in Himachal Pradesh,Trauma Care & Compensation,https://sansad.in/getFile/lsapps/loksabhaquestions/annex/188/AU2156_GiSAeG.pdf?source=lsapps
LS18-MoRTH-S8-S169,Road Transport & Highways,LS,18,8,169,Starred,2026-07-30,Sajda Ahmed;Manish Tewari,Infrastructure for Pedestrians,Black Spots & Infrastructure;Pedestrian Safety,https://sansad.in/getFile/lsapps/loksabhaquestions/annex/188/AS169_sFb4zW.pdf?source=lsapps
LS18-MoRTH-S8-U2006,Road Transport & Highways,LS,18,8,2006,Unstarred,2026-07-30,R K Chaudhary,Construction of Pedestrian Underpass,Pedestrian Safety,https://sansad.in/getFile/lsapps/loksabhaquestions/annex/188/AU2006_qtO7fm.pdf?source=lsapps
LS18-MoRTH-S8-U1981,Road Transport & Highways,LS,18,8,1981,Unstarred,2026-07-30,Mani A,Safety Improvement Works on NHs in Dharmapuri,Road Safety (General),https://sansad.in/getFile/lsapps/loksabhaquestions/annex/188/AU1981_UrsF30.pdf?source=lsapps
LS18-MoRTH-S8-U1965,Road Transport & Highways,LS,18,8,1965,Unstarred,2026-07-30,Naveen Jindal;Gowaal Kagada Padavi,Road Accidents and Cashless Treatment,Accidents & Fatalities;Trauma Care & Compensation,https://sansad.in/getFile/lsapps/loksabhaquestions/annex/188/AU1965_G9acJB.pdf?source=lsapps
LS18-MoRTH-S8-U1939,Road Transport & Highways,LS,18,8,1939,Unstarred,2026-07-30,Shyamkumar Daulat Barve,"Road Accidents, Fatalities and Road Safety",Accidents & Fatalities;Road Safety (General),https://sansad.in/getFile/lsapps/loksabhaquestions/annex/188/AU1939_spQtse.pdf?source=lsapps
LS18-MoRTH-S8-U1932,Road Transport & Highways,LS,18,8,1932,Unstarred,2026-07-30,Anand Kumar,Unauthorised Modifications on Vehicles,Road Safety (General),https://sansad.in/getFile/lsapps/loksabhaquestions/annex/188/AU1932_vNzI9m.pdf?source=lsapps
LS18-MoRTH-S8-U1912,Road Transport & Highways,LS,18,8,1912,Unstarred,2026-07-30,Navaskani K,Pedestrian Fatalities on NHs,Accidents & Fatalities;Pedestrian Safety,https://sansad.in/getFile/lsapps/loksabhaquestions/annex/188/AU1912_1AoqJ7.pdf?source=lsapps
LS18-MoRTH-S8-U1878,Road Transport & Highways,LS,18,8,1878,Unstarred,2026-07-30,Murari Lal Meena;Kadiyam Kavya;Lavu Sri Krishna Devarayalu;M K Vishnu Prasad,Identification and Rectification of Black Spots,Black Spots & Infrastructure,https://sansad.in/getFile/lsapps/loksabhaquestions/annex/188/AU1878_LLd9tJ.pdf?source=lsapps
RS-MoRTH-S271-U1216,Road Transport & Highways,RS,,271,1216,Unstarred,2026-07-29,Laxmikant Bajpayee,Safety audits and quality compliance of major highway structures,Road Safety (General),https://sansad.in/getFile/annex/271/AU1216_64g6wL.pdf?source=pqars
RS-MoRTH-S271-U1224,Road Transport & Highways,RS,,271,1224,Unstarred,2026-07-29,Swati Maliwal,Identification and rectification of accident-prone black spots on National Highways,Accidents & Fatalities;Black Spots & Infrastructure,https://sansad.in/getFile/annex/271/AU1224_K5SraI.pdf?source=pqars
RS-Urban-S271-U873,Housing & Urban Affairs,RS,,271,873,Unstarred,2026-07-27,S.R. Sivalingam,Ensuring adequate padestrian infrastructure,Black Spots & Infrastructure;Pedestrian Safety,https://sansad.in/getFile/annex/271/AU873_bqGv4y.pdf?source=pqars
LS18-MoRTH-S8-U914,Road Transport & Highways,LS,18,8,914,Unstarred,2026-07-23,Benny Behanan,Increase in Road Accidents and Fatalities,Accidents & Fatalities,https://sansad.in/getFile/lsapps/loksabhaquestions/annex/188/AU914_XKgSoy.pdf?source=lsapps
LS18-MoRTH-S8-U886,Road Transport & Highways,LS,18,8,886,Unstarred,2026-07-23,Suresh Kumar Kashyap,Identification and Rectification of Black Spots,Black Spots & Infrastructure,https://sansad.in/getFile/lsapps/loksabhaquestions/annex/188/AU886_ngd5Qp.pdf?source=lsapps
LS18-MoRTH-S8-U834,Road Transport & Highways,LS,18,8,834,Unstarred,2026-07-23,Janardan Singh Sigriwal,Emergency Services on NHs,Trauma Care & Compensation,https://sansad.in/getFile/lsapps/loksabhaquestions/annex/188/AU834_v1CvpK.pdf?source=lsapps
LS18-MoRTH-S8-U818,Road Transport & Highways,LS,18,8,818,Unstarred,2026-07-23,Anurag Singh Thakur,Implementation of Automated Testing Stations for Vehicle Fitness,Vehicle Safety Standards,https://sansad.in/getFile/lsapps/loksabhaquestions/annex/188/AU818_yTcotQ.pdf?source=lsapps
LS18-MoRTH-S8-U809,Road Transport & Highways,LS,18,8,809,Unstarred,2026-07-23,Hemang Joshi;Rajkumar Chahar;Ramesh Awasthi;Alok Sharma;Anita Nagarsingh Chouhan;Vijay Baghel,National Road Safety Strategy and Action Plan,Road Safety (General);Road Safety Policy,https://sansad.in/getFile/lsapps/loksabhaquestions/annex/188/AU809_e15ZbD.pdf?source=lsapps
LS18-MoRTH-S8-U791,Road Transport & Highways,LS,18,8,791,Unstarred,2026-07-23,Selvaganapathi T.M.,Road Accidents on NHs,Accidents & Fatalities,https://sansad.in/getFile/lsapps/loksabhaquestions/annex/188/AU791_9Zfhjs.pdf?source=lsapps
LS18-MoRTH-S8-U728,Road Transport & Highways,LS,18,8,728,Unstarred,2026-07-23,Arvind Dharmapuri,Black Spot Rectification and Road Safety,Road Safety (General);Black Spots & Infrastructure,https://sansad.in/getFile/lsapps/loksabhaquestions/annex/188/AU728_Of3HiA.pdf?source=lsapps
RS-MoRTH-S271-U436,Road Transport & Highways,RS,,271,436,Unstarred,2026-07-22,Ajeet Madhavrao Gopchade,National Tunnel Safety System,Black Spots & Infrastructure,https://sansad.in/getFile/annex/271/AU436_ZzIlA8.pdf?source=pqars
RS-MoRTH-S271-U418,Road Transport & Highways,RS,,271,418,Unstarred,2026-07-22,Neeraj Dangi,Speed limit on expressways,Road Safety (General),https://sansad.in/getFile/annex/271/AU418_BJUyqC.pdf?source=pqars
RS-MoRTH-S271-U419,Road Transport & Highways,RS,,271,419,Unstarred,2026-07-22,Sagarika Ghose,Highway safety,Road Safety (General),https://sansad.in/getFile/annex/271/AU419_pel95j.pdf?source=pqars
RS-MoRTH-S271-U416,Road Transport & Highways,RS,,271,416,Unstarred,2026-07-22,Mithlesh Kumar,Road safety and removal of black spots,Road Safety (General);Black Spots & Infrastructure,https://sansad.in/getFile/annex/271/AU416_hB3Laz.pdf?source=pqars
RS-MoRTH-S271-U430,Road Transport & Highways,RS,,271,430,Unstarred,2026-07-22,Sasmit Patra,Road safety on National Highways,Road Safety (General),https://sansad.in/getFile/annex/271/AU430_dtkMFh.pdf?source=pqars
RS-MoRTH-S271-U433,Road Transport & Highways,RS,,271,433,Unstarred,2026-07-22,Debashish Samantaray,Road safety on Dhenkanal–Cuttack National Highway,Road Safety (General),https://sansad.in/getFile/annex/271/AU433_c7Ljh8.pdf?source=pqars
RS-MoRTH-S271-U431,Road Transport & Highways,RS,,271,431,Unstarred,2026-07-22,Ashok Singh,Potholes and cracks in Delhi Dehradun Expressway,Road Safety (General),https://sansad.in/getFile/annex/271/AU431_QBpmYI.pdf?source=pqars
RS-MoRTH-S271-U432,Road Transport & Highways,RS,,271,432,Unstarred,2026-07-22,M. Thambidurai,Road safety measures on National Highways in Tamil Nadu,Road Safety (General),https://sansad.in/getFile/annex/271/AU432_Htre6l.pdf?source=pqars
LS18-MoRTH-S7-U6419,Road Transport & Highways,LS,18,7,6419,Unstarred,2026-04-02,Giridhari Yadav,Hit and Run Cases,Hit and Run,https://sansad.in/getFile/loksabhaquestions/annex/187/AU6419_QrQN68.pdf?source=pqals
LS18-MoRTH-S7-U6401,Road Transport & Highways,LS,18,7,6401,Unstarred,2026-04-02,Lalji Verma,Road Accidents,Accidents & Fatalities,https://sansad.in/getFile/loksabhaquestions/annex/187/AU6401_nGr7Bk.pdf?source=pqals
LS18-MoRTH-S7-U6270,Road Transport & Highways,LS,18,7,6270,Unstarred,2026-04-02,Shafi Parambil,"Safety and Structural Concerns in NH-66, Kerala",Road Safety (General),https://sansad.in/getFile/loksabhaquestions/annex/187/AU6270_N4LdNS.pdf?source=pqals
RS-MoRTH-S270-U4240,Road Transport & Highways,RS,,270,4240,Unstarred,2026-04-01,Babubhai Jesangbhai Desai,Cashless treatment for road accident victims,Accidents & Fatalities;Trauma Care & Compensation,https://sansad.in/getFile/annex/270/AU4240_BzamJk.pdf?source=pqars
RS-MoRTH-S270-U4247,Road Transport & Highways,RS,,270,4247,Unstarred,2026-04-01,V. Sivadasan,Crashes on National Highway,Accidents & Fatalities,https://sansad.in/getFile/annex/270/AU4247_5H3LxQ.pdf?source=pqars
RS-MoRTH-S270-U4249,Road Transport & Highways,RS,,270,4249,Unstarred,2026-04-01,Masthan Rao Yadav Beedha,Buffalo accidents on National Highways,Accidents & Fatalities,https://sansad.in/getFile/annex/270/AU4249_sC02Ct.pdf?source=pqars
RS-MoRTH-S270-U4258,Road Transport & Highways,RS,,270,4258,Unstarred,2026-04-01,Sandosh Kumar P,National Highway safety in Kerala,Road Safety (General),https://sansad.in/getFile/annex/270/AU4258_nPfXyb.pdf?source=pqars
RS-MoRTH-S270-U4260,Road Transport & Highways,RS,,270,4260,Unstarred,2026-04-01,Anil Kumar Yadav Mandadi,Treatment for road accidents victims,Accidents & Fatalities;Trauma Care & Compensation,https://sansad.in/getFile/annex/270/AU4260_WzQ7FB.pdf?source=pqars
RS-MoRTH-S270-U3755,Road Transport & Highways,RS,,270,3755,Unstarred,2026-03-25,Swati Maliwal,Artificial intelligence for traffic management and curbing road accidents,Accidents & Fatalities;Enforcement & Licensing,https://sansad.in/getFile/annex/270/AU3755_GIBa84.pdf?source=pqars
RS-MoRTH-S270-U3759,Road Transport & Highways,RS,,270,3759,Unstarred,2026-03-25,Derek O' Brien,Road accidents on National Highways,Accidents & Fatalities,https://sansad.in/getFile/annex/270/AU3759_mks3gg.pdf?source=pqars
RS-MoRTH-S270-U3764,Road Transport & Highways,RS,,270,3764,Unstarred,2026-03-25,K.R. Suresh Reddy,Grievance redressal mechanisms for E-challan,Enforcement & Licensing,https://sansad.in/getFile/annex/270/AU3764_TntZ75.pdf?source=pqars
RS-MoRTH-S270-U3765,Road Transport & Highways,RS,,270,3765,Unstarred,2026-03-25,Neeraj Dangi,"Amendments in Motor Vehicle (Amendment) Act, 2019",Motor Vehicles Act & Rules,https://sansad.in/getFile/annex/270/AU3765_VkaNbS.pdf?source=pqars
RS-MoRTH-S270-U3766,Road Transport & Highways,RS,,270,3766,Unstarred,2026-03-25,Neeraj Dangi,Launching of National Road Safety Board,Road Safety (General);Road Safety Policy,https://sansad.in/getFile/annex/270/AU3766_rSHyMk.pdf?source=pqars
RS-MoRTH-S270-U3771,Road Transport & Highways,RS,,270,3771,Unstarred,2026-03-25,C. VE. Shanmugam,Use of rear seat belt in four wheelers,Vehicle Safety Standards,https://sansad.in/getFile/annex/270/AU3771_33KE6D.pdf?source=pqars
RS-MoRTH-S270-U3777,Road Transport & Highways,RS,,270,3777,Unstarred,2026-03-25,K.R.N. Rajeshkumar,Cashless treatment for road accident victims,Accidents & Fatalities;Trauma Care & Compensation,https://sansad.in/getFile/annex/270/AU3777_62dAOv.pdf?source=pqars
RS-Health-S270-S344,Health & Family Welfare,RS,,270,344,Starred,2026-03-24,Renuka Chowdhury,Requirement of ambulance services in the country,Trauma Care & Compensation,https://sansad.in/getFile/annex/270/AS344_213xPo.pdf?source=pqars
RS-Health-S270-S345,Health & Family Welfare,RS,,270,345,Starred,2026-03-24,Sat Paul Sharma,Emergency medical services in Jammu and Kashmir,Trauma Care & Compensation,https://sansad.in/getFile/annex/270/AS345_H4xXW6.pdf?source=pqars
RS-Urban-S270-U3432,Housing & Urban Affairs,RS,,270,3432,Unstarred,2026-03-23,Swati Maliwal,Cycling infrastructure in urban areas,Black Spots & Infrastructure;Pedestrian Safety,https://sansad.in/getFile/annex/270/AU3432_aTJJhU.pdf?source=pqars
LS18-Health-S7-U4817,Health & Family Welfare,LS,18,7,4817,Unstarred,2026-03-20,Virendra Singh,Setting up of a Trauma Centre in Chandauli,Trauma Care & Compensation,https://sansad.in/getFile/loksabhaquestions/annex/187/AU4817_XfDWfF.pdf?source=pqals
LS18-MoRTH-S7-S398,Road Transport & Highways,LS,18,7,398,Starred,2026-03-19,Rajkumar Chahar;Chavan Ravindra Vasantrao,Cashless Scheme for Road Accident Victims,Accidents & Fatalities;Road Safety Policy;Trauma Care & Compensation,https://sansad.in/getFile/loksabhaquestions/annex/187/AS398_yFLbbW.pdf?source=pqals
LS18-MoRTH-S7-S394,Road Transport & Highways,LS,18,7,394,Starred,2026-03-19,Jagadish Chandra Barma Basunia,Road Accidents on National Highways,Accidents & Fatalities,https://sansad.in/getFile/loksabhaquestions/annex/187/AS394_E674bj.pdf?source=pqals
LS18-MoRTH-S7-U4579,Road Transport & Highways,LS,18,7,4579,Unstarred,2026-03-19,Rajmohan Unnithan,Tax Exemptions on Road Accident Compensation,Accidents & Fatalities;Trauma Care & Compensation,https://sansad.in/getFile/loksabhaquestions/annex/187/AU4579_VTG2ZN.pdf?source=pqals
LS18-MoRTH-S7-U4564,Road Transport & Highways,LS,18,7,4564,Unstarred,2026-03-19,Poonamben Hematbhai Maadam,Strategy to Reduce Road Accident Fatalities,Accidents & Fatalities;Road Safety Policy,https://sansad.in/getFile/loksabhaquestions/annex/187/AU4564_swBHJB.pdf?source=pqals
LS18-MoRTH-S7-U4505,Road Transport & Highways,LS,18,7,4505,Unstarred,2026-03-19,Brijendra Singh Ola,Increase in Road Accidents,Accidents & Fatalities,https://sansad.in/getFile/loksabhaquestions/annex/187/AU4505_smjOzM.pdf?source=pqals
LS18-MoRTH-S7-U4463,Road Transport & Highways,LS,18,7,4463,Unstarred,2026-03-19,P C Mohan,Bus Accidents,Accidents & Fatalities,https://sansad.in/getFile/loksabhaquestions/annex/187/AU4463_OXXUEZ.pdf?source=pqals
RS-MoRTH-S270-S272,Road Transport & Highways,RS,,270,272,Starred,2026-03-18,Ajeet Madhavrao Gopchade,National tunnel safety standards and regulatory framework,Vehicle Safety Standards;Black Spots & Infrastructure,https://sansad.in/getFile/annex/270/AS272_RXYy95.pdf?source=pqars
RS-MoRTH-S270-S281,Road Transport & Highways,RS,,270,281,Starred,2026-03-18,Shaktisinh Gohil,FASTag data for electronic traffic enforcement and road safety,Road Safety (General);Data & Reporting;Enforcement & Licensing,https://sansad.in/getFile/annex/270/AS281_8EI2dJ.pdf?source=pqars
RS-MoRTH-S270-U2963,Road Transport & Highways,RS,,270,2963,Unstarred,2026-03-18,S Niranjan Reddy,Pedestrian fatalities and need for walkable road infrastructure,Accidents & Fatalities;Black Spots & Infrastructure;Pedestrian Safety,https://sansad.in/getFile/annex/270/AU2963_Ogythe.pdf?source=pqars
RS-MoRTH-S270-U2976,Road Transport & Highways,RS,,270,2976,Unstarred,2026-03-18,Medha Vishram Kulkarni,Road safety and congestion on the Mumbai–Pune expressway,Road Safety (General),https://sansad.in/getFile/annex/270/AU2976_YWJsMW.pdf?source=pqars
RS-MoRTH-S270-U2978,Road Transport & Highways,RS,,270,2978,Unstarred,2026-03-18,Sudha Murty,Road safety concerns arising from distracted driving,Road Safety (General),https://sansad.in/getFile/annex/270/AU2978_KVls8m.pdf?source=pqars
RS-MoRTH-S270-U2982,Road Transport & Highways,RS,,270,2982,Unstarred,2026-03-18,Sulata Deo,Black spots on National Highways in Odisha,Black Spots & Infrastructure,https://sansad.in/getFile/annex/270/AU2982_sY0DT9.pdf?source=pqars
RS-MoRTH-S270-U2983,Road Transport & Highways,RS,,270,2983,Unstarred,2026-03-18,Surendra Singh Nagar,Cashless treatment of road accident victims,Accidents & Fatalities;Trauma Care & Compensation,https://sansad.in/getFile/annex/270/AU2983_8PJBoU.pdf?source=pqars
RS-MoRTH-S270-U2989,Road Transport & Highways,RS,,270,2989,Unstarred,2026-03-18,A. D. Singh,Road safety and accidents,Accidents & Fatalities;Road Safety (General),https://sansad.in/getFile/annex/270/AU2989_CGvLtK.pdf?source=pqars
RS-MoRTH-S270-U2991,Road Transport & Highways,RS,,270,2991,Unstarred,2026-03-18,Neeraj Dangi,Treatment of road accident victims,Accidents & Fatalities;Trauma Care & Compensation,https://sansad.in/getFile/annex/270/AU2991_VrOWFk.pdf?source=pqars
RS-MoRTH-S270-U2993,Road Transport & Highways,RS,,270,2993,Unstarred,2026-03-18,Swati Maliwal,Fog-related accidents and mitigation on National Highways,Accidents & Fatalities,https://sansad.in/getFile/annex/270/AU2993_sFklJX.pdf?source=pqars
RS-Health-S270-U2813,Health & Family Welfare,RS,,270,2813,Unstarred,2026-03-17,Sajjad Ahmad Kichloo,"Status of AIIMS, GMCs and trauma care infrastructure in J&K",Trauma Care & Compensation;Black Spots & Infrastructure,https://sansad.in/getFile/annex/270/AU2813_dMPGAN.pdf?source=pqars
LS18-MoRTH-S7-U3393,Road Transport & Highways,LS,18,7,3393,Unstarred,2026-03-12,Brijendra Singh Ola;Rahul Kaswan,Measures to Minimise Road Accidents,Accidents & Fatalities,https://sansad.in/getFile/loksabhaquestions/annex/187/AU3393_2JtZpD.pdf?source=pqals
LS18-MoRTH-S7-U3388,Road Transport & Highways,LS,18,7,3388,Unstarred,2026-03-12,Tangella Uday Srinivas,Road Accidents,Accidents & Fatalities,https://sansad.in/getFile/loksabhaquestions/annex/187/AU3388_xs92Gd.pdf?source=pqals
LS18-MoRTH-S7-U3372,Road Transport & Highways,LS,18,7,3372,Unstarred,2026-03-12,Adoor Prakash,Data of Black Spots on National Highways,Black Spots & Infrastructure;Data & Reporting,https://sansad.in/getFile/loksabhaquestions/annex/187/AU3372_I6l2ru.pdf?source=pqals
LS18-MoRTH-S7-U3351,Road Transport & Highways,LS,18,7,3351,Unstarred,2026-03-12,K. Francis George,Landslides and Accidents on National Highway Construction Sites,Accidents & Fatalities,https://sansad.in/getFile/loksabhaquestions/annex/187/AU3351_dOVpJ2.pdf?source=pqals
LS18-MoRTH-S7-U3331,Road Transport & Highways,LS,18,7,3331,Unstarred,2026-03-12,Patel Umeshbhai Babubhai,Accidents due to Poor Road Conditions,Accidents & Fatalities,https://sansad.in/getFile/loksabhaquestions/annex/187/AU3331_h0vMiv.pdf?source=pqals
LS18-MoRTH-S7-U3272,Road Transport & Highways,LS,18,7,3272,Unstarred,2026-03-12,Chavda Vinod Lakhamshi;Kamaljeet Sehrawat,"Central Motor Vehicles (Second Amendment) Rules, 2026",Motor Vehicles Act & Rules,https://sansad.in/getFile/loksabhaquestions/annex/187/AU3272_MiJMDU.pdf?source=pqals
LS18-MoRTH-S7-U3251,Road Transport & Highways,LS,18,7,3251,Unstarred,2026-03-12,Sambit Patra,Zero Fatality District Programme,Accidents & Fatalities;Road Safety Policy,https://sansad.in/getFile/loksabhaquestions/annex/187/AU3251_aKhDIe.pdf?source=pqals
LS18-MoRTH-S7-U3230,Road Transport & Highways,LS,18,7,3230,Unstarred,2026-03-12,Amol Ramsing Kolhe;Chavda Vinod Lakhamshi;Madhavaneni Raghunandan Rao;Bibhu Prasad Tarai;Jagdambika Pal;Anoop Pradhan Valmiki;Shankar Lalwani;Kamlesh Jangde;Praveen Patel;Mohite Patil Dhairyasheel Rajsinh;Rajkumar Chahar;P C Mohan;Bidyut Baran Mahato;K Sudhakar;Vinod Kumar Bind;Naba Charan Majhi;Supriya Sadanand Sule;Ramesh Awasthi;Sanjay Dina Patil;Avimanyu Sethi;Bhaskar Murlidhar Bhagare;Sukanta Kumar Panigrahi;Krishna Prasad Tenneti;Dilip Saikia;Mahima Kumari Mewar;Trivendra Singh Rawat;Lumbaram Choudhary;Manna Lal Rawat;Pratap Chandra Sarangi;Varsha Eknath Gaikwad;Sanjna Jatav;Chandra Prakash Choudhary;Kamaljeet Sehrawat;Dineshbhai Makwana,PM-RAHAT Scheme for Road Accident Victims,Accidents & Fatalities;Road Safety Policy;Trauma Care & Compensation,https://sansad.in/getFile/loksabhaquestions/annex/187/AU3230_HvkyvI.pdf?source=pqals
RS-MoRTH-S270-U2174,Road Transport & Highways,RS,,270,2174,Unstarred,2026-03-11,Kiran Choudhry,PM RAHAT – Cashless Treatment of Road Accident Victims,Accidents & Fatalities;Trauma Care & Compensation,https://sansad.in/getFile/annex/270/AU2174_QRgeFg.pdf?source=pqars
RS-MoRTH-S270-U2187,Road Transport & Highways,RS,,270,2187,Unstarred,2026-03-11,Babubhai Jesangbhai Desai,"Central Motor Vehicles (Second Amendment) Rules, 2026",Motor Vehicles Act & Rules,https://sansad.in/getFile/annex/270/AU2187_E7Lyjz.pdf?source=pqars
RS-MoRTH-S270-U2192,Road Transport & Highways,RS,,270,2192,Unstarred,2026-03-11,Ravi Chandra Vaddiraju,Road safety and highway development,Road Safety (General),https://sansad.in/getFile/annex/270/AU2192_NTply8.pdf?source=pqars
RS-MoRTH-S270-U2173,Road Transport & Highways,RS,,270,2173,Unstarred,2026-03-11,K.R. Suresh Reddy,Accident compensation for uninsured vehicles,Accidents & Fatalities;Trauma Care & Compensation,https://sansad.in/getFile/annex/270/AU2173_XuooBo.pdf?source=pqars
RS-MoRTH-S270-U2177,Road Transport & Highways,RS,,270,2177,Unstarred,2026-03-11,Radha Mohan Das Agrawal,Accidents in AC sleeper buses,Accidents & Fatalities,https://sansad.in/getFile/annex/270/AU2177_jtX07T.pdf?source=pqars
RS-MoRTH-S270-U2178,Road Transport & Highways,RS,,270,2178,Unstarred,2026-03-11,Sandeep Kumar Pathak,Road accidents and road safety,Accidents & Fatalities;Road Safety (General),https://sansad.in/getFile/annex/270/AU2178_ssGHJM.pdf?source=pqars
RS-MoRTH-S270-U2172,Road Transport & Highways,RS,,270,2172,Unstarred,2026-03-11,Swati Maliwal,Implementation of Good Samaritan/Rah-Veer Scheme,Road Safety Policy;Trauma Care & Compensation,https://sansad.in/getFile/annex/270/AU2172_BvsIBX.pdf?source=pqars
RS-Health-S270-U2048,Health & Family Welfare,RS,,270,2048,Unstarred,2026-03-10,Bhim Singh,Establishment of trauma centres near national highways,Trauma Care & Compensation,https://sansad.in/getFile/annex/270/AU2048_OvVj2M.pdf?source=pqars
LS18-Health-S7-U2530,Health & Family Welfare,LS,18,7,2530,Unstarred,2026-02-13,Kuldeep Indora,Ambulance Services in Rajasthan,Trauma Care & Compensation,https://sansad.in/getFile/loksabhaquestions/annex/187/AU2530_40m4aK.pdf?source=pqals
LS18-MoRTH-S7-S190,Road Transport & Highways,LS,18,7,190,Starred,2026-02-12,Suresh Kodikunnil,Safety Lapses during Construction of NH-66 in Kerala,Road Safety (General),https://sansad.in/getFile/loksabhaquestions/annex/187/AS190_cA5KrK.pdf?source=pqals
LS18-MoRTH-S7-U2271,Road Transport & Highways,LS,18,7,2271,Unstarred,2026-02-12,Balwant Baswant Wankhade,Report on Road Safety,Road Safety (General);Data & Reporting,https://sansad.in/getFile/loksabhaquestions/annex/187/AU2271_kUij9y.pdf?source=pqals
LS18-MoRTH-S7-U2266,Road Transport & Highways,LS,18,7,2266,Unstarred,2026-02-12,Rao Rajendra Singh,Mandatory Safety Devices for Heavy Commercial Vehicles,Vehicle Safety Standards,https://sansad.in/getFile/loksabhaquestions/annex/187/AU2266_LG0hjj.pdf?source=pqals
LS18-MoRTH-S7-U2263,Road Transport & Highways,LS,18,7,2263,Unstarred,2026-02-12,Giridhari Yadav,Trauma Centres in Bihar,Trauma Care & Compensation,https://sansad.in/getFile/loksabhaquestions/annex/187/AU2263_2dHwFH.pdf?source=pqals
LS18-MoRTH-S7-U2259,Road Transport & Highways,LS,18,7,2259,Unstarred,2026-02-12,Daggumalla Prasada Rao,Cashless Treatment for Road Accident Victims,Accidents & Fatalities;Trauma Care & Compensation,https://sansad.in/getFile/loksabhaquestions/annex/187/AU2259_hBNj9R.pdf?source=pqals
LS18-MoRTH-S7-U2222,Road Transport & Highways,LS,18,7,2222,Unstarred,2026-02-12,Sambit Patra,Electronic Detailed Accident Report,Accidents & Fatalities;Data & Reporting,https://sansad.in/getFile/loksabhaquestions/annex/187/AU2222_vjskrG.pdf?source=pqals
LS18-MoRTH-S7-U2216,Road Transport & Highways,LS,18,7,2216,Unstarred,2026-02-12,K Sudhakar,Cancellation of Driving License and e-Challan System,Enforcement & Licensing,https://sansad.in/getFile/loksabhaquestions/annex/187/AU2216_RlDgGd.pdf?source=pqals
LS18-MoRTH-S7-U2175,Road Transport & Highways,LS,18,7,2175,Unstarred,2026-02-12,Raja Ram Singh,Potholes related Crashes on NHs,Accidents & Fatalities,https://sansad.in/getFile/loksabhaquestions/annex/187/AU2175_8mLVCB.pdf?source=pqals
LS18-MoRTH-S7-U2172,Road Transport & Highways,LS,18,7,2172,Unstarred,2026-02-12,Janardan Singh Sigriwal,Registration of Traffic Violation Cases,Enforcement & Licensing,https://sansad.in/getFile/loksabhaquestions/annex/187/AU2172_TomozS.pdf?source=pqals
LS18-MoRTH-S7-U2166,Road Transport & Highways,LS,18,7,2166,Unstarred,2026-02-12,Shafi Parambil,Safety Audit of NH-66,Road Safety (General),https://sansad.in/getFile/loksabhaquestions/annex/187/AU2166_VNekD3.pdf?source=pqals
LS18-MoRTH-S7-U2153,Road Transport & Highways,LS,18,7,2153,Unstarred,2026-02-12,Varun Chaudhry,Utilisation of Road Safety Fund,Road Safety (General),https://sansad.in/getFile/loksabhaquestions/annex/187/AU2153_3KM5B8.pdf?source=pqals
LS18-MoRTH-S7-U2151,Road Transport & Highways,LS,18,7,2151,Unstarred,2026-02-12,Kunduru Raghuveer,Measures to Reduce Road Accidents,Accidents & Fatalities,https://sansad.in/getFile/loksabhaquestions/annex/187/AU2151_oH7POe.pdf?source=pqals
RS-MoRTH-S270-U1384,Road Transport & Highways,RS,,270,1384,Unstarred,2026-02-11,K.R.N. Rajeshkumar,Enhancing road safety across National Highway network,Road Safety (General),https://sansad.in/getFile/annex/270/AU1384_hdhnNP.pdf?source=pqars
RS-MoRTH-S270-U1363,Road Transport & Highways,RS,,270,1363,Unstarred,2026-02-11,Laxmikant Bajpayee,Accident fatalities on the Highways of Uttar Pradesh,Accidents & Fatalities,https://sansad.in/getFile/annex/270/AU1363_nmprCk.pdf?source=pqars
RS-MoRTH-S270-U1364,Road Transport & Highways,RS,,270,1364,Unstarred,2026-02-11,Sagarika Ghose,Trauma care centres on National Highways,Trauma Care & Compensation,https://sansad.in/getFile/annex/270/AU1364_83gD9t.pdf?source=pqars
RS-MoRTH-S270-U1365,Road Transport & Highways,RS,,270,1365,Unstarred,2026-02-11,Mohammed Nadimul Haque,Safety standards in buses and fire incidents,Vehicle Safety Standards,https://sansad.in/getFile/annex/270/AU1365_40MXHJ.pdf?source=pqars
RS-MoRTH-S270-U1337,Road Transport & Highways,RS,,270,1337,Unstarred,2026-02-11,Jaggesh,New System to improve road safety,Road Safety (General),https://sansad.in/getFile/annex/270/AU1337_nIwxEE.pdf?source=pqars
RS-MoRTH-S270-U1387,Road Transport & Highways,RS,,270,1387,Unstarred,2026-02-11,A. D. Singh,Road accidents involving passenger buses catching fire,Accidents & Fatalities,https://sansad.in/getFile/annex/270/AU1387_4gQKvi.pdf?source=pqars
LS18-Health-S7-U1355,Health & Family Welfare,LS,18,7,1355,Unstarred,2026-02-06,Mansukhbhai Dhanjibhai Vasava,Setting up of Trauma Centres on National Highways,Trauma Care & Compensation,https://sansad.in/getFile/loksabhaquestions/annex/187/AU1355_jOGcW2.pdf?source=pqals
LS18-Health-S7-U1236,Health & Family Welfare,LS,18,7,1236,Unstarred,2026-02-06,Kesineni Sivanath,Support for Trauma Management,Trauma Care & Compensation,https://sansad.in/getFile/loksabhaquestions/annex/187/AU1236_hfMEFR.pdf?source=pqals
LS18-MoRTH-S7-U1128,Road Transport & Highways,LS,18,7,1128,Unstarred,2026-02-05,Rajkumar Sangwan,Prevention of Accidents caused by Black Spots,Accidents & Fatalities;Black Spots & Infrastructure,https://sansad.in/getFile/loksabhaquestions/annex/187/AU1128_ClLtpj.pdf?source=pqals
LS18-MoRTH-S7-U1124,Road Transport & Highways,LS,18,7,1124,Unstarred,2026-02-05,Bhola Singh,Road Safety Improvements,Road Safety (General),https://sansad.in/getFile/loksabhaquestions/annex/187/AU1124_xBUNAI.pdf?source=pqals
LS18-MoRTH-S7-U1077,Road Transport & Highways,LS,18,7,1077,Unstarred,2026-02-05,Shafi Parambil,Quality and Safety on National Highways,Road Safety (General),https://sansad.in/getFile/loksabhaquestions/annex/187/AU1077_CMPes7.pdf?source=pqals
LS18-MoRTH-S7-U1060,Road Transport & Highways,LS,18,7,1060,Unstarred,2026-02-05,K C Venugopal,Road Accidents and Safety Measures on NHs in Kerala,Accidents & Fatalities;Road Safety (General),https://sansad.in/getFile/loksabhaquestions/annex/187/AU1060_zG1NRJ.pdf?source=pqals
LS18-MoRTH-S7-U1032,Road Transport & Highways,LS,18,7,1032,Unstarred,2026-02-05,Iqra Choudhary,Accident Prone Points on NH-709B,Accidents & Fatalities,https://sansad.in/getFile/loksabhaquestions/annex/187/AU1032_JpMIQi.pdf?source=pqals
LS18-MoRTH-S7-U1024,Road Transport & Highways,LS,18,7,1024,Unstarred,2026-02-05,Sunil Bose,Major causes for Road Accidents,Accidents & Fatalities,https://sansad.in/getFile/loksabhaquestions/annex/187/AU1024_7Pf4O0.pdf?source=pqals
LS18-MoRTH-S7-U1023,Road Transport & Highways,LS,18,7,1023,Unstarred,2026-02-05,Raj Kumar Chabbewal,Amendment to Motor Vehicles Act,Motor Vehicles Act & Rules,https://sansad.in/getFile/loksabhaquestions/annex/187/AU1023_9ltTBM.pdf?source=pqals
LS18-MoRTH-S7-U1010,Road Transport & Highways,LS,18,7,1010,Unstarred,2026-02-05,Sudha R;K C Venugopal,Cashless Treatment for Road Accident Victims,Accidents & Fatalities;Trauma Care & Compensation,https://sansad.in/getFile/loksabhaquestions/annex/187/AU1010_bLJl69.pdf?source=pqals
LS18-MoRTH-S7-U1009,Road Transport & Highways,LS,18,7,1009,Unstarred,2026-02-05,Kalyan Banerjee,Increase in Road Fatalities and  Road Traffic Crashes,Accidents & Fatalities,https://sansad.in/getFile/loksabhaquestions/annex/187/AU1009_4rORKR.pdf?source=pqals
LS18-MoRTH-S7-U1008,Road Transport & Highways,LS,18,7,1008,Unstarred,2026-02-05,Ananta Nayak,Cashless Treatment during Golden Hour,Trauma Care & Compensation,https://sansad.in/getFile/loksabhaquestions/annex/187/AU1008_iGFD5h.pdf?source=pqals
LS18-MoRTH-S7-U999,Road Transport & Highways,LS,18,7,999,Unstarred,2026-02-05,Amol Ramsing Kolhe;Mohite Patil Dhairyasheel Rajsinh;Supriya Sadanand Sule;Sanjay Dina Patil;Bhaskar Murlidhar Bhagare,Accidents on Major National Highways in Maharashtra,Accidents & Fatalities,https://sansad.in/getFile/loksabhaquestions/annex/187/AU999_NxQzFT.pdf?source=pqals
LS18-MoRTH-S7-U978,Road Transport & Highways,LS,18,7,978,Unstarred,2026-02-05,Vishaldada Prakashbapu Patil;Shrikant Eknath Shinde;Faggan Singh Kulaste;Shrirang Appa Barne;Ravindra Dattaram Waikar;Naresh Ganpat Mhaske;Bharti Pardhi,Black Spots on NHs,Black Spots & Infrastructure,https://sansad.in/getFile/loksabhaquestions/annex/187/AU978_pyTUIm.pdf?source=pqals
LS18-MoRTH-S7-U964,Road Transport & Highways,LS,18,7,964,Unstarred,2026-02-05,Ramasahayam Raghuram Reddy,Accidents Prone Areas on National Highways and Expressways,Accidents & Fatalities,https://sansad.in/getFile/loksabhaquestions/annex/187/AU964_YVTn2r.pdf?source=pqals
RS-MoRTH-S270-S48,Road Transport & Highways,RS,,270,48,Starred,2026-02-04,Samik Bhattacharya,Guardrail colour standards in West Bengal,Black Spots & Infrastructure,https://sansad.in/getFile/annex/270/AS48_n4fRV4.pdf?source=pqars
RS-MoRTH-S270-U574,Road Transport & Highways,RS,,270,574,Unstarred,2026-02-04,Mohammed Nadimul Haque,Emergency response and ambulance compliance on Highways,Trauma Care & Compensation,https://sansad.in/getFile/annex/270/AU574_wDmjXG.pdf?source=pqars
RS-MoRTH-S270-U576,Road Transport & Highways,RS,,270,576,Unstarred,2026-02-04,Meda Raghunadha Reddy,Cashless golden-hour treatment scheme for road accident victims,Accidents & Fatalities;Road Safety Policy;Trauma Care & Compensation,https://sansad.in/getFile/annex/270/AU576_jC8J0a.pdf?source=pqars
RS-MoRTH-S270-U577,Road Transport & Highways,RS,,270,577,Unstarred,2026-02-04,S. Kalyanasundaram,Preventing road accidents on National Highways,Accidents & Fatalities,https://sansad.in/getFile/annex/270/AU577_1Aur8H.pdf?source=pqars
RS-MoRTH-S270-U581,Road Transport & Highways,RS,,270,581,Unstarred,2026-02-04,Fauzia Khan,Implementation of Supreme Court guidelines on road safety,Road Safety (General),https://sansad.in/getFile/annex/270/AU581_TbHUDT.pdf?source=pqars
RS-MoRTH-S270-U582,Road Transport & Highways,RS,,270,582,Unstarred,2026-02-04,Parmar Jashvantsinh Salamsinh,Vehicle scrappage policy and road safety initiatives,Road Safety (General);Road Safety Policy,https://sansad.in/getFile/annex/270/AU582_vyLVcA.pdf?source=pqars
RS-MoRTH-S270-U584,Road Transport & Highways,RS,,270,584,Unstarred,2026-02-04,Kartikeya Sharma,SoPs regarding two wheelers on NH,Road Safety (General),https://sansad.in/getFile/annex/270/AU584_WloxuE.pdf?source=pqars
RS-MoRTH-S270-U587,Road Transport & Highways,RS,,270,587,Unstarred,2026-02-04,Akhilesh Prasad Singh,Traffic congestion and accident-prone stretches in Patna,Accidents & Fatalities,https://sansad.in/getFile/annex/270/AU587_QjCRA3.pdf?source=pqars
RS-MoRTH-S270-U590,Road Transport & Highways,RS,,270,590,Unstarred,2026-02-04,Sana Sathish Babu,Safety Measures on National Highways in Andhra Pradesh,Road Safety (General),https://sansad.in/getFile/annex/270/AU590_Dq0kQ2.pdf?source=pqars
LS18-MoRTH-S7-U205,Road Transport & Highways,LS,18,7,205,Unstarred,2026-01-29,Dhairyasheel Sambhajirao Mane;Sudheer Gupta;Chavan Ravindra Vasantrao,Cashless Treatment to Road Accident Victims,Accidents & Fatalities;Trauma Care & Compensation,https://sansad.in/getFile/loksabhaquestions/annex/187/AU205_hsHv96.pdf?source=pqals
LS18-MoRTH-S7-U139,Road Transport & Highways,LS,18,7,139,Unstarred,2026-01-29,Kirti (jha) Azad,Road Accidents at Durgapur Expressway,Accidents & Fatalities,https://sansad.in/getFile/loksabhaquestions/annex/187/AU139_9m1BvS.pdf?source=pqals
LS18-MoRTH-S7-U124,Road Transport & Highways,LS,18,7,124,Unstarred,2026-01-29,Suresh Kumar Shetkar,National Highway Safety Policy,Road Safety Policy,https://sansad.in/getFile/loksabhaquestions/annex/187/AU124_3QGiC0.pdf?source=pqals
LS18-MoRTH-S7-U66,Road Transport & Highways,LS,18,7,66,Unstarred,2026-01-29,Manickam Tagore B;Vijayakumar Alias Vijay Vasanth,Safety Norms on NHs,Vehicle Safety Standards,https://sansad.in/getFile/loksabhaquestions/annex/187/AU66_UOu0pG.pdf?source=pqals
LS18-MoRTH-S7-U9,Road Transport & Highways,LS,18,7,9,Unstarred,2026-01-29,Rahul Kaswan,"Black Spots on NHs in Churu, Rajasthan",Black Spots & Infrastructure,https://sansad.in/getFile/loksabhaquestions/annex/187/AU9_6EWE5M.pdf?source=pqals
LS18-MoRTH-S6-U3072,Road Transport & Highways,LS,18,6,3072,Unstarred,2025-12-18,Sribharat Mathukumilli;Maddila Gurumoorthy,Implementation of Safety Standards in Long Distance Bus Travel,Vehicle Safety Standards,https://sansad.in/getFile/loksabhaquestions/annex/186/AU3072_1SjxQB.pdf?source=pqals
LS18-MoRTH-S6-U3056,Road Transport & Highways,LS,18,6,3056,Unstarred,2025-12-18,Dharambir Singh,Bharat NCAP,Vehicle Safety Standards,https://sansad.in/getFile/loksabhaquestions/annex/186/AU3056_k9YlWj.pdf?source=pqals
LS18-MoRTH-S6-U3018,Road Transport & Highways,LS,18,6,3018,Unstarred,2025-12-18,Dhairyasheel Sambhajirao Mane;Sudheer Gupta;Chavan Ravindra Vasantrao;Gumma Thanuja Rani,New Cashless Scheme for Injured due to Road Accidents,Accidents & Fatalities;Road Safety Policy;Trauma Care & Compensation,https://sansad.in/getFile/loksabhaquestions/annex/186/AU3018_1cMtBK.pdf?source=pqals
LS18-MoRTH-S6-U3007,Road Transport & Highways,LS,18,6,3007,Unstarred,2025-12-18,Appalanaidu Kalisetti;G Lakshminarayana;Byreddy Shabari,Status of Driver Training Institutes,Road Safety (General),https://sansad.in/getFile/loksabhaquestions/annex/186/AU3007_ul5d4q.pdf?source=pqals
RS-MoRTH-S269-U2008,Road Transport & Highways,RS,,269,2008,Unstarred,2025-12-17,Masthan Rao Yadav Beedha,Black spot identification and rectification,Black Spots & Infrastructure,https://sansad.in/getFile/annex/269/AU2008_xBnoNR.pdf?source=pqars
RS-MoRTH-S269-U2014,Road Transport & Highways,RS,,269,2014,Unstarred,2025-12-17,Babubhai Jesangbhai Desai,Cashless treatment scheme for road accident victims,Accidents & Fatalities;Road Safety Policy;Trauma Care & Compensation,https://sansad.in/getFile/annex/269/AU2014_M2JOhw.pdf?source=pqars
RS-MoRTH-S269-U2018,Road Transport & Highways,RS,,269,2018,Unstarred,2025-12-17,Digvijaya Singh,Road accident deaths,Accidents & Fatalities,https://sansad.in/getFile/annex/269/AU2018_wzXXAh.pdf?source=pqars
RS-MoRTH-S269-U2024,Road Transport & Highways,RS,,269,2024,Unstarred,2025-12-17,Sanjay Seth,Road safety initiatives,Road Safety (General),https://sansad.in/getFile/annex/269/AU2024_ayPbmW.pdf?source=pqars
RS-MoRTH-S269-U2026,Road Transport & Highways,RS,,269,2026,Unstarred,2025-12-17,Bhubaneswar Kalita,Speed limit for all roads,Road Safety (General),https://sansad.in/getFile/annex/269/AU2026_d91kl9.pdf?source=pqars
RS-MoRTH-S269-U2035,Road Transport & Highways,RS,,269,2035,Unstarred,2025-12-17,Madan Rathore,Road safety measures by NHAI,Road Safety (General),https://sansad.in/getFile/annex/269/AU2035_cdu8vQ.pdf?source=pqars
RS-MoRTH-S269-U2041,Road Transport & Highways,RS,,269,2041,Unstarred,2025-12-17,Ravi Chandra Vaddiraju,Work-zone safety,Road Safety (General),https://sansad.in/getFile/annex/269/AU2041_S75pHC.pdf?source=pqars
RS-MoRTH-S269-U2040,Road Transport & Highways,RS,,269,2040,Unstarred,2025-12-17,Lahar Singh Siroya,Passenger safety standards,Vehicle Safety Standards,https://sansad.in/getFile/annex/269/AU2040_5hunmo.pdf?source=pqars
LS18-Health-S6-U2240,Health & Family Welfare,LS,18,6,2240,Unstarred,2025-12-12,Tangella Uday Srinivas,Trauma Care Programme,Road Safety Policy;Trauma Care & Compensation,https://sansad.in/getFile/loksabhaquestions/annex/186/AU2240_qvZ1Ej.pdf?source=pqals
LS18-MoRTH-S6-S168,Road Transport & Highways,LS,18,6,168,Starred,2025-12-11,Ravindra Dattaram Waikar;Naresh Ganpat Mhaske,Cashless Treatment Scheme for Road Accident Victims,Accidents & Fatalities;Road Safety Policy;Trauma Care & Compensation,https://sansad.in/getFile/loksabhaquestions/annex/186/AS168_wRlmUF.pdf?source=pqals
LS18-MoRTH-S6-U1991,Road Transport & Highways,LS,18,6,1991,Unstarred,2025-12-11,Khalilur Rahaman,Road Accidents,Accidents & Fatalities,https://sansad.in/getFile/loksabhaquestions/annex/186/AU1991_DJky03.pdf?source=pqals
LS18-MoRTH-S6-U1974,Road Transport & Highways,LS,18,6,1974,Unstarred,2025-12-11,Maddila Gurumoorthy,Road Traffic Accidents,Accidents & Fatalities,https://sansad.in/getFile/loksabhaquestions/annex/186/AU1974_lsp9ro.pdf?source=pqals
LS18-MoRTH-S6-U1962,Road Transport & Highways,LS,18,6,1962,Unstarred,2025-12-11,Mani A,Road Accidents due to Potholes,Accidents & Fatalities,https://sansad.in/getFile/loksabhaquestions/annex/186/AU1962_iMY4vf.pdf?source=pqals
LS18-MoRTH-S6-U1928,Road Transport & Highways,LS,18,6,1928,Unstarred,2025-12-11,Gumma Thanuja Rani,e-Challans for Traffic Violations,Enforcement & Licensing,https://sansad.in/getFile/loksabhaquestions/annex/186/AU1928_q14MUv.pdf?source=pqals
LS18-MoRTH-S6-U1915,Road Transport & Highways,LS,18,6,1915,Unstarred,2025-12-11,Zia Ur Rehman;Janardan Singh Sigriwal,Review of Road Accidents Data,Accidents & Fatalities;Data & Reporting,https://sansad.in/getFile/loksabhaquestions/annex/186/AU1915_ucOfeA.pdf?source=pqals
LS18-MoRTH-S6-U1882,Road Transport & Highways,LS,18,6,1882,Unstarred,2025-12-11,Rajeev Rai,Policy for Compensation to Road Accidents Victims,Accidents & Fatalities;Road Safety Policy;Trauma Care & Compensation,https://sansad.in/getFile/loksabhaquestions/annex/186/AU1882_Xr3D7l.pdf?source=pqals
RS-MoRTH-S269-U1217,Road Transport & Highways,RS,,269,1217,Unstarred,2025-12-10,A. D. Singh,Emergency response and rescue infrastructure along highways,Trauma Care & Compensation;Black Spots & Infrastructure,https://sansad.in/getFile/annex/269/AU1217_oryWaH.pdf?source=pqars
RS-MoRTH-S269-U1227,Road Transport & Highways,RS,,269,1227,Unstarred,2025-12-10,Narain Dass Gupta,Road accidents in the country,Accidents & Fatalities,https://sansad.in/getFile/annex/269/AU1227_uqqpf0.pdf?source=pqars
RS-MoRTH-S269-U1229,Road Transport & Highways,RS,,269,1229,Unstarred,2025-12-10,Babubhai Jesangbhai Desai,"Amendments to Motor Vehicles (Amendment) Act, 2019",Motor Vehicles Act & Rules,https://sansad.in/getFile/annex/269/AU1229_A21J0U.pdf?source=pqars
RS-MoRTH-S269-U1225,Road Transport & Highways,RS,,269,1225,Unstarred,2025-12-10,Abdul Wahab,Implementation of E20 fuel and vehicle safety,Vehicle Safety Standards,https://sansad.in/getFile/annex/269/AU1225_62cuvQ.pdf?source=pqars
RS-Urban-S269-U872,Housing & Urban Affairs,RS,,269,872,Unstarred,2025-12-08,Jaggesh,Steps for encroachment-free footpaths in cities,Pedestrian Safety,https://sansad.in/getFile/annex/269/AU872_ZRbQzV.pdf?source=pqars
LS18-Health-S6-U928,Health & Family Welfare,LS,18,6,928,Unstarred,2025-12-05,Putta Mahesh Kumar,Emergency Trauma and Treatment Centres on National Highways,Trauma Care & Compensation,https://sansad.in/getFile/loksabhaquestions/annex/186/AU928_BLej3t.pdf?source=pqals
LS18-MoRTH-S6-S68,Road Transport & Highways,LS,18,6,68,Starred,2025-12-04,P C Mohan,"Growth, Safety and Regulation of Electric Vehicles",Road Safety (General),https://sansad.in/getFile/loksabhaquestions/annex/186/AS68_pClC3j.pdf?source=pqals
LS18-MoRTH-S6-U905,Road Transport & Highways,LS,18,6,905,Unstarred,2025-12-04,Daggumalla Prasada Rao;G M Harish Balayogi,Cashless Treatment For Road Accident Victims,Accidents & Fatalities;Trauma Care & Compensation,https://sansad.in/getFile/loksabhaquestions/annex/186/AU905_4DsNxo.pdf?source=pqals
LS18-MoRTH-S6-U894,Road Transport & Highways,LS,18,6,894,Unstarred,2025-12-04,Raja A,Deaths due to Road Accidents,Accidents & Fatalities,https://sansad.in/getFile/loksabhaquestions/annex/186/AU894_eDEUZF.pdf?source=pqals
LS18-MoRTH-S6-U863,Road Transport & Highways,LS,18,6,863,Unstarred,2025-12-04,Anto Antony,Road Accidents on National Highways in Kerala,Accidents & Fatalities,https://sansad.in/getFile/loksabhaquestions/annex/186/AU863_3WQtyb.pdf?source=pqals
LS18-MoRTH-S6-U856,Road Transport & Highways,LS,18,6,856,Unstarred,2025-12-04,Adoor Prakash;K C Venugopal,"Fatal Accidents at Aroor-Thuravoor, NH-66 Stretch in Kerala",Accidents & Fatalities,https://sansad.in/getFile/loksabhaquestions/annex/186/AU856_sPrBK4.pdf?source=pqals
LS18-MoRTH-S6-U838,Road Transport & Highways,LS,18,6,838,Unstarred,2025-12-04,Arvind Dharmapuri,Road Accidents & Fatalities in Telangana,Accidents & Fatalities,https://sansad.in/getFile/loksabhaquestions/annex/186/AU838_h2yEAD.pdf?source=pqals
LS18-MoRTH-S6-U748,Road Transport & Highways,LS,18,6,748,Unstarred,2025-12-04,Balram Naik Porika,Measures to obtain Safe Roads,Road Safety (General),https://sansad.in/getFile/loksabhaquestions/annex/186/AU748_q8mnpd.pdf?source=pqals
LS18-MoRTH-S6-U746,Road Transport & Highways,LS,18,6,746,Unstarred,2025-12-04,Dhairyasheel Sambhajirao Mane;Sudheer Gupta;Chavan Ravindra Vasantrao,Pedestrian Infrastructure along NHs,Black Spots & Infrastructure;Pedestrian Safety,https://sansad.in/getFile/loksabhaquestions/annex/186/AU746_ngMOHo.pdf?source=pqals
RS-MoRTH-S269-U431,Road Transport & Highways,RS,,269,431,Unstarred,2025-12-03,Jebi Mather Hisham,Compensation to victims of accidents at NH construction sites,Accidents & Fatalities;Trauma Care & Compensation,https://sansad.in/getFile/annex/269/AU431_je5WMo.pdf?source=pqars
RS-MoRTH-S269-U432,Road Transport & Highways,RS,,269,432,Unstarred,2025-12-03,Fauzia Khan,Black spot rectification on NHs in Maharashtra,Black Spots & Infrastructure,https://sansad.in/getFile/annex/269/AU432_P89ZNb.pdf?source=pqars
RS-MoRTH-S269-U434,Road Transport & Highways,RS,,269,434,Unstarred,2025-12-03,Sikander Kumar,Public safety and sustainable mobility,Road Safety (General),https://sansad.in/getFile/annex/269/AU434_rwnFLX.pdf?source=pqars
RS-MoRTH-S269-U438,Road Transport & Highways,RS,,269,438,Unstarred,2025-12-03,Babubhai Jesangbhai Desai,Faulty road designs,Black Spots & Infrastructure,https://sansad.in/getFile/annex/269/AU438_bmjBd7.pdf?source=pqars
RS-MoRTH-S269-U439,Road Transport & Highways,RS,,269,439,Unstarred,2025-12-03,A. D. Singh,Increase in road accidents and fatalities,Accidents & Fatalities,https://sansad.in/getFile/annex/269/AU439_GizQX2.pdf?source=pqars
RS-MoRTH-S269-U441,Road Transport & Highways,RS,,269,441,Unstarred,2025-12-03,Bhagwat Karad,Safety and Intelligent Transport Systems (ITS),Road Safety (General),https://sansad.in/getFile/annex/269/AU441_e5fsJV.pdf?source=pqars
LS18-Heavy-S6-U269,Heavy Industries,LS,18,6,269,Unstarred,2025-12-02,Arup Chakraborty,Policy for Vehicles not Meeting Safety Standards,Road Safety Policy;Vehicle Safety Standards,https://sansad.in/getFile/loksabhaquestions/annex/186/AU269_4N1N3W.pdf?source=pqals
LS18-MoRTH-S5-S410,Road Transport & Highways,LS,18,5,410,Starred,2025-08-21,Rajesh Verma;Shrikant Eknath Shinde,Road Accidents,Accidents & Fatalities,https://sansad.in/getFile/loksabhaquestions/annex/185/AS410_uZAKTd.pdf?source=pqals
LS18-MoRTH-S5-U4734,Road Transport & Highways,LS,18,5,4734,Unstarred,2025-08-21,Babu Singh Kushwaha,National Policy to Reduce Accidents,Accidents & Fatalities;Road Safety Policy,https://sansad.in/getFile/loksabhaquestions/annex/185/AU4734_LunOru.pdf?source=pqals
LS18-MoRTH-S5-U4614,Road Transport & Highways,LS,18,5,4614,Unstarred,2025-08-21,Patel Umeshbhai Babubhai,Member of Parliaments' Road Safety Committees,Road Safety (General),https://sansad.in/getFile/loksabhaquestions/annex/185/AU4614_eLhAhu.pdf?source=pqals
RS-MoRTH-S268-U3131,Road Transport & Highways,RS,,268,3131,Unstarred,2025-08-20,Debashish Samantaray,Road safety and accident reduction,Accidents & Fatalities;Road Safety (General),https://sansad.in/getFile/annex/268/AU3131_CvMpk8.pdf?source=pqars
RS-MoRTH-S268-U3138,Road Transport & Highways,RS,,268,3138,Unstarred,2025-08-20,Phulo Devi Netam,Status of road construction and structural safety,Road Safety (General),https://sansad.in/getFile/annex/268/AU3138_t7X46z.pdf?source=pqars
RS-MoRTH-S268-U3141,Road Transport & Highways,RS,,268,3141,Unstarred,2025-08-20,Neeraj Dangi,Dedicated pedestrian footpaths on roads,Pedestrian Safety,https://sansad.in/getFile/annex/268/AU3141_W6R91u.pdf?source=pqars
RS-MoRTH-S268-U3146,Road Transport & Highways,RS,,268,3146,Unstarred,2025-08-20,Shaktisinh Gohil,Road accidents caused due to driver drowsiness and fatigue,Accidents & Fatalities,https://sansad.in/getFile/annex/268/AU3146_FLg9RX.pdf?source=pqars
LS18-Health-S5-U3312,Health & Family Welfare,LS,18,5,3312,Unstarred,2025-08-08,E Tukaram,Emergency Medical Technicians,Trauma Care & Compensation,https://sansad.in/getFile/loksabhaquestions/annex/185/AU3312_QDuDsr.pdf?source=pqals
LS18-MoRTH-S5-U3178,Road Transport & Highways,LS,18,5,3178,Unstarred,2025-08-07,Ujjwal Raman Singh,Amendment in Motor Vehicle Act,Motor Vehicles Act & Rules,https://sansad.in/getFile/loksabhaquestions/annex/185/AU3178_tVXAen.pdf?source=pqals
LS18-MoRTH-S5-U3159,Road Transport & Highways,LS,18,5,3159,Unstarred,2025-08-07,P C Mohan,Road Safety Audit on NHs,Road Safety (General),https://sansad.in/getFile/loksabhaquestions/annex/185/AU3159_e7zHyK.pdf?source=pqals
LS18-MoRTH-S5-U3138,Road Transport & Highways,LS,18,5,3138,Unstarred,2025-08-07,Asaduddin Owaisi,Road Accidents due to High-Beam Headlights,Accidents & Fatalities,https://sansad.in/getFile/loksabhaquestions/annex/185/AU3138_EPiL11.pdf?source=pqals
LS18-MoRTH-S5-U3130,Road Transport & Highways,LS,18,5,3130,Unstarred,2025-08-07,Rahul Kaswan,Illegal Parking and Accidents on Highways,Accidents & Fatalities,https://sansad.in/getFile/loksabhaquestions/annex/185/AU3130_SrxPor.pdf?source=pqals
LS18-MoRTH-S5-U3122,Road Transport & Highways,LS,18,5,3122,Unstarred,2025-08-07,Ruchi Vira,Road Accidents due to Pedestrians,Accidents & Fatalities;Pedestrian Safety,https://sansad.in/getFile/loksabhaquestions/annex/185/AU3122_GII76E.pdf?source=pqals
LS18-MoRTH-S5-U3088,Road Transport & Highways,LS,18,5,3088,Unstarred,2025-08-07,Pratap Chandra Sarangi;Rajesh Naranbhai Chudasama;Aparajita Sarangi;Vishnu Dayal Ram;Amar Sharadrao Kale;Suresh Kumar Kashyap;Shivmangal Singh Tomar;Vijay Kumar Dubey,Cashless Treatment for Road Accident Victims,Accidents & Fatalities;Trauma Care & Compensation,https://sansad.in/getFile/loksabhaquestions/annex/185/AU3088_2vePs4.pdf?source=pqals
LS18-MoRTH-S5-U3042,Road Transport & Highways,LS,18,5,3042,Unstarred,2025-08-07,L.S. Tejasvi Surya,Safety and Quality Standards,Road Safety (General),https://sansad.in/getFile/loksabhaquestions/annex/185/AU3042_V2KwsN.pdf?source=pqals
LS18-MoRTH-S5-U3020,Road Transport & Highways,LS,18,5,3020,Unstarred,2025-08-07,Rachna Banerjee;Pathan Yusuf,"Motor Vehicle Aggregator Guidelines, 2025",Motor Vehicles Act & Rules,https://sansad.in/getFile/loksabhaquestions/annex/185/AU3020_Aa6ZS6.pdf?source=pqals
LS18-MoRTH-S5-U3017,Road Transport & Highways,LS,18,5,3017,Unstarred,2025-08-07,Sayani Ghosh,Central Motor Vehicle Rules for Rear Seat Belts,Vehicle Safety Standards;Motor Vehicles Act & Rules,https://sansad.in/getFile/loksabhaquestions/annex/185/AU3017_s8zgcO.pdf?source=pqals
LS18-MoRTH-S5-U3015,Road Transport & Highways,LS,18,5,3015,Unstarred,2025-08-07,Krishna Prasad Tenneti;Magunta Sreenivasulu Reddy,Survey on Child Safety in Vehicles,Vehicle Safety Standards;Data & Reporting,https://sansad.in/getFile/loksabhaquestions/annex/185/AU3015_rrlPmx.pdf?source=pqals
RS-MoRTH-S268-U2024,Road Transport & Highways,RS,,268,2024,Unstarred,2025-08-06,K.R. Suresh Reddy,Heavy vehicle crashes,Accidents & Fatalities,https://sansad.in/getFile/annex/268/AU2024_UXfvrp.pdf?source=pqars
RS-MoRTH-S268-U2029,Road Transport & Highways,RS,,268,2029,Unstarred,2025-08-06,Ravi Chandra Vaddiraju,Road accident fatalities involving two-wheelers,Accidents & Fatalities,https://sansad.in/getFile/annex/268/AU2029_plbDgn.pdf?source=pqars
RS-MoRTH-S268-U2031,Road Transport & Highways,RS,,268,2031,Unstarred,2025-08-06,Renuka Chowdhury,Road accidents and economic loss to the nation,Accidents & Fatalities,https://sansad.in/getFile/annex/268/AU2031_A72aif.pdf?source=pqars
RS-MoRTH-S268-U2034,Road Transport & Highways,RS,,268,2034,Unstarred,2025-08-06,Golla Baburao,Black spots on National Highways in Andhra Pradesh,Black Spots & Infrastructure,https://sansad.in/getFile/annex/268/AU2034_RnrJTO.pdf?source=pqars
RS-MoRTH-S268-U2042,Road Transport & Highways,RS,,268,2042,Unstarred,2025-08-06,Fauzia Khan,"Standards for road design, construction and maintenance",Black Spots & Infrastructure,https://sansad.in/getFile/annex/268/AU2042_Szm7md.pdf?source=pqars
RS-MoRTH-S268-U2046,Road Transport & Highways,RS,,268,2046,Unstarred,2025-08-06,Tiruchi Siva,School zone safety standards,Vehicle Safety Standards,https://sansad.in/getFile/annex/268/AU2046_9tEXPk.pdf?source=pqars
RS-Health-S268-U1857,Health & Family Welfare,RS,,268,1857,Unstarred,2025-08-05,Renuka Chowdhury,Organ harvesting from road accident victims,Accidents & Fatalities;Trauma Care & Compensation,https://sansad.in/getFile/annex/268/AU1857_6sN71H.pdf?source=pqars
RS-Health-S268-U1870,Health & Family Welfare,RS,,268,1870,Unstarred,2025-08-05,Sikander Kumar,Revolutionizing emergency medical services,Trauma Care & Compensation,https://sansad.in/getFile/annex/268/AU1870_ozDDWU.pdf?source=pqars
RS-Health-S268-U1881,Health & Family Welfare,RS,,268,1881,Unstarred,2025-08-05,K.R. Suresh Reddy,Protection of good samaritans,Trauma Care & Compensation,https://sansad.in/getFile/annex/268/AU1881_ydLlbW.pdf?source=pqars
RS-Health-S268-U1882,Health & Family Welfare,RS,,268,1882,Unstarred,2025-08-05,Dhairyashil Mohan Patil,Shortage of trauma centres in Konkan,Trauma Care & Compensation,https://sansad.in/getFile/annex/268/AU1882_qtCBHG.pdf?source=pqars
RS-Health-S268-U1891,Health & Family Welfare,RS,,268,1891,Unstarred,2025-08-05,Tiruchi Siva,Training and recruitment process of EMTs and paramedics deputed in ambulances,Trauma Care & Compensation,https://sansad.in/getFile/annex/268/AU1891_wkfoZt.pdf?source=pqars
LS18-Health-S5-U2183,Health & Family Welfare,LS,18,5,2183,Unstarred,2025-08-01,Praniti Sushilkumar Shinde,Ambulances under NHM,Trauma Care & Compensation,https://sansad.in/getFile/loksabhaquestions/annex/185/AU2183_DDCXZ8.pdf?source=pqals
LS18-Health-S5-U2168,Health & Family Welfare,LS,18,5,2168,Unstarred,2025-08-01,Gaurav Gogoi,Ambulance Services in Tea Estates of Assam,Trauma Care & Compensation,https://sansad.in/getFile/loksabhaquestions/annex/185/AU2168_hOfsT7.pdf?source=pqals
LS18-Health-S5-U2125,Health & Family Welfare,LS,18,5,2125,Unstarred,2025-08-01,Magunta Sreenivasulu Reddy,Training of Emergency Medical Technicians,Trauma Care & Compensation,https://sansad.in/getFile/loksabhaquestions/annex/185/AU2125_9ximFS.pdf?source=pqals
LS18-MoRTH-S5-U2057,Road Transport & Highways,LS,18,5,2057,Unstarred,2025-07-31,Gurmeet Singh Meet Hayer,Safety of Pedestrians/Cyclists along NHs,Pedestrian Safety,https://sansad.in/getFile/loksabhaquestions/annex/185/AU2057_ad6jcb.pdf?source=pqals
LS18-MoRTH-S5-U2030,Road Transport & Highways,LS,18,5,2030,Unstarred,2025-07-31,Bachhav Shobha Dinesh,Road Accidents and Use of Certified Helmets,Accidents & Fatalities;Vehicle Safety Standards,https://sansad.in/getFile/loksabhaquestions/annex/185/AU2030_kn6GPN.pdf?source=pqals
LS18-MoRTH-S5-U1972,Road Transport & Highways,LS,18,5,1972,Unstarred,2025-07-31,Putta Mahesh Kumar,Road Accidents on National Highway-16,Accidents & Fatalities,https://sansad.in/getFile/loksabhaquestions/annex/185/AU1972_RiPa1J.pdf?source=pqals
LS18-MoRTH-S5-U1965,Road Transport & Highways,LS,18,5,1965,Unstarred,2025-07-31,Ruchi Vira;Kirsan Namdeo,National Road Safety Board,Road Safety (General);Road Safety Policy,https://sansad.in/getFile/loksabhaquestions/annex/185/AU1965_Fp7Ex1.pdf?source=pqals
LS18-MoRTH-S5-U1904,Road Transport & Highways,LS,18,5,1904,Unstarred,2025-07-31,Praniti Sushilkumar Shinde,Road Safety Fund,Road Safety (General),https://sansad.in/getFile/loksabhaquestions/annex/185/AU1904_lsNiUo.pdf?source=pqals
LS18-MoRTH-S5-U1889,Road Transport & Highways,LS,18,5,1889,Unstarred,2025-07-31,K C Venugopal,Safety Measure and Toll Collection on NHs,Road Safety (General),https://sansad.in/getFile/loksabhaquestions/annex/185/AU1889_XbE4ju.pdf?source=pqals
LS18-MoRTH-S5-U1878,Road Transport & Highways,LS,18,5,1878,Unstarred,2025-07-31,Anil Yeshwant Desai,Electronic Challan for Traffic violation,Enforcement & Licensing,https://sansad.in/getFile/loksabhaquestions/annex/185/AU1878_0n7u8c.pdf?source=pqals
LS18-MoRTH-S5-U1866,Road Transport & Highways,LS,18,5,1866,Unstarred,2025-07-31,Kirti (jha) Azad,Road Safety Measures on New NHs,Road Safety (General),https://sansad.in/getFile/loksabhaquestions/annex/185/AU1866_KO6k6Q.pdf?source=pqals
RS-MoRTH-S268-U1222,Road Transport & Highways,RS,,268,1222,Unstarred,2025-07-30,K.R. Suresh Reddy,Child safety in vehicles,Vehicle Safety Standards,https://sansad.in/getFile/annex/268/AU1222_0Hnc6S.pdf?source=pqars
RS-MoRTH-S268-U1224,Road Transport & Highways,RS,,268,1224,Unstarred,2025-07-30,Raghav Chadha,Emergency response and trauma care for road accident victims,Accidents & Fatalities;Trauma Care & Compensation,https://sansad.in/getFile/annex/268/AU1224_MAR5Gl.pdf?source=pqars
RS-MoRTH-S268-U1225,Road Transport & Highways,RS,,268,1225,Unstarred,2025-07-30,Ramilaben Becharbhai Bara,Scheme to provide cashless treatment to road accident victims,Accidents & Fatalities;Road Safety Policy;Trauma Care & Compensation,https://sansad.in/getFile/annex/268/AU1225_c8qxPj.pdf?source=pqars
RS-MoRTH-S268-U1230,Road Transport & Highways,RS,,268,1230,Unstarred,2025-07-30,Bhim Singh,Speed limit on National Highways,Road Safety (General),https://sansad.in/getFile/annex/268/AU1230_dOmhEO.pdf?source=pqars
RS-Health-S268-U1068,Health & Family Welfare,RS,,268,1068,Unstarred,2025-07-29,Neeraj Dangi,Ambulance distribution on priority basis,Trauma Care & Compensation,https://sansad.in/getFile/annex/268/AU1068_SJTMHc.pdf?source=pqars
RS-Health-S268-U1077,Health & Family Welfare,RS,,268,1077,Unstarred,2025-07-29,K.R. Suresh Reddy,Ambulances in the Country,Trauma Care & Compensation,https://sansad.in/getFile/annex/268/AU1077_3lun8G.pdf?source=pqars
RS-Health-S268-U1078,Health & Family Welfare,RS,,268,1078,Unstarred,2025-07-29,K.R. Suresh Reddy,Policy for trauma care,Road Safety Policy;Trauma Care & Compensation,https://sansad.in/getFile/annex/268/AU1078_fiaR4M.pdf?source=pqars
LS18-Health-S5-U1005,Health & Family Welfare,LS,18,5,1005,Unstarred,2025-07-25,Chandan Chauhan;Sanatan Pandey,Trauma Centre in Uttar Pradesh,Trauma Care & Compensation,https://sansad.in/getFile/loksabhaquestions/annex/185/AU1005_7230yW.pdf?source=pqals
LS18-MoRTH-S5-U918,Road Transport & Highways,LS,18,5,918,Unstarred,2025-07-24,Kalyan Banerjee,Road Infrastructure and Safety Issues,Road Safety (General);Black Spots & Infrastructure,https://sansad.in/getFile/loksabhaquestions/annex/185/AU918_QwKlZI.pdf?source=pqals
LS18-MoRTH-S5-U818,Road Transport & Highways,LS,18,5,818,Unstarred,2025-07-24,Sudheer Gupta;Manish Jaiswal;Chavan Ravindra Vasantrao,Road Accidents on National Highways,Accidents & Fatalities,https://sansad.in/getFile/loksabhaquestions/annex/185/AU818_G5SWkh.pdf?source=pqals
LS18-MoRTH-S5-U751,Road Transport & Highways,LS,18,5,751,Unstarred,2025-07-24,Murari Lal Meena,Black Spots on NH-121,Black Spots & Infrastructure,https://sansad.in/getFile/loksabhaquestions/annex/185/AU751_qsc4WX.pdf?source=pqals
LS18-MoRTH-S5-U717,Road Transport & Highways,LS,18,5,717,Unstarred,2025-07-24,Amol Ramsing Kolhe;Supriya Sadanand Sule;Sanjay Dina Patil;Varsha Eknath Gaikwad;Nilesh Dnyandev Lanke;Bhaskar Murlidhar Bhagare;Bajrang Manohar Sonwane,Deaths in Road Accidents in Maharashtra,Accidents & Fatalities,https://sansad.in/getFile/loksabhaquestions/annex/185/AU717_n9ZCxV.pdf?source=pqals
RS-MoRTH-S268-S33,Road Transport & Highways,RS,,268,33,Starred,2025-07-23,Bhubaneswar Kalita,Fatalities due to speeding  on highways,Accidents & Fatalities,https://sansad.in/getFile/annex/268/AS33_H2rOFm.pdf?source=pqars
RS-MoRTH-S268-S35,Road Transport & Highways,RS,,268,35,Starred,2025-07-23,Sikander Kumar,Safety challenges during construction of tunnels,Black Spots & Infrastructure,https://sansad.in/getFile/annex/268/AS35_jeP7pB.pdf?source=pqars
RS-MoRTH-S268-U414,Road Transport & Highways,RS,,268,414,Unstarred,2025-07-23,Ayodhya Rami Reddy Alla,Road safety by rapid infrastructure development,Road Safety (General);Black Spots & Infrastructure,https://sansad.in/getFile/annex/268/AU414_8zvmjL.pdf?source=pqars
RS-MoRTH-S268-U415,Road Transport & Highways,RS,,268,415,Unstarred,2025-07-23,Rajeev Shukla,Reducing road accidents,Accidents & Fatalities,https://sansad.in/getFile/annex/268/AU415_ppUnOf.pdf?source=pqars
RS-MoRTH-S268-U416,Road Transport & Highways,RS,,268,416,Unstarred,2025-07-23,Ashokrao Shankarrao Chavan,Road safety audit,Road Safety (General),https://sansad.in/getFile/annex/268/AU416_J9elUF.pdf?source=pqars
RS-MoRTH-S268-U417,Road Transport & Highways,RS,,268,417,Unstarred,2025-07-23,Sasmit Patra,Road safety crisis,Road Safety (General),https://sansad.in/getFile/annex/268/AU417_yUUiHC.pdf?source=pqars
RS-MoRTH-S268-U425,Road Transport & Highways,RS,,268,425,Unstarred,2025-07-23,Raghav Chadha,Road safety hazards and rectification of black spots,Road Safety (General);Black Spots & Infrastructure,https://sansad.in/getFile/annex/268/AU425_UuTsWj.pdf?source=pqars
RS-MoRTH-S268-U430,Road Transport & Highways,RS,,268,430,Unstarred,2025-07-23,Narain Dass Gupta,Road accidents and delayed release of updated data,Accidents & Fatalities;Data & Reporting,https://sansad.in/getFile/annex/268/AU430_0Obhtt.pdf?source=pqars
RS-MoRTH-S268-U435,Road Transport & Highways,RS,,268,435,Unstarred,2025-07-23,V. Sivadasan,On-site crashes during the construction  by NHAI,Accidents & Fatalities,https://sansad.in/getFile/annex/268/AU435_ejKaA3.pdf?source=pqars
RS-MoRTH-S268-U437,Road Transport & Highways,RS,,268,437,Unstarred,2025-07-23,Ashok Kumar Mittal,Trauma centres on accident-prone highways,Accidents & Fatalities;Trauma Care & Compensation,https://sansad.in/getFile/annex/268/AU437_wJc9QT.pdf?source=pqars
LS18-MoRTH-S4-U5492,Road Transport & Highways,LS,18,4,5492,Unstarred,2025-04-03,Prabha Mallikarjun,Road Accidents on NH-48,Accidents & Fatalities,https://sansad.in/getFile/loksabhaquestions/annex/184/AU5492_VKCoqW.pdf?source=pqals
LS18-MoRTH-S4-U5490,Road Transport & Highways,LS,18,4,5490,Unstarred,2025-04-03,MD. Rakibul Hussain,Safety and Maintenance of Roads in Dhubri,Road Safety (General),https://sansad.in/getFile/loksabhaquestions/annex/184/AU5490_Q2HynK.pdf?source=pqals
LS18-MoRTH-S4-U5344,Road Transport & Highways,LS,18,4,5344,Unstarred,2025-04-03,Delkar Kalaben Mohanbhai;Shivaji Bandappa Kalge;Bhumare Sandipanrao Asaram;Gyaneshwar Patil,Accidents due to Deficiencies in Road Construction,Accidents & Fatalities,https://sansad.in/getFile/loksabhaquestions/annex/184/AU5344_1GV4XB.pdf?source=pqals
RS-MoRTH-S267-U3616,Road Transport & Highways,RS,,267,3616,Unstarred,2025-04-02,Haris Beeran,Road safety in Kerala,Road Safety (General),https://sansad.in/getFile/annex/267/AU3616_jISyjE.pdf?source=pqars
RS-MoRTH-S267-U3627,Road Transport & Highways,RS,,267,3627,Unstarred,2025-04-02,Dhairyashil Mohan Patil,Road accidents and evasion of accountability,Accidents & Fatalities,https://sansad.in/getFile/annex/267/AU3627_BtfVDs.pdf?source=pqars
LS18-Health-S4-U4686,Health & Family Welfare,LS,18,4,4686,Unstarred,2025-03-28,Santosh Pandey;Byreddy Shabari;Tangella Uday Srinivas,National Ambulance Services under National Health Mission,Trauma Care & Compensation,https://sansad.in/getFile/loksabhaquestions/annex/184/AU4686_kRU99Z.pdf?source=pqals
LS18-MoRTH-S4-S400,Road Transport & Highways,LS,18,4,400,Starred,2025-03-27,Ravindra Dattaram Waikar;Naresh Ganpat Mhaske,Road Accidents in Maharashtra and Bihar,Accidents & Fatalities,https://sansad.in/getFile/loksabhaquestions/annex/184/AS400_awMvQK.pdf?source=pqals
LS18-MoRTH-S4-U4572,Road Transport & Highways,LS,18,4,4572,Unstarred,2025-03-27,Rajkumar Chahar,"Implementation of Section 162(1) of the Motor Vehicle  Act, 1988",Motor Vehicles Act & Rules,https://sansad.in/getFile/loksabhaquestions/annex/184/AU4572_NIpsjJ.pdf?source=pqals
LS18-MoRTH-S4-U4564,Road Transport & Highways,LS,18,4,4564,Unstarred,2025-03-27,Rajiv Pratap Rudy,Rectification of Black Spots in Bihar,Black Spots & Infrastructure,https://sansad.in/getFile/loksabhaquestions/annex/184/AU4564_W2y8oE.pdf?source=pqals
LS18-MoRTH-S4-U4550,Road Transport & Highways,LS,18,4,4550,Unstarred,2025-03-27,Captain Viriato Fernandes,e- Challan,Enforcement & Licensing,https://sansad.in/getFile/loksabhaquestions/annex/184/AU4550_H8s0yL.pdf?source=pqals
LS18-MoRTH-S4-U4466,Road Transport & Highways,LS,18,4,4466,Unstarred,2025-03-27,Dulu Mahato;Rajkumar Chahar,Public Participation to Identify Black Spots,Black Spots & Infrastructure,https://sansad.in/getFile/loksabhaquestions/annex/184/AU4466_uMH9Ry.pdf?source=pqals
LS18-MoRTH-S4-U4448,Road Transport & Highways,LS,18,4,4448,Unstarred,2025-03-27,Anita Subhadarshini,Cashless Treatment for Road Accident Victims,Accidents & Fatalities;Trauma Care & Compensation,https://sansad.in/getFile/loksabhaquestions/annex/184/AU4448_7BiDkm.pdf?source=pqals
LS18-MoRTH-S4-U4444,Road Transport & Highways,LS,18,4,4444,Unstarred,2025-03-27,Lavu Sri Krishna Devarayalu,Rescue of Road Crash Victims,Accidents & Fatalities;Trauma Care & Compensation,https://sansad.in/getFile/loksabhaquestions/annex/184/AU4444_p9MBqM.pdf?source=pqals
RS-MoRTH-S267-U2979,Road Transport & Highways,RS,,267,2979,Unstarred,2025-03-26,Bhubaneswar Kalita,National Road Safety Board,Road Safety (General);Road Safety Policy,https://sansad.in/getFile/annex/267/AU2979_7E2fHc.pdf?source=pqars
RS-MoRTH-S267-U2985,Road Transport & Highways,RS,,267,2985,Unstarred,2025-03-26,Ajeet Madhavrao Gopchade,Motor Vehicle Accident Claim Tribunals,Accidents & Fatalities;Motor Vehicles Act & Rules,https://sansad.in/getFile/annex/267/AU2985_Ye3CKY.pdf?source=pqars
RS-Health-S267-S259,Health & Family Welfare,RS,,267,259,Starred,2025-03-25,Sanjeev Arora,Guidelines for ambulance procurement,Trauma Care & Compensation,https://sansad.in/getFile/annex/267/AS259_DcASuK.pdf?source=pqars
RS-Health-S267-U2816,Health & Family Welfare,RS,,267,2816,Unstarred,2025-03-25,Fauzia Khan,Decline in ambulance services post COVID-19,Trauma Care & Compensation,https://sansad.in/getFile/annex/267/AU2816_gYLu59.pdf?source=pqars
RS-Urban-S267-U2610,Housing & Urban Affairs,RS,,267,2610,Unstarred,2025-03-24,Kanimozhi Nvn Somu,Dedicated lanes for bicycles and pedestrians on urban roads,Pedestrian Safety,https://sansad.in/getFile/annex/267/AU2610_kSlo3R.pdf?source=pqars
LS18-Health-S4-U3581,Health & Family Welfare,LS,18,4,3581,Unstarred,2025-03-21,Santosh Pandey,Maintenance of Life Support Ambulances,Trauma Care & Compensation,https://sansad.in/getFile/loksabhaquestions/annex/184/AU3581_47cOYP.pdf?source=pqals
LS18-MoRTH-S4-U3290,Road Transport & Highways,LS,18,4,3290,Unstarred,2025-03-20,Krishna Prasad Tenneti,Data on Road Accidents,Accidents & Fatalities;Data & Reporting,https://sansad.in/getFile/loksabhaquestions/annex/184/AU3290_WbbgOG.pdf?source=pqals
RS-MoRTH-S267-S204,Road Transport & Highways,RS,,267,204,Starred,2025-03-19,Mohammed Nadimul Haque,Funds for road safety,Road Safety (General),https://sansad.in/getFile/annex/267/AS204_pafqDc.pdf?source=pqars
RS-MoRTH-S267-U2163,Road Transport & Highways,RS,,267,2163,Unstarred,2025-03-19,Sanjeev Arora,Implementation of Bharat NCAP for Vehicle Safety,Vehicle Safety Standards,https://sansad.in/getFile/annex/267/AU2163_OyNz01.pdf?source=pqars
RS-MoRTH-S267-U2166,Road Transport & Highways,RS,,267,2166,Unstarred,2025-03-19,Ratanjit Pratap Narain Singh,Cashless treatment for victims of road accident,Accidents & Fatalities;Trauma Care & Compensation,https://sansad.in/getFile/annex/267/AU2166_DExim1.pdf?source=pqars
RS-MoRTH-S267-U2169,Road Transport & Highways,RS,,267,2169,Unstarred,2025-03-19,Shaktisinh Gohil,Constitution and Monitoring of Road Safety Committees,Road Safety (General),https://sansad.in/getFile/annex/267/AU2169_2HYqXj.pdf?source=pqars
RS-MoRTH-S267-U2172,Road Transport & Highways,RS,,267,2172,Unstarred,2025-03-19,Sanjay Kumar Jha,Road Safety Programme,Road Safety (General);Road Safety Policy,https://sansad.in/getFile/annex/267/AU2172_BGXVPu.pdf?source=pqars
RS-MoRTH-S267-U2175,Road Transport & Highways,RS,,267,2175,Unstarred,2025-03-19,Neeraj Dangi,Challans issued to minor drivers,Enforcement & Licensing,https://sansad.in/getFile/annex/267/AU2175_MVEC3O.pdf?source=pqars
RS-Urban-S267-U1824,Housing & Urban Affairs,RS,,267,1824,Unstarred,2025-03-17,Satnam Singh Sandhu,Cycle pathways in urban areas,Road Safety (General);Pedestrian Safety,https://sansad.in/getFile/annex/267/AU1824_7Up9JH.pdf?source=pqars
LS18-MoRTH-S4-U2528,Road Transport & Highways,LS,18,4,2528,Unstarred,2025-03-13,Rajkumar Chahar,Addressing Road Accidents due to Driver Drowsiness,Accidents & Fatalities,https://sansad.in/getFile/loksabhaquestions/annex/184/AU2528_1EZJxP.pdf?source=pqals
LS18-MoRTH-S4-U2516,Road Transport & Highways,LS,18,4,2516,Unstarred,2025-03-13,Bharat Singh Kushwah,"Compensation to Victims of Hit and Run Motor Vehicle Accidents Scheme, 2022",Accidents & Fatalities;Road Safety Policy;Trauma Care & Compensation;Hit and Run;Motor Vehicles Act & Rules,https://sansad.in/getFile/loksabhaquestions/annex/184/AU2516_XhlarW.pdf?source=pqals
LS18-MoRTH-S4-U2514,Road Transport & Highways,LS,18,4,2514,Unstarred,2025-03-13,Adoor Prakash,Rising Accidents due to Black Spots,Accidents & Fatalities;Black Spots & Infrastructure,https://sansad.in/getFile/loksabhaquestions/annex/184/AU2514_Xdf3oX.pdf?source=pqals
LS18-MoRTH-S4-U2438,Road Transport & Highways,LS,18,4,2438,Unstarred,2025-03-13,Gaurav Gogoi,Reduction in Road Accidents and Economic Losses,Accidents & Fatalities,https://sansad.in/getFile/loksabhaquestions/annex/184/AU2438_zCrKT7.pdf?source=pqals
LS18-MoRTH-S4-U2424,Road Transport & Highways,LS,18,4,2424,Unstarred,2025-03-13,Anil Yeshwant Desai,Safety of Car Drivers,Road Safety (General),https://sansad.in/getFile/loksabhaquestions/annex/184/AU2424_7AIiK4.pdf?source=pqals
LS18-MoRTH-S4-U2395,Road Transport & Highways,LS,18,4,2395,Unstarred,2025-03-13,Chintamani Maharaj,Black Spots on Highways,Black Spots & Infrastructure,https://sansad.in/getFile/loksabhaquestions/annex/184/AU2395_A2oR1D.pdf?source=pqals
RS-MoRTH-S267-U1531,Road Transport & Highways,RS,,267,1531,Unstarred,2025-03-12,Medha Vishram Kulkarni,Cancellation of driving licences,Enforcement & Licensing,https://sansad.in/getFile/annex/267/AU1531_jxEU3R.pdf?source=pqars
RS-MoRTH-S267-U1533,Road Transport & Highways,RS,,267,1533,Unstarred,2025-03-12,Raghav Chadha,Road accidents on account of potholes,Accidents & Fatalities,https://sansad.in/getFile/annex/267/AU1533_mjXMZs.pdf?source=pqars
RS-MoRTH-S267-U1540,Road Transport & Highways,RS,,267,1540,Unstarred,2025-03-12,Sujeet Kumar,Initiatives on Road Safety,Road Safety (General),https://sansad.in/getFile/annex/267/AU1540_r6v5I9.pdf?source=pqars
RS-MoRTH-S267-U1546,Road Transport & Highways,RS,,267,1546,Unstarred,2025-03-12,Neeraj Dangi,Status of Road Safety Education Programmes,Road Safety (General);Road Safety Policy,https://sansad.in/getFile/annex/267/AU1546_q7n8q7.pdf?source=pqars
RS-Health-S267-U1385,Health & Family Welfare,RS,,267,1385,Unstarred,2025-03-11,Pramod Tiwari,National Ambulance Services,Trauma Care & Compensation,https://sansad.in/getFile/annex/267/AU1385_bZ3PVG.pdf?source=pqars
RS-Health-S267-U1405,Health & Family Welfare,RS,,267,1405,Unstarred,2025-03-11,Saket Gokhale,Availability of ambulances in the country,Trauma Care & Compensation,https://sansad.in/getFile/annex/267/AU1405_P6dl47.pdf?source=pqars
LS18-MoRTH-S4-U1600,Road Transport & Highways,LS,18,4,1600,Unstarred,2025-02-13,Vivek Thakur,Implementation of NCAP,Vehicle Safety Standards,https://sansad.in/getFile/loksabhaquestions/annex/184/AU1600_OEfumO.pdf?source=pqals
LS18-MoRTH-S4-U1588,Road Transport & Highways,LS,18,4,1588,Unstarred,2025-02-13,Rajesh Ranjan (pappu Yadav),Road Safety,Road Safety (General),https://sansad.in/getFile/loksabhaquestions/annex/184/AU1588_lAmPWe.pdf?source=pqals
LS18-MoRTH-S4-U1584,Road Transport & Highways,LS,18,4,1584,Unstarred,2025-02-13,Kanwar Singh Tanwar,Accidents on NH-9,Accidents & Fatalities,https://sansad.in/getFile/loksabhaquestions/annex/184/AU1584_xFxJOe.pdf?source=pqals
LS18-MoRTH-S4-U1502,Road Transport & Highways,LS,18,4,1502,Unstarred,2025-02-13,Chandan Chauhan,Black Spots on National Highways,Black Spots & Infrastructure,https://sansad.in/getFile/loksabhaquestions/annex/184/AU1502_0fCIns.pdf?source=pqals
LS18-MoRTH-S4-U1464,Road Transport & Highways,LS,18,4,1464,Unstarred,2025-02-13,Biplab Kumar Deb;Ramvir Singh Bidhuri;Mahesh Kashyap;Darshan Singh Choudhary,Pilot Project preventing Stray Cattle-related Accidents,Accidents & Fatalities,https://sansad.in/getFile/loksabhaquestions/annex/184/AU1464_h4c8FN.pdf?source=pqals
LS18-MoRTH-S4-U1453,Road Transport & Highways,LS,18,4,1453,Unstarred,2025-02-13,Sayani Ghosh,Road Accidents and Safety,Accidents & Fatalities,https://sansad.in/getFile/loksabhaquestions/annex/184/AU1453_Cx4TXq.pdf?source=pqals
LS18-Health-S4-U896,Health & Family Welfare,LS,18,4,896,Unstarred,2025-02-07,Rao Rajendra Singh,Skill Training Centre for Emergency Medical Services,Trauma Care & Compensation,https://sansad.in/getFile/loksabhaquestions/annex/184/AU896_ksOmcS.pdf?source=pqals
LS18-MoRTH-S4-S58,Road Transport & Highways,LS,18,4,58,Starred,2025-02-06,Dean Kuriakose,Data on Road Accidents,Accidents & Fatalities;Data & Reporting,https://sansad.in/getFile/loksabhaquestions/annex/184/AS58_So5CEu.pdf?source=pqals
LS18-MoRTH-S4-U676,Road Transport & Highways,LS,18,4,676,Unstarred,2025-02-06,Dulu Mahato,Accidents on NH-19,Accidents & Fatalities,https://sansad.in/getFile/loksabhaquestions/annex/184/AU676_DQ2fPN.pdf?source=pqals
LS18-MoRTH-S4-U626,Road Transport & Highways,LS,18,4,626,Unstarred,2025-02-06,Trivendra Singh Rawat,Death due to Drunk Driving,Accidents & Fatalities;Drunk/Drink Driving,https://sansad.in/getFile/loksabhaquestions/annex/184/AU626_Fw1ML5.pdf?source=pqals
LS18-MoRTH-S4-U617,Road Transport & Highways,LS,18,4,617,Unstarred,2025-02-06,Rajiv Pratap Rudy,Removal of Black Spots in Bihar,Black Spots & Infrastructure,https://sansad.in/getFile/loksabhaquestions/annex/184/AU617_hfAjZC.pdf?source=pqals
LS18-MoRTH-S4-U590,Road Transport & Highways,LS,18,4,590,Unstarred,2025-02-06,E. T. Mohammed Basheer,Pedestrian Facilities on National Highways,Pedestrian Safety,https://sansad.in/getFile/loksabhaquestions/annex/184/AU590_WmxtxO.pdf?source=pqals
LS18-MoRTH-S4-U552,Road Transport & Highways,LS,18,4,552,Unstarred,2025-02-06,Krishna Prasad Tenneti,Accident Blackspots in Andhra Pradesh,Accidents & Fatalities;Black Spots & Infrastructure,https://sansad.in/getFile/loksabhaquestions/annex/184/AU552_MlaBKi.pdf?source=pqals
LS18-MoRTH-S4-U544,Road Transport & Highways,LS,18,4,544,Unstarred,2025-02-06,Mahima Kumari Mewar,Road Safety in Rajasthan,Road Safety (General),https://sansad.in/getFile/loksabhaquestions/annex/184/AU544_E0F9MP.pdf?source=pqals
LS18-MoRTH-S4-U522,Road Transport & Highways,LS,18,4,522,Unstarred,2025-02-06,Charanjit Singh Channi,Impact of Road Maintenance on Public Safety,Black Spots & Infrastructure,https://sansad.in/getFile/loksabhaquestions/annex/184/AU522_4r6X9K.pdf?source=pqals
LS18-MoRTH-S4-U465,Road Transport & Highways,LS,18,4,465,Unstarred,2025-02-06,Nilesh Dnyandev Lanke;Bajrang Manohar Sonwane;Amol Ramsing Kolhe;Mohite Patil Dhairyasheel Rajsinh;Supriya Sadanand Sule;Sanjay Dina Patil;Varsha Eknath Gaikwad;Amar Sharadrao Kale;Bhaskar Murlidhar Bhagare,Road Accidents due to Potholes,Accidents & Fatalities,https://sansad.in/getFile/loksabhaquestions/annex/184/AU465_fcSEUB.pdf?source=pqals
RS-Health-S267-U296,Health & Family Welfare,RS,,267,296,Unstarred,2025-02-04,Sanjeev Arora,Fund allocation for ambulances under NHM,Trauma Care & Compensation,https://sansad.in/getFile/annex/267/AU296_TX2dTa.pdf?source=pqars
LS18-Health-S3-U4318,Health & Family Welfare,LS,18,3,4318,Unstarred,2024-12-20,Iqra Choudhary,Ambulances under the National Health Mission,Trauma Care & Compensation,https://sansad.in/getFile/loksabhaquestions/annex/183/AU4318_ghZQ3j.pdf?source=pqals
LS18-MoRTH-S3-U4086,Road Transport & Highways,LS,18,3,4086,Unstarred,2024-12-19,Iqra Choudhary,Ambulances and Safety Services on National Highways,Trauma Care & Compensation,https://sansad.in/getFile/loksabhaquestions/annex/183/AU4086_OG8hw9.pdf?source=pqals
LS18-MoRTH-S3-U4002,Road Transport & Highways,LS,18,3,4002,Unstarred,2024-12-19,Sangeeta Kumari Singh Deo,Road Safety Audit in Odisha,Road Safety (General),https://sansad.in/getFile/loksabhaquestions/annex/183/AU4002_Q4Fq5R.pdf?source=pqals
LS18-MoRTH-S3-U3927,Road Transport & Highways,LS,18,3,3927,Unstarred,2024-12-19,Jagadish Shettar;Ramvir Singh Bidhuri;Mahesh Kashyap;Miteshbhai Rameshbhai Patel;Bibhu Prasad Tarai,Road Safety Measures,Road Safety (General),https://sansad.in/getFile/loksabhaquestions/annex/183/AU3927_3Nk19R.pdf?source=pqals
RS-MoRTH-S266-S253,Road Transport & Highways,RS,,266,253,Starred,2024-12-18,Sanjay Raut,Death by negligence due to under construction projects,Accidents & Fatalities,https://sansad.in/getFile/annex/266/AS253_mnXKaS.pdf?source=pqars
RS-MoRTH-S266-U2644,Road Transport & Highways,RS,,266,2644,Unstarred,2024-12-18,S Niranjan Reddy,Road Safety Audits on National Highways,Road Safety (General),https://sansad.in/getFile/annex/266/AU2644_GWOhDU.pdf?source=pqars
RS-MoRTH-S266-U2647,Road Transport & Highways,RS,,266,2647,Unstarred,2024-12-18,Neeraj Dangi,Reasons for increase in road accidents,Accidents & Fatalities,https://sansad.in/getFile/annex/266/AU2647_WlDtvg.pdf?source=pqars
RS-MoRTH-S266-U2651,Road Transport & Highways,RS,,266,2651,Unstarred,2024-12-18,Manas Ranjan Mangaraj,Rise in road accidents,Accidents & Fatalities,https://sansad.in/getFile/annex/266/AU2651_f4Hjtp.pdf?source=pqars
RS-MoRTH-S266-U2660,Road Transport & Highways,RS,,266,2660,Unstarred,2024-12-18,Sanjeev Arora,Trauma Care services on Highways,Trauma Care & Compensation,https://sansad.in/getFile/annex/266/AU2660_K1JZtG.pdf?source=pqars
RS-Health-S266-S228,Health & Family Welfare,RS,,266,228,Starred,2024-12-17,Sunetra Ajit Pawar,Water ambulance service in remote coastal and riverine areas,Trauma Care & Compensation,https://sansad.in/getFile/annex/266/AS228_spuOcL.pdf?source=pqars
LS18-Health-S3-U3174,Health & Family Welfare,LS,18,3,3174,Unstarred,2024-12-13,Bhojraj Nag,Trauma Care Centres in Chhattisgarh,Trauma Care & Compensation,https://sansad.in/getFile/loksabhaquestions/annex/183/AU3174_vKusAo.pdf?source=pqals
LS18-MoRTH-S3-S251,Road Transport & Highways,LS,18,3,251,Starred,2024-12-12,Sudhakar Singh,Integrated Road Accident Database,Accidents & Fatalities,https://sansad.in/getFile/loksabhaquestions/annex/183/AS251_gFdaKF.pdf?source=pqals
LS18-MoRTH-S3-S244,Road Transport & Highways,LS,18,3,244,Starred,2024-12-12,Gurmeet Singh Meet Hayer,Data on Road Accident Fatalities,Accidents & Fatalities;Data & Reporting,https://sansad.in/getFile/loksabhaquestions/annex/183/AS244_5fM6GJ.pdf?source=pqals
LS18-MoRTH-S3-S243,Road Transport & Highways,LS,18,3,243,Starred,2024-12-12,Rajkumar Chahar;Naveen Jindal,Cashless Treatment of Road Accident Victims,Accidents & Fatalities;Trauma Care & Compensation,https://sansad.in/getFile/loksabhaquestions/annex/183/AS243_LocbDY.pdf?source=pqals
LS18-MoRTH-S3-U2983,Road Transport & Highways,LS,18,3,2983,Unstarred,2024-12-12,Prabhakar Reddy Vemireddy;Putta Mahesh Kumar,Survey on  Black Spots on NHs,Black Spots & Infrastructure;Data & Reporting,https://sansad.in/getFile/loksabhaquestions/annex/183/AU2983_GstcUJ.pdf?source=pqals
LS18-MoRTH-S3-U2932,Road Transport & Highways,LS,18,3,2932,Unstarred,2024-12-12,Ujjwal Raman Singh,Traffic Jams and Road Accidents,Accidents & Fatalities,https://sansad.in/getFile/loksabhaquestions/annex/183/AU2932_yhAlJZ.pdf?source=pqals
LS18-MoRTH-S3-U2921,Road Transport & Highways,LS,18,3,2921,Unstarred,2024-12-12,Dharmendra Yadav,Audit of Road Designs,Black Spots & Infrastructure,https://sansad.in/getFile/loksabhaquestions/annex/183/AU2921_AtOqZD.pdf?source=pqals
LS18-MoRTH-S3-U2908,Road Transport & Highways,LS,18,3,2908,Unstarred,2024-12-12,Durai Vaiko,Rectification of Black Spots,Black Spots & Infrastructure,https://sansad.in/getFile/loksabhaquestions/annex/183/AU2908_Rq02Ap.pdf?source=pqals
LS18-MoRTH-S3-U2879,Road Transport & Highways,LS,18,3,2879,Unstarred,2024-12-12,Adhikari Deepak Dev,Road Accident Casualties,Accidents & Fatalities,https://sansad.in/getFile/loksabhaquestions/annex/183/AU2879_olQTBc.pdf?source=pqals
LS18-MoRTH-S3-U2867,Road Transport & Highways,LS,18,3,2867,Unstarred,2024-12-12,Chandra Prakash Choudhary;Sanatan Pandey,Black Spots on NHs,Black Spots & Infrastructure,https://sansad.in/getFile/loksabhaquestions/annex/183/AU2867_OroLJ8.pdf?source=pqals
LS18-MoRTH-S3-U2832,Road Transport & Highways,LS,18,3,2832,Unstarred,2024-12-12,COM. Selvaraj V;Subbarayan K,Road Accident,Accidents & Fatalities,https://sansad.in/getFile/loksabhaquestions/annex/183/AU2832_jEEGN5.pdf?source=pqals
RS-MoRTH-S266-U1850,Road Transport & Highways,RS,,266,1850,Unstarred,2024-12-11,Babubhai Jesangbhai Desai,Funds for Road safety,Road Safety (General),https://sansad.in/getFile/annex/266/AU1850_g3FjFr.pdf?source=pqars
RS-MoRTH-S266-U1860,Road Transport & Highways,RS,,266,1860,Unstarred,2024-12-11,Fauzia Khan,"Standards for road design, construction and maintenance",Black Spots & Infrastructure,https://sansad.in/getFile/annex/266/AU1860_Mgqwz0.pdf?source=pqars
RS-MoRTH-S266-U1862,Road Transport & Highways,RS,,266,1862,Unstarred,2024-12-11,Sanjay Seth,Victims of road crash,Accidents & Fatalities;Trauma Care & Compensation,https://sansad.in/getFile/annex/266/AU1862_ONK3tU.pdf?source=pqars
RS-MoRTH-S266-U1855,Road Transport & Highways,RS,,266,1855,Unstarred,2024-12-11,Mukul Balkrishna Wasnik,Steps taken to improve road safety,Road Safety (General),https://sansad.in/getFile/annex/266/AU1855_Zi1J3A.pdf?source=pqars
RS-Health-S266-U1705,Health & Family Welfare,RS,,266,1705,Unstarred,2024-12-10,Sanjay Singh,Status of trauma centres in the country,Trauma Care & Compensation,https://sansad.in/getFile/annex/266/AU1705_jDB1H7.pdf?source=pqars
LS18-MoRTH-S3-S160,Road Transport & Highways,LS,18,3,160,Starred,2024-12-05,Bidyut Baran Mahato,Road Safety on National Highways,Road Safety (General),https://sansad.in/getFile/loksabhaquestions/annex/183/AS160_YTIPWB.pdf?source=pqals
LS18-MoRTH-S3-U1743,Road Transport & Highways,LS,18,3,1743,Unstarred,2024-12-05,Saptagiri Sankar Ulaka,Road Accident in Dehradun,Accidents & Fatalities,https://sansad.in/getFile/loksabhaquestions/annex/183/AU1743_B9OdX9.pdf?source=pqals
LS18-MoRTH-S3-U1627,Road Transport & Highways,LS,18,3,1627,Unstarred,2024-12-05,Appalanaidu Kalisetti,Causes for Accidents,Accidents & Fatalities,https://sansad.in/getFile/loksabhaquestions/annex/183/AU1627_VCemtV.pdf?source=pqals
LS18-MoRTH-S3-U1612,Road Transport & Highways,LS,18,3,1612,Unstarred,2024-12-05,Anup Sanjay Dhotre,Road Safety Management System,Road Safety (General),https://sansad.in/getFile/loksabhaquestions/annex/183/AU1612_roz4T3.pdf?source=pqals
RS-MoRTH-S266-U1060,Road Transport & Highways,RS,,266,1060,Unstarred,2024-12-04,Babubhai Jesangbhai Desai,State Level and District Level Road Safety Committees,Road Safety (General),https://sansad.in/getFile/annex/266/AU1060_nqhefx.pdf?source=pqars
RS-MoRTH-S266-U251,Road Transport & Highways,RS,,266,251,Unstarred,2024-11-27,Damodar Rao Divakonda,Measures to reduce road accidents in Telangana,Accidents & Fatalities,https://sansad.in/getFile/annex/266/AU251_f8aZyz.pdf?source=pqars
RS-MoRTH-S266-U269,Road Transport & Highways,RS,,266,269,Unstarred,2024-11-27,Dhairyashil Mohan Patil,Reviewing Expressway Speed Limits,Road Safety (General),https://sansad.in/getFile/annex/266/AU269_766U6j.pdf?source=pqars
RS-MoRTH-S266-U276,Road Transport & Highways,RS,,266,276,Unstarred,2024-11-27,Jaggesh,Innovative methods for road safety,Road Safety (General),https://sansad.in/getFile/annex/266/AU276_gpBuhm.pdf?source=pqars
LS18-Health-S2-U3139,Health & Family Welfare,LS,18,2,3139,Unstarred,2024-08-09,Rajeev Bharadwaj,Trauma Centre in Kangra and Chamba District,Trauma Care & Compensation,https://sansad.in/getFile/loksabhaquestions/annex/182/AU3139_zxsajW.pdf?source=pqals
LS18-MoRTH-S2-U2973,Road Transport & Highways,LS,18,2,2973,Unstarred,2024-08-08,Vishnu Datt Sharma,Survey of Road Design in Madhya Pradesh,Black Spots & Infrastructure;Data & Reporting,https://sansad.in/getFile/loksabhaquestions/annex/182/AU2973_cyJUsV.pdf?source=pqals
LS18-MoRTH-S2-U2935,Road Transport & Highways,LS,18,2,2935,Unstarred,2024-08-08,Giridhari Yadav,System of Renewal of Driving License,Enforcement & Licensing,https://sansad.in/getFile/loksabhaquestions/annex/182/AU2935_pgKRjM.pdf?source=pqals
RS-MoRTH-S265-U1867,Road Transport & Highways,RS,,265,1867,Unstarred,2024-08-07,Parimal Nathwani,Road Accidents,Accidents & Fatalities,https://sansad.in/getFile/annex/265/AU1867_EVwtA9.pdf?source=pqars
RS-MoRTH-S265-U1871,Road Transport & Highways,RS,,265,1871,Unstarred,2024-08-07,Jose K. Mani,Accidents on National Highways,Accidents & Fatalities,https://sansad.in/getFile/annex/265/AU1871_zKxMuU.pdf?source=pqars
RS-MoRTH-S265-U1865,Road Transport & Highways,RS,,265,1865,Unstarred,2024-08-07,Sumer Singh Solanki,Road accidents on NH-03,Accidents & Fatalities,https://sansad.in/getFile/annex/265/AU1865_Xrvprg.pdf?source=pqars
RS-MoRTH-S265-U1855,Road Transport & Highways,RS,,265,1855,Unstarred,2024-08-07,Mukul Balkrishna Wasnik,Road accidents and safety measures,Accidents & Fatalities;Road Safety (General),https://sansad.in/getFile/annex/265/AU1855_dYVMo7.pdf?source=pqars
RS-MoRTH-S265-U1859,Road Transport & Highways,RS,,265,1859,Unstarred,2024-08-07,Sanjay Yadav,Road accidents in the country,Accidents & Fatalities,https://sansad.in/getFile/annex/265/AU1859_ykkegI.pdf?source=pqars
RS-MoRTH-S265-U1850,Road Transport & Highways,RS,,265,1850,Unstarred,2024-08-07,Sagarika Ghose,Increasing accidents on Highways,Accidents & Fatalities,https://sansad.in/getFile/annex/265/AU1850_vhisoj.pdf?source=pqars
RS-MoRTH-S265-S176,Road Transport & Highways,RS,,265,176,Starred,2024-08-07,Madan Rathore,Reward to good samaritans,Trauma Care & Compensation,https://sansad.in/getFile/annex/265/AS176_2qkMBs.pdf?source=pqars
RS-Health-S265-U1707,Health & Family Welfare,RS,,265,1707,Unstarred,2024-08-06,C. VE. Shanmugam,Setting up of hospitals / trauma centres along National and State Highways,Trauma Care & Compensation,https://sansad.in/getFile/annex/265/AU1707_Ppn8Nu.pdf?source=pqars
LS18-MoRTH-S2-U1757,Road Transport & Highways,LS,18,2,1757,Unstarred,2024-08-01,Sajda Ahmed,Safety Audit on NH-6,Road Safety (General),https://sansad.in/getFile/loksabhaquestions/annex/182/AU1757_dkMtR8.pdf?source=pqals
LS18-MoRTH-S2-U1636,Road Transport & Highways,LS,18,2,1636,Unstarred,2024-08-01,Daggumalla Prasada Rao,Accident due to Black Spots in Andhra Pradesh,Accidents & Fatalities;Black Spots & Infrastructure,https://sansad.in/getFile/loksabhaquestions/annex/182/AU1636_GXczHN.pdf?source=pqals
LS18-MoRTH-S2-U1633,Road Transport & Highways,LS,18,2,1633,Unstarred,2024-08-01,Raju Bista,Cashless Treatment to Road Crash Victims,Accidents & Fatalities;Trauma Care & Compensation,https://sansad.in/getFile/loksabhaquestions/annex/182/AU1633_gzz00g.pdf?source=pqals
RS-MoRTH-S265-U1023,Road Transport & Highways,RS,,265,1023,Unstarred,2024-07-31,S. Selvaganabathy,Vehicle Recall Policy,Road Safety Policy;Vehicle Safety Standards,https://sansad.in/getFile/annex/265/AU1023_HVz9ek.pdf?source=pqars
RS-MoRTH-S265-U1075,Road Transport & Highways,RS,,265,1075,Unstarred,2024-07-31,Mukul Balkrishna Wasnik,Road Accidents,Accidents & Fatalities,https://sansad.in/getFile/annex/265/AU1075_hjqEiA.pdf?source=pqars
LS18-Health-S2-U830,Health & Family Welfare,LS,18,2,830,Unstarred,2024-07-26,Giridhari Yadav,Trauma Centre near National Highway,Trauma Care & Compensation,https://sansad.in/getFile/loksabhaquestions/annex/182/AU830_S7oXk9.pdf?source=pqals
LS18-Health-S2-U806,Health & Family Welfare,LS,18,2,806,Unstarred,2024-07-26,Harsimrat Kaur Badal,"Trauma Centre at AIIMS, Bathinda",Trauma Care & Compensation,https://sansad.in/getFile/loksabhaquestions/annex/182/AU806_IpVVuw.pdf?source=pqals
LS18-Health-S2-U715,Health & Family Welfare,LS,18,2,715,Unstarred,2024-07-26,Kriti Devi Debbarman,Trauma Centre in Dhalai,Trauma Care & Compensation,https://sansad.in/getFile/loksabhaquestions/annex/182/AU715_kFxQAI.pdf?source=pqals
LS18-MoRTH-S2-U628,Road Transport & Highways,LS,18,2,628,Unstarred,2024-07-25,Raja A,Reducing Road Accidents,Accidents & Fatalities,https://sansad.in/getFile/loksabhaquestions/annex/182/AU628_ZumFMY.pdf?source=pqals
LS18-MoRTH-S2-U627,Road Transport & Highways,LS,18,2,627,Unstarred,2024-07-25,Rahul Kaswan;Poonamben Hematbhai Maadam,Road Safety,Road Safety (General),https://sansad.in/getFile/loksabhaquestions/annex/182/AU627_VU7ZWC.pdf?source=pqals
LS18-MoRTH-S2-U530,Road Transport & Highways,LS,18,2,530,Unstarred,2024-07-25,Iqra Choudhary,Accident Prone Areas on NH-709B,Accidents & Fatalities,https://sansad.in/getFile/loksabhaquestions/annex/182/AU530_mkPnxz.pdf?source=pqals
RS-MoRTH-S265-U260,Road Transport & Highways,RS,,265,260,Unstarred,2024-07-24,Sasmit Patra,Deaths due to road accidents in India,Accidents & Fatalities,https://sansad.in/getFile/annex/265/AU260_GtnGyA.pdf?source=pqars
RS-MoRTH-S265-U275,Road Transport & Highways,RS,,265,275,Unstarred,2024-07-24,Vaiko,Road Accidents,Accidents & Fatalities,https://sansad.in/getFile/annex/265/AU275_asc9fk.pdf?source=pqars
RS-MoRTH-S265-U258,Road Transport & Highways,RS,,265,258,Unstarred,2024-07-24,Kavita Patidar,Prevention of road accidents in Madhya Pradesh,Accidents & Fatalities,https://sansad.in/getFile/annex/265/AU258_lsDkz4.pdf?source=pqars
LS17-Health-S15-U1300,Health & Family Welfare,LS,17,15,1300,Unstarred,2024-02-09,Dhanush M Kumar;Ganesan Selvam,Scheme for Financing Ambulance Service,Road Safety Policy;Trauma Care & Compensation,https://sansad.in/getFile/loksabhaquestions/annex/1715/AU1300.pdf?source=pqals
LS17-Health-S15-U1270,Health & Family Welfare,LS,17,15,1270,Unstarred,2024-02-09,P.P. Chaudhary,Trauma Centres on National Highways,Trauma Care & Compensation,https://sansad.in/getFile/loksabhaquestions/annex/1715/AU1270.pdf?source=pqals
LS17-MoRTH-S15-S94,Road Transport & Highways,LS,17,15,94,Starred,2024-02-08,Rajan Baburao Vichare,Fatal Accidents on Expressways,Accidents & Fatalities,https://sansad.in/getFile/loksabhaquestions/annex/1715/AS94.pdf?source=pqals
LS17-MoRTH-S15-U1068,Road Transport & Highways,LS,17,15,1068,Unstarred,2024-02-08,Anil Firojiya,Accidents due to Fog,Accidents & Fatalities,https://sansad.in/getFile/loksabhaquestions/annex/1715/AU1068.pdf?source=pqals
LS17-MoRTH-S15-U1047,Road Transport & Highways,LS,17,15,1047,Unstarred,2024-02-08,Behanan Benny,Enabling Road Safety,Road Safety (General),https://sansad.in/getFile/loksabhaquestions/annex/1715/AU1047.pdf?source=pqals
LS17-MoRTH-S15-U1032,Road Transport & Highways,LS,17,15,1032,Unstarred,2024-02-08,K. Subbarayan;Su Thirunavukkarasar,Tunnel Accident,Accidents & Fatalities;Black Spots & Infrastructure,https://sansad.in/getFile/loksabhaquestions/annex/1715/AU1032.pdf?source=pqals
LS17-MoRTH-S15-U979,Road Transport & Highways,LS,17,15,979,Unstarred,2024-02-08,Raghu Ramakrishna Raju Kanumuru,Violation of National Ambulance Code,Trauma Care & Compensation,https://sansad.in/getFile/loksabhaquestions/annex/1715/AU979.pdf?source=pqals
LS17-MoRTH-S15-U956,Road Transport & Highways,LS,17,15,956,Unstarred,2024-02-08,Vinod Chavda,Assessment of Defects in Road Design,Black Spots & Infrastructure,https://sansad.in/getFile/loksabhaquestions/annex/1715/AU956.pdf?source=pqals
LS17-MoRTH-S15-U940,Road Transport & Highways,LS,17,15,940,Unstarred,2024-02-08,Gajanan Chandrakant Kirtikar,Traffic Violations,Enforcement & Licensing,https://sansad.in/getFile/loksabhaquestions/annex/1715/AU940.pdf?source=pqals
RS-MoRTH-S263-U573,Road Transport & Highways,RS,,263,573,Unstarred,2024-02-07,Iranna Kadadi,Road safety on Expressways,Road Safety (General),https://sansad.in/getFile/annex/263/AU573.pdf?source=pqars
RS-MoRTH-S263-U570,Road Transport & Highways,RS,,263,570,Unstarred,2024-02-07,Vaiko,Road accident victims,Accidents & Fatalities;Trauma Care & Compensation,https://sansad.in/getFile/annex/263/AU570.pdf?source=pqars
RS-MoRTH-S263-U563,Road Transport & Highways,RS,,263,563,Unstarred,2024-02-07,Darshana Singh,Road Accidents,Accidents & Fatalities,https://sansad.in/getFile/annex/263/AU563.pdf?source=pqars
LS17-Health-S15-U199,Health & Family Welfare,LS,17,15,199,Unstarred,2024-02-02,Abdul Majeed Ariff,Treatment of Injured in Road Accidents,Accidents & Fatalities;Trauma Care & Compensation,https://sansad.in/getFile/loksabhaquestions/annex/1715/AU199.pdf?source=pqals
LS17-Health-S15-U122,Health & Family Welfare,LS,17,15,122,Unstarred,2024-02-02,Queen Oja,Ambulance Services in Assam,Trauma Care & Compensation,https://sansad.in/getFile/loksabhaquestions/annex/1715/AU122.pdf?source=pqals
LS17-MoRTH-S14-U3188,Road Transport & Highways,LS,17,14,3188,Unstarred,2023-12-21,Vinayak Bhaurao Raut;Sanjay Haribhau Jadhav,Black Spots on Highways,Black Spots & Infrastructure,https://sansad.in/getFile/loksabhaquestions/annex/1714/AU3188.pdf?source=pqals
LS17-MoRTH-S14-U3151,Road Transport & Highways,LS,17,14,3151,Unstarred,2023-12-21,Kirti Vardhan Singh,Safety Audit of Tunnels,Black Spots & Infrastructure,https://sansad.in/getFile/loksabhaquestions/annex/1714/AU3151.pdf?source=pqals
LS17-MoRTH-S14-U3127,Road Transport & Highways,LS,17,14,3127,Unstarred,2023-12-21,Pocha Brahmananda Reddy,Funds for Road Safety,Road Safety (General),https://sansad.in/getFile/loksabhaquestions/annex/1714/AU3127.pdf?source=pqals
LS17-MoRTH-S14-U3089,Road Transport & Highways,LS,17,14,3089,Unstarred,2023-12-21,Arvind Ganpat Sawant,Road Accidents in Maharashtra,Accidents & Fatalities,https://sansad.in/getFile/loksabhaquestions/annex/1714/AU3089.pdf?source=pqals
LS17-MoRTH-S14-U3054,Road Transport & Highways,LS,17,14,3054,Unstarred,2023-12-21,Srinivas Kesineni,Black Spots on National Highways,Black Spots & Infrastructure,https://sansad.in/getFile/loksabhaquestions/annex/1714/AU3054.pdf?source=pqals
LS17-MoRTH-S14-U3030,Road Transport & Highways,LS,17,14,3030,Unstarred,2023-12-21,Sudheer Gupta;Prataprao Jadhav;Dhairyasheel Sambhajirao Mane;Shrirang Appa Barne;Sanjay Sadashivrao Mandlik,Issuance of Driving License,Enforcement & Licensing,https://sansad.in/getFile/loksabhaquestions/annex/1714/AU3030.pdf?source=pqals
LS17-MoRTH-S14-U3027,Road Transport & Highways,LS,17,14,3027,Unstarred,2023-12-21,Rajesh Verma (Sitapur),Speed Limit on Highways,Road Safety (General),https://sansad.in/getFile/loksabhaquestions/annex/1714/AU3027.pdf?source=pqals
RS-MoRTH-S262-S189,Road Transport & Highways,RS,,262,189,Starred,2023-12-20,Dhiraj Prasad Sahu,Deaths due to road accidents,Accidents & Fatalities,https://sansad.in/getFile/annex/262/AS189.pdf?source=pqars
RS-MoRTH-S262-U1991,Road Transport & Highways,RS,,262,1991,Unstarred,2023-12-20,A. D. Singh,Increase in the fatalities in road accidents,Accidents & Fatalities,https://sansad.in/getFile/annex/262/AU1991.pdf?source=pqars
RS-MoRTH-S262-U1989,Road Transport & Highways,RS,,262,1989,Unstarred,2023-12-20,Mallikarjun Kharge,Safety measures in under-construction tunnels,Road Safety (General);Black Spots & Infrastructure,https://sansad.in/getFile/annex/262/AU1989.pdf?source=pqars
RS-MoRTH-S262-S183,Road Transport & Highways,RS,,262,183,Starred,2023-12-20,Naresh Bansal,Technology to  mitigate road accidents,Accidents & Fatalities,https://sansad.in/getFile/annex/262/AS183.pdf?source=pqars
RS-Health-S262-U1877,Health & Family Welfare,RS,,262,1877,Unstarred,2023-12-19,Sanjeev Arora,Patient’s treatment in golden hour,Trauma Care & Compensation,https://sansad.in/getFile/annex/262/AU1877.pdf?source=pqars
RS-Health-S262-U1884,Health & Family Welfare,RS,,262,1884,Unstarred,2023-12-19,Jaggesh,Extending Ayushman Bharat scheme to emergency and trauma care,Road Safety Policy;Trauma Care & Compensation,https://sansad.in/getFile/annex/262/AU1884.pdf?source=pqars
RS-Urban-S262-U1657,Housing & Urban Affairs,RS,,262,1657,Unstarred,2023-12-18,Kartikeya Sharma,Promoting non-motorized transport in Haryana,Road Safety (General);Pedestrian Safety,https://sansad.in/getFile/annex/262/AU1657.pdf?source=pqars
LS17-Health-S14-U2222,Health & Family Welfare,LS,17,14,2222,Unstarred,2023-12-15,Kaushalendra Kumar,Trauma Centres along the National Highways,Trauma Care & Compensation,https://sansad.in/getFile/loksabhaquestions/annex/1714/AU2222.pdf?source=pqals
LS17-Health-S14-U2177,Health & Family Welfare,LS,17,14,2177,Unstarred,2023-12-15,Srinivas Kesineni,Emergency Medical Technicians (EMTs) and Paramedics,Trauma Care & Compensation,https://sansad.in/getFile/loksabhaquestions/annex/1714/AU2177.pdf?source=pqals
LS17-MoRTH-S14-S168,Road Transport & Highways,LS,17,14,168,Starred,2023-12-14,Vinod Chavda;Vishnu Dutt Sharma,Study of Road Designs,Black Spots & Infrastructure,https://sansad.in/getFile/loksabhaquestions/annex/1714/AS168.pdf?source=pqals
LS17-MoRTH-S14-U2060,Road Transport & Highways,LS,17,14,2060,Unstarred,2023-12-14,Hasnain Masoodi,Accidents on NH-44,Accidents & Fatalities,https://sansad.in/getFile/loksabhaquestions/annex/1714/AU2060.pdf?source=pqals
LS17-MoRTH-S14-U2022,Road Transport & Highways,LS,17,14,2022,Unstarred,2023-12-14,Poonam Mahajan,Over-Speeding on Highways,Enforcement & Licensing,https://sansad.in/getFile/loksabhaquestions/annex/1714/AU2022.pdf?source=pqals
LS17-MoRTH-S14-U1999,Road Transport & Highways,LS,17,14,1999,Unstarred,2023-12-14,Jamyang Tsering Namgyal,Safety Measures of Roads,Road Safety (General),https://sansad.in/getFile/loksabhaquestions/annex/1714/AU1999.pdf?source=pqals
LS17-MoRTH-S14-U1955,Road Transport & Highways,LS,17,14,1955,Unstarred,2023-12-14,Chandrani Murmu,Trauma Centers,Trauma Care & Compensation,https://sansad.in/getFile/loksabhaquestions/annex/1714/AU1955.pdf?source=pqals
LS17-MoRTH-S14-U1950,Road Transport & Highways,LS,17,14,1950,Unstarred,2023-12-14,Poonamben Hematbhai Maadam,Enforcement of Traffic Laws,Enforcement & Licensing,https://sansad.in/getFile/loksabhaquestions/annex/1714/AU1950.pdf?source=pqals
RS-MoRTH-S262-U1204,Road Transport & Highways,RS,,262,1204,Unstarred,2023-12-13,Sushil Kumar Gupta,Safety measures for road construction workers,Road Safety (General),https://sansad.in/getFile/annex/262/AU1204.pdf?source=pqars
RS-MoRTH-S262-U1207,Road Transport & Highways,RS,,262,1207,Unstarred,2023-12-13,Ayodhya Rami Reddy Alla,Safety regulations for New Tunnel Projects,Black Spots & Infrastructure,https://sansad.in/getFile/annex/262/AU1207.pdf?source=pqars
RS-MoRTH-S262-S120,Road Transport & Highways,RS,,262,120,Starred,2023-12-13,Sandeep Kumar Pathak,Road Accidents on National Highways,Accidents & Fatalities,https://sansad.in/getFile/annex/262/AS120.pdf?source=pqars
RS-Health-S262-U1080,Health & Family Welfare,RS,,262,1080,Unstarred,2023-12-12,Kanimozhi Nvn Somu,Ill-equipped and certified ambulances in the country,Trauma Care & Compensation,https://sansad.in/getFile/annex/262/AU1080.pdf?source=pqars
LS17-MoRTH-S14-S65,Road Transport & Highways,LS,17,14,65,Starred,2023-12-07,Kotagiri Sridhar;Hemant Tukaram Godse,Fatal Accidents on Expressways,Accidents & Fatalities,https://sansad.in/getFile/loksabhaquestions/annex/1714/AS65.pdf?source=pqals
LS17-MoRTH-S14-U910,Road Transport & Highways,LS,17,14,910,Unstarred,2023-12-07,Supriya Sadanand Sule;Amol Ramsing Kolhe;Kuldeep Rai Sharma;Subhash Ramrao Bhamre;Dnv Senthilkumar. S.;C.N. Annadurai;Manjulata Mandal;Su Thirunavukkarasar,Road Accidents in India -2022,Accidents & Fatalities,https://sansad.in/getFile/loksabhaquestions/annex/1714/AU910.pdf?source=pqals
LS17-MoRTH-S14-U837,Road Transport & Highways,LS,17,14,837,Unstarred,2023-12-07,Mohanbhai Sanjibhai Delkar;R.K. Singh Patel;Pashupati Nath Singh,Road Accidents,Accidents & Fatalities,https://sansad.in/getFile/loksabhaquestions/annex/1714/AU837.pdf?source=pqals
LS17-MoRTH-S14-U744,Road Transport & Highways,LS,17,14,744,Unstarred,2023-12-07,Chandra Sekhar Sahu;Pritam Gopinath Munde;Rahul Ramesh Shewale;Gopal Chinayya Shetty,Reducing Road Accidents,Accidents & Fatalities,https://sansad.in/getFile/loksabhaquestions/annex/1714/AU744.pdf?source=pqals
LS17-MoRTH-S14-U703,Road Transport & Highways,LS,17,14,703,Unstarred,2023-12-07,Sunil Baburao Mendhe,Road Safety Audit,Road Safety (General),https://sansad.in/getFile/loksabhaquestions/annex/1714/AU703.pdf?source=pqals
LS17-MoRTH-S14-U692,Road Transport & Highways,LS,17,14,692,Unstarred,2023-12-07,Prataprao Jadhav;Dhairyasheel Sambhajirao Mane;Sanjay Sadashivrao Mandlik;Shrirang Appa Barne;Sudheer Gupta,Implementation of NCAP,Vehicle Safety Standards,https://sansad.in/getFile/loksabhaquestions/annex/1714/AU692.pdf?source=pqals
RS-MoRTH-S262-S39,Road Transport & Highways,RS,,262,39,Starred,2023-12-06,Amee Yajnik,Accidents due to Bridge Collapse,Accidents & Fatalities;Black Spots & Infrastructure,https://sansad.in/getFile/annex/262/AS39.pdf?source=pqars
RS-MoRTH-S262-U414,Road Transport & Highways,RS,,262,414,Unstarred,2023-12-06,Rajmani Patel,Increase in road accidents,Accidents & Fatalities,https://sansad.in/getFile/annex/262/AU414.pdf?source=pqars
RS-Health-S262-U287,Health & Family Welfare,RS,,262,287,Unstarred,2023-12-05,Vandana Chavan,Role of trained paramedics and EMT,Road Safety (General);Trauma Care & Compensation,https://sansad.in/getFile/annex/262/AU287.pdf?source=pqars
LS17-MoRTH-S12-U3629,Road Transport & Highways,LS,17,12,3629,Unstarred,2023-08-10,Rajkumar Chahar,Road Accidents,Accidents & Fatalities,https://sansad.in/getFile/loksabhaquestions/annex/1712/AU3629.pdf?source=pqals
LS17-MoRTH-S12-U3625,Road Transport & Highways,LS,17,12,3625,Unstarred,2023-08-10,Faizal P.P. Mohammed,Mandatory Safety Audits,Road Safety (General),https://sansad.in/getFile/loksabhaquestions/annex/1712/AU3625.pdf?source=pqals
LS17-MoRTH-S12-U3617,Road Transport & Highways,LS,17,12,3617,Unstarred,2023-08-10,Vinod Kumar Sonkar;Bhola Singh,Accidents on Delhi-Meerut Expressway,Accidents & Fatalities,https://sansad.in/getFile/loksabhaquestions/annex/1712/AU3617.pdf?source=pqals
LS17-MoRTH-S12-U3526,Road Transport & Highways,LS,17,12,3526,Unstarred,2023-08-10,Omprakash Bhupalsinh Alias Pawan Rajenimbalkar;Arvind Ganpat Sawant,Road Accidents on Expressways,Accidents & Fatalities,https://sansad.in/getFile/loksabhaquestions/annex/1712/AU3526.pdf?source=pqals
LS17-MoRTH-S12-U3465,Road Transport & Highways,LS,17,12,3465,Unstarred,2023-08-10,Hemant Tukaram Godse;Mohanbhai Sanjibhai Delkar;Gajanan Chandrakant Kirtikar,Airbags in Passenger Vehicles,Vehicle Safety Standards,https://sansad.in/getFile/loksabhaquestions/annex/1712/AU3465.pdf?source=pqals
RS-MoRTH-S260-U2333,Road Transport & Highways,RS,,260,2333,Unstarred,2023-08-09,Mahua Maji,Prevention of road accidents,Accidents & Fatalities,https://sansad.in/getFile/annex/260/AU2333.pdf?source=pqars
LS17-Health-S12-U2554,Health & Family Welfare,LS,17,12,2554,Unstarred,2023-08-04,Pocha Brahmananda Reddy,Critical Care Ambulances,Trauma Care & Compensation,https://sansad.in/getFile/loksabhaquestions/annex/1712/AU2554.pdf?source=pqals
LS17-MoRTH-S12-U2433,Road Transport & Highways,LS,17,12,2433,Unstarred,2023-08-03,Adoor Prakash;S. Jothimani,Black Spots,Black Spots & Infrastructure,https://sansad.in/getFile/loksabhaquestions/annex/1712/AU2433.pdf?source=pqals
LS17-MoRTH-S12-U2372,Road Transport & Highways,LS,17,12,2372,Unstarred,2023-08-03,Sisir Kumar Adhikari,Road Safety,Road Safety (General),https://sansad.in/getFile/loksabhaquestions/annex/1712/AU2372.pdf?source=pqals
LS17-MoRTH-S12-U2340,Road Transport & Highways,LS,17,12,2340,Unstarred,2023-08-03,Shriniwas Dadasaheb Patil,Deaths due to Road Accidents,Accidents & Fatalities,https://sansad.in/getFile/loksabhaquestions/annex/1712/AU2340.pdf?source=pqals
LS17-MoRTH-S12-U2317,Road Transport & Highways,LS,17,12,2317,Unstarred,2023-08-03,Jagdambika Pal;Jayant Sinha,Road Accidents,Accidents & Fatalities,https://sansad.in/getFile/loksabhaquestions/annex/1712/AU2317.pdf?source=pqals
RS-MoRTH-S260-U1521,Road Transport & Highways,RS,,260,1521,Unstarred,2023-08-02,Sushil Kumar Gupta,Road Safety from cattles,Road Safety (General),https://sansad.in/getFile/annex/260/AU1521.pdf?source=pqars
RS-MoRTH-S260-U1530,Road Transport & Highways,RS,,260,1530,Unstarred,2023-08-02,Naranbhai J. Rathwa,Road accidents in NCT of Delhi,Accidents & Fatalities,https://sansad.in/getFile/annex/260/AU1530.pdf?source=pqars
RS-MoRTH-S260-U1534,Road Transport & Highways,RS,,260,1534,Unstarred,2023-08-02,G.C. Chandrashekhar,Causes for increase in road accidents,Accidents & Fatalities,https://sansad.in/getFile/annex/260/AU1534.pdf?source=pqars
RS-MoRTH-S260-U1526,Road Transport & Highways,RS,,260,1526,Unstarred,2023-08-02,Harnath Singh Yadav,Creation of Crash Fund,Accidents & Fatalities,https://sansad.in/getFile/annex/260/AU1526.pdf?source=pqars
RS-MoRTH-S260-U1541,Road Transport & Highways,RS,,260,1541,Unstarred,2023-08-02,K.R.N. Rajeshkumar,Reasons for road accidents,Accidents & Fatalities,https://sansad.in/getFile/annex/260/AU1541.pdf?source=pqars
RS-MoRTH-S260-U1535,Road Transport & Highways,RS,,260,1535,Unstarred,2023-08-02,Harbhajan Singh,Violation of traffic rules on Highways,Enforcement & Licensing,https://sansad.in/getFile/annex/260/AU1535.pdf?source=pqars
RS-Health-S260-U1394,Health & Family Welfare,RS,,260,1394,Unstarred,2023-08-01,Iranna Kadadi,Trauma centre in Belagavi,Trauma Care & Compensation,https://sansad.in/getFile/annex/260/AU1394.pdf?source=pqars
LS17-Health-S12-U1582,Health & Family Welfare,LS,17,12,1582,Unstarred,2023-07-28,Ram Kripal Yadav,Trauma Care Facilities,Trauma Care & Compensation,https://sansad.in/getFile/loksabhaquestions/annex/1712/AU1582.pdf?source=pqals
LS17-MoRTH-S12-U1302,Road Transport & Highways,LS,17,12,1302,Unstarred,2023-07-27,Rajeshbhai Naranbhai Chudasama;Debasree Chaudhuri,Road Accidents,Accidents & Fatalities,https://sansad.in/getFile/loksabhaquestions/annex/1712/AU1302.pdf?source=pqals
LS17-MoRTH-S12-U1289,Road Transport & Highways,LS,17,12,1289,Unstarred,2023-07-27,Geetha Viswanath Vanga;Sanjeev Kumar Singari;Chinta Anuradha,Road Accidents,Accidents & Fatalities,https://sansad.in/getFile/loksabhaquestions/annex/1712/AU1289.pdf?source=pqals
LS17-MoRTH-S12-U1216,Road Transport & Highways,LS,17,12,1216,Unstarred,2023-07-27,P.R. Natarajan,Road Accident Fatality Rate,Accidents & Fatalities,https://sansad.in/getFile/loksabhaquestions/annex/1712/AU1216.pdf?source=pqals
LS17-MoRTH-S12-U1190,Road Transport & Highways,LS,17,12,1190,Unstarred,2023-07-27,Anto Antony,Motor Vehicle Act,Motor Vehicles Act & Rules,https://sansad.in/getFile/loksabhaquestions/annex/1712/AU1190.pdf?source=pqals
LS17-MoRTH-S12-U1184,Road Transport & Highways,LS,17,12,1184,Unstarred,2023-07-27,Komati Reddy Venkat Reddy;Raghu Ramakrishna Raju Kanumuru;Manne Srinivas Reddy,VIP Accidents,Accidents & Fatalities,https://sansad.in/getFile/loksabhaquestions/annex/1712/AU1184.pdf?source=pqals
LS17-MoRTH-S12-U1182,Road Transport & Highways,LS,17,12,1182,Unstarred,2023-07-27,Kunwar Pushpendra Singh Chandel,Road Safety Measures,Road Safety (General),https://sansad.in/getFile/loksabhaquestions/annex/1712/AU1182.pdf?source=pqals
LS17-MoRTH-S12-U1165,Road Transport & Highways,LS,17,12,1165,Unstarred,2023-07-27,M.K. Vishnu Prasad;T.R.V.S. Ramesh,Abandoned Motor Vehicles,Motor Vehicles Act & Rules,https://sansad.in/getFile/loksabhaquestions/annex/1712/AU1165.pdf?source=pqals
RS-MoRTH-S260-U747,Road Transport & Highways,RS,,260,747,Unstarred,2023-07-26,Lt.gen. (DR.) D. P. Vats (retd.),Road Accidents,Accidents & Fatalities,https://sansad.in/getFile/annex/260/AU747.pdf?source=pqars
RS-MoRTH-S260-U737,Road Transport & Highways,RS,,260,737,Unstarred,2023-07-26,A. A. Rahim,Road accidents in the country,Accidents & Fatalities,https://sansad.in/getFile/annex/260/AU737.pdf?source=pqars
RS-MoRTH-S260-U729,Road Transport & Highways,RS,,260,729,Unstarred,2023-07-26,Vikramjit Singh Sahney,Fines collected for breaking speed limits,Enforcement & Licensing,https://sansad.in/getFile/annex/260/AU729.pdf?source=pqars
RS-MoRTH-S260-U738,Road Transport & Highways,RS,,260,738,Unstarred,2023-07-26,Radha Mohan Das Agrawal,Prevention of road accidents in the country,Accidents & Fatalities,https://sansad.in/getFile/annex/260/AU738.pdf?source=pqars
RS-Health-S260-U620,Health & Family Welfare,RS,,260,620,Unstarred,2023-07-25,Mamata Mohanta,Quality healthcare in public ambulances,Trauma Care & Compensation,https://sansad.in/getFile/annex/260/AU620.pdf?source=pqars
LS17-MoRTH-S12-S4,Road Transport & Highways,LS,17,12,4,Starred,2023-07-20,Arvind Ganpat Sawant;Sanghamitra Maurya,Deaths Due to Road Accidents,Accidents & Fatalities,https://sansad.in/getFile/loksabhaquestions/annex/1712/AS4.pdf?source=pqals
LS17-MoRTH-S12-U131,Road Transport & Highways,LS,17,12,131,Unstarred,2023-07-20,Vellalath Kochukrishnan NAIR. Sreekandan,Road Accidents on NH 544,Accidents & Fatalities,https://sansad.in/getFile/loksabhaquestions/annex/1712/AU131.pdf?source=pqals
LS17-MoRTH-S12-U109,Road Transport & Highways,LS,17,12,109,Unstarred,2023-07-20,S. Gnanathiraviam,Road Accidents,Accidents & Fatalities,https://sansad.in/getFile/loksabhaquestions/annex/1712/AU109.pdf?source=pqals
LS17-MoRTH-S12-U100,Road Transport & Highways,LS,17,12,100,Unstarred,2023-07-20,Dushyant Singh;Ranjeeta Koli;Manoj Rajoria;Sumedhanand Saraswati,Animal Collisions on Highways,Accidents & Fatalities,https://sansad.in/getFile/loksabhaquestions/annex/1712/AU100.pdf?source=pqals
LS17-MoRTH-S12-U6,Road Transport & Highways,LS,17,12,6,Unstarred,2023-07-20,Manne Srinivas Reddy;Y. S. Avinash Reddy;Komati Reddy Venkat Reddy,Compensation to Road Accident Victims,Accidents & Fatalities;Trauma Care & Compensation,https://sansad.in/getFile/loksabhaquestions/annex/1712/AU6.pdf?source=pqals
RS-MoRTH-S259-U3771,Road Transport & Highways,RS,,259,3771,Unstarred,2023-04-05,Sanjay Raut,Free medical facilities for accident victims on National Highways,Accidents & Fatalities;Trauma Care & Compensation,https://sansad.in/getFile/annex/259/AU3771.pdf?source=pqars
RS-MoRTH-S259-S351,Road Transport & Highways,RS,,259,351,Starred,2023-04-05,Ashok Bajpai,Abandoned motor vehicles on roads,Motor Vehicles Act & Rules,https://sansad.in/getFile/annex/259/AS351.pdf?source=pqars
RS-MoRTH-S259-U3746,Road Transport & Highways,RS,,259,3746,Unstarred,2023-04-05,Ashok Bajpai,E-Challans and their recovery,Enforcement & Licensing,https://sansad.in/getFile/annex/259/AU3746.pdf?source=pqars
RS-MoRTH-S259-U3747,Road Transport & Highways,RS,,259,3747,Unstarred,2023-04-05,Ashok Bajpai,Speed Governors in motor vehicles,Motor Vehicles Act & Rules;Enforcement & Licensing,https://sansad.in/getFile/annex/259/AU3747.pdf?source=pqars
LS17-Health-S11-U4920,Health & Family Welfare,LS,17,11,4920,Unstarred,2023-03-31,Pratibha Singh,Ambulance Services,Trauma Care & Compensation,https://sansad.in/getFile/loksabhaquestions/annex/1711/AU4920.pdf?source=pqals
RS-MoRTH-S259-U3284,Road Transport & Highways,RS,,259,3284,Unstarred,2023-03-29,Mohammed Nadimul Haque,Road accidents due to potholes,Accidents & Fatalities,https://sansad.in/getFile/annex/259/AU3284.pdf?source=pqars
RS-MoRTH-S259-U3292,Road Transport & Highways,RS,,259,3292,Unstarred,2023-03-29,Brij Lal,Changing the speed limit of vehicles on NH,Road Safety (General),https://sansad.in/getFile/annex/259/AU3292.pdf?source=pqars
LS17-MoRTH-S11-S331,Road Transport & Highways,LS,17,11,331,Starred,2023-03-23,Thomas Chazhikadan,"Impact of Motor Vehicles (Amendment) Act, 2019",Motor Vehicles Act & Rules,https://sansad.in/getFile/loksabhaquestions/annex/1711/AS331.pdf?source=pqals
LS17-MoRTH-S11-U3889,Road Transport & Highways,LS,17,11,3889,Unstarred,2023-03-23,Hasnain Masoodi,Accidents on NH-44,Accidents & Fatalities,https://sansad.in/getFile/loksabhaquestions/annex/1711/AU3889.pdf?source=pqals
LS17-MoRTH-S11-U3850,Road Transport & Highways,LS,17,11,3850,Unstarred,2023-03-23,Ramesh Chander Kaushik;Sunil Kumar Pintu;Rama Devi,Road Accidents,Accidents & Fatalities,https://sansad.in/getFile/loksabhaquestions/annex/1711/AU3850.pdf?source=pqals
LS17-MoRTH-S11-U3783,Road Transport & Highways,LS,17,11,3783,Unstarred,2023-03-23,S. Jagathrakshakan,Review of Speed Limits,Road Safety (General),https://sansad.in/getFile/loksabhaquestions/annex/1711/AU3783.pdf?source=pqals
LS17-MoRTH-S11-U3722,Road Transport & Highways,LS,17,11,3722,Unstarred,2023-03-23,Dushyant Singh,Wildlife Fatalities on National Highways,Accidents & Fatalities,https://sansad.in/getFile/loksabhaquestions/annex/1711/AU3722.pdf?source=pqals
LS17-MoRTH-S11-U3685,Road Transport & Highways,LS,17,11,3685,Unstarred,2023-03-23,Ramcharan Bohra,Compensation to Road Accident Victims,Accidents & Fatalities;Trauma Care & Compensation,https://sansad.in/getFile/loksabhaquestions/annex/1711/AU3685.pdf?source=pqals
RS-MoRTH-S259-U2466,Road Transport & Highways,RS,,259,2466,Unstarred,2023-03-22,Ashok Bajpai,Compulsory insurance cover for deaths on NHs,Accidents & Fatalities,https://sansad.in/getFile/annex/259/AU2466.pdf?source=pqars
RS-MoRTH-S259-U2447,Road Transport & Highways,RS,,259,2447,Unstarred,2023-03-22,Gulam Ali,Accidents and preventive measures taken for accident in hilly areas of J&K,Accidents & Fatalities,https://sansad.in/getFile/annex/259/AU2447.pdf?source=pqars
RS-Health-S259-U2337,Health & Family Welfare,RS,,259,2337,Unstarred,2023-03-21,Mohammed Nadimul Haque,Status of ERS Ambulances,Trauma Care & Compensation,https://sansad.in/getFile/annex/259/AU2337.pdf?source=pqars
RS-Health-S259-U2349,Health & Family Welfare,RS,,259,2349,Unstarred,2023-03-21,Prabhakar Reddy Vemireddy,Bike ambulance,Trauma Care & Compensation,https://sansad.in/getFile/annex/259/AU2349.pdf?source=pqars
LS17-Health-S11-U2773,Health & Family Welfare,LS,17,11,2773,Unstarred,2023-03-17,Amol Ramsing Kolhe;Dnv Senthilkumar. S.,Trauma Centres,Trauma Care & Compensation,https://sansad.in/getFile/loksabhaquestions/annex/1711/AU2773.pdf?source=pqals
LS17-MoRTH-S11-S240,Road Transport & Highways,LS,17,11,240,Starred,2023-03-16,Anubhav Mohanty,Compensation to Victims of Road Accident,Accidents & Fatalities;Trauma Care & Compensation,https://sansad.in/getFile/loksabhaquestions/annex/1711/AS240.pdf?source=pqals
LS17-MoRTH-S11-U2696,Road Transport & Highways,LS,17,11,2696,Unstarred,2023-03-16,Dean Kuriakose,Trauma Care to Accident Victims,Accidents & Fatalities;Trauma Care & Compensation,https://sansad.in/getFile/loksabhaquestions/annex/1711/AU2696.pdf?source=pqals
LS17-MoRTH-S11-U2669,Road Transport & Highways,LS,17,11,2669,Unstarred,2023-03-16,Sanjay Seth,Road Accidents,Accidents & Fatalities,https://sansad.in/getFile/loksabhaquestions/annex/1711/AU2669.pdf?source=pqals
LS17-MoRTH-S11-U2628,Road Transport & Highways,LS,17,11,2628,Unstarred,2023-03-16,Vishnu Dayal Ram,Safety of EV Charging Stations,Road Safety (General),https://sansad.in/getFile/loksabhaquestions/annex/1711/AU2628.pdf?source=pqals
LS17-MoRTH-S11-U2609,Road Transport & Highways,LS,17,11,2609,Unstarred,2023-03-16,Pratibha Singh,Road Accidents due to High Beam Lights,Accidents & Fatalities,https://sansad.in/getFile/loksabhaquestions/annex/1711/AU2609.pdf?source=pqals
LS17-MoRTH-S11-U2603,Road Transport & Highways,LS,17,11,2603,Unstarred,2023-03-16,Shiromani Ram,Women Safety in Public Road Transport,Road Safety (General),https://sansad.in/getFile/loksabhaquestions/annex/1711/AU2603.pdf?source=pqals
LS17-MoRTH-S11-U2590,Road Transport & Highways,LS,17,11,2590,Unstarred,2023-03-16,P.R. Natarajan;T. R. Paarivendhar;S. Venkatesan,Road Safety Programme,Road Safety (General);Road Safety Policy,https://sansad.in/getFile/loksabhaquestions/annex/1711/AU2590.pdf?source=pqals
RS-MoRTH-S259-U1684,Road Transport & Highways,RS,,259,1684,Unstarred,2023-03-15,Rajeev Shukla,Accidents on National Highways,Accidents & Fatalities,https://sansad.in/getFile/annex/259/AU1684.pdf?source=pqars
RS-MoRTH-S259-U1677,Road Transport & Highways,RS,,259,1677,Unstarred,2023-03-15,M. Shanmugam,Multi-pronged strategy to address the issue of road safety,Road Safety (General);Road Safety Policy,https://sansad.in/getFile/annex/259/AU1677.pdf?source=pqars
RS-MoRTH-S259-U1685,Road Transport & Highways,RS,,259,1685,Unstarred,2023-03-15,Geeta Alias Chandraprabha,Good Samaritan Scheme,Road Safety Policy;Trauma Care & Compensation,https://sansad.in/getFile/annex/259/AU1685.pdf?source=pqars
RS-Health-S259-U1554,Health & Family Welfare,RS,,259,1554,Unstarred,2023-03-14,Kirodi Lal Meena,Trauma Centres,Trauma Care & Compensation,https://sansad.in/getFile/annex/259/AU1554.pdf?source=pqars
LS17-Health-S11-U1412,Health & Family Welfare,LS,17,11,1412,Unstarred,2023-02-10,Basanta Kumar Panda;Dhal Singh Bisen;Malook Nagar,Trauma Care Facilities along National Highways,Trauma Care & Compensation,https://sansad.in/getFile/loksabhaquestions/annex/1711/AU1412.pdf?source=pqals
LS17-MoRTH-S11-U1302,Road Transport & Highways,LS,17,11,1302,Unstarred,2023-02-09,Hanuman Beniwal,Accident Prone Areas on NHs,Accidents & Fatalities,https://sansad.in/getFile/loksabhaquestions/annex/1711/AU1302.pdf?source=pqals
LS17-MoRTH-S11-U1262,Road Transport & Highways,LS,17,11,1262,Unstarred,2023-02-09,Shivkumar Chanabasappa Udasi;Sunil Kumar Singh,Use of Six Airbags in Passenger Car,Vehicle Safety Standards,https://sansad.in/getFile/loksabhaquestions/annex/1711/AU1262.pdf?source=pqals
LS17-MoRTH-S11-U1222,Road Transport & Highways,LS,17,11,1222,Unstarred,2023-02-09,Jual Oram,Accident Prone Roads,Accidents & Fatalities,https://sansad.in/getFile/loksabhaquestions/annex/1711/AU1222.pdf?source=pqals
LS17-MoRTH-S11-U1169,Road Transport & Highways,LS,17,11,1169,Unstarred,2023-02-09,Andimuthu Raja;A. Ganeshamurthi,Road Accidents,Accidents & Fatalities,https://sansad.in/getFile/loksabhaquestions/annex/1711/AU1169.pdf?source=pqals
RS-MoRTH-S259-S75,Road Transport & Highways,RS,,259,75,Starred,2023-02-08,Rajmani Patel,Increase in road accidents,Accidents & Fatalities,https://sansad.in/getFile/annex/259/AS75.pdf?source=pqars
RS-Health-S259-U594,Health & Family Welfare,RS,,259,594,Unstarred,2023-02-07,Rakesh Sinha,Trauma Center in Begusarai,Trauma Care & Compensation,https://sansad.in/getFile/annex/259/AU594.pdf?source=pqars
LS17-Health-S11-U398,Health & Family Welfare,LS,17,11,398,Unstarred,2023-02-03,Behanan Benny,Ambulance Services,Trauma Care & Compensation,https://sansad.in/getFile/loksabhaquestions/annex/1711/AU398.pdf?source=pqals
LS17-MoRTH-S11-U227,Road Transport & Highways,LS,17,11,227,Unstarred,2023-02-02,Raja Amareshwara Naik;Rajveer (raju Bhaiya) Singh;Vinod Kumar Sonkar;Sukanta Majumdar;Bhola Singh,Road Accidents,Accidents & Fatalities,https://sansad.in/getFile/loksabhaquestions/annex/1711/AU227.pdf?source=pqals
LS17-MoRTH-S11-U161,Road Transport & Highways,LS,17,11,161,Unstarred,2023-02-02,Hemant Tukaram Godse,Road Safety,Road Safety (General),https://sansad.in/getFile/loksabhaquestions/annex/1711/AU161.pdf?source=pqals
LS17-MoRTH-S11-U57,Road Transport & Highways,LS,17,11,57,Unstarred,2023-02-02,A. Ganeshamurthi;Andimuthu Raja,Compensation to Road Accident Victims,Accidents & Fatalities;Trauma Care & Compensation,https://sansad.in/getFile/loksabhaquestions/annex/1711/AU57.pdf?source=pqals
LS17-MoRTH-S10-S236,Road Transport & Highways,LS,17,10,236,Starred,2022-12-22,Behanan Benny;Manish Tewari,Safety of Bridges on National Highways,Black Spots & Infrastructure,https://sansad.in/getFile/loksabhaquestions/annex/1710/AS236.pdf?source=pqals
LS17-MoRTH-S10-U2752,Road Transport & Highways,LS,17,10,2752,Unstarred,2022-12-22,Upendra Singh Rawat,Road Accidents due to Engineering Defects in NHs,Accidents & Fatalities;Black Spots & Infrastructure,https://sansad.in/getFile/loksabhaquestions/annex/1710/AU2752.pdf?source=pqals
LS17-MoRTH-S10-U2605,Road Transport & Highways,LS,17,10,2605,Unstarred,2022-12-22,Malook Nagar,"Central Motor Vehicle Rules, 1989",Motor Vehicles Act & Rules,https://sansad.in/getFile/loksabhaquestions/annex/1710/AU2605.pdf?source=pqals
LS17-MoRTH-S10-U2600,Road Transport & Highways,LS,17,10,2600,Unstarred,2022-12-22,Manne Srinivas Reddy;Ranjanben Dhananjay Bhatt,Road Safety Measures,Road Safety (General),https://sansad.in/getFile/loksabhaquestions/annex/1710/AU2600.pdf?source=pqals
LS17-MoRTH-S10-U2598,Road Transport & Highways,LS,17,10,2598,Unstarred,2022-12-22,Sumalatha Ambareesh,Road Accidents,Accidents & Fatalities,https://sansad.in/getFile/loksabhaquestions/annex/1710/AU2598.pdf?source=pqals
LS17-MoRTH-S10-U2547,Road Transport & Highways,LS,17,10,2547,Unstarred,2022-12-22,Nitesh Ganga Deb,Road Accidents due to Potholes on NHs,Accidents & Fatalities,https://sansad.in/getFile/loksabhaquestions/annex/1710/AU2547.pdf?source=pqals
RS-MoRTH-S258-U1684,Road Transport & Highways,RS,,258,1684,Unstarred,2022-12-21,Vandana Chavan,Road accidents in the country,Accidents & Fatalities,https://sansad.in/getFile/annex/258/AU1684.pdf?source=pqars
RS-MoRTH-S258-U1689,Road Transport & Highways,RS,,258,1689,Unstarred,2022-12-21,Akhilesh Prasad Singh,Road safety programme,Road Safety (General);Road Safety Policy,https://sansad.in/getFile/annex/258/AU1689.pdf?source=pqars
RS-MoRTH-S258-U1675,Road Transport & Highways,RS,,258,1675,Unstarred,2022-12-21,Syed Naseer Hussain,Share of NH in road accidents,Accidents & Fatalities,https://sansad.in/getFile/annex/258/AU1675.pdf?source=pqars
RS-MoRTH-S258-S160,Road Transport & Highways,RS,,258,160,Starred,2022-12-21,Pabitra Margherita,Monetary award for Good Samaritans,Trauma Care & Compensation,https://sansad.in/getFile/annex/258/AS160.pdf?source=pqars
RS-Urban-S258-S133,Housing & Urban Affairs,RS,,258,133,Starred,2022-12-19,Jaggesh,Legislation to protect the rights of pedestrians;,Pedestrian Safety,https://sansad.in/getFile/annex/258/AS133.pdf?source=pqars
LS17-Health-S10-U1800,Health & Family Welfare,LS,17,10,1800,Unstarred,2022-12-16,Uday Pratap Singh,Ambulance Services,Trauma Care & Compensation,https://sansad.in/getFile/loksabhaquestions/annex/1710/AU1800.pdf?source=pqals
LS17-Health-S10-U1757,Health & Family Welfare,LS,17,10,1757,Unstarred,2022-12-16,Dushyant Singh;Arjunlal Meena,Human Resource Development for Emergency Medical Services,Trauma Care & Compensation,https://sansad.in/getFile/loksabhaquestions/annex/1710/AU1757.pdf?source=pqals
LS17-Health-S10-U1705,Health & Family Welfare,LS,17,10,1705,Unstarred,2022-12-16,Ajay Kumar Mandal;Navneet Ravi Rana;Sunil Kumar Pintu;Locket Chatterjee;Ramesh Chander Kaushik;Dileshwar Kamait,National Programme for Prevention & Management of Trauma & Burn Injuries,Road Safety Policy;Trauma Care & Compensation,https://sansad.in/getFile/loksabhaquestions/annex/1710/AU1705.pdf?source=pqals
LS17-MoRTH-S10-U1596,Road Transport & Highways,LS,17,10,1596,Unstarred,2022-12-15,Dnv Senthilkumar. S.,Road Safety in Tamil Nadu,Road Safety (General),https://sansad.in/getFile/loksabhaquestions/annex/1710/AU1596.pdf?source=pqals
RS-MoRTH-S258-U893,Road Transport & Highways,RS,,258,893,Unstarred,2022-12-14,Sanjay Raut,Increase in road accidents on National Highways(NHs),Accidents & Fatalities,https://sansad.in/getFile/annex/258/AU893.pdf?source=pqars
RS-MoRTH-S258-U886,Road Transport & Highways,RS,,258,886,Unstarred,2022-12-14,Tiruchi Siva,Accidents due to potholes,Accidents & Fatalities,https://sansad.in/getFile/annex/258/AU886.pdf?source=pqars
RS-MoRTH-S258-U905,Road Transport & Highways,RS,,258,905,Unstarred,2022-12-14,Sushil Kumar Gupta,Measures for road safety,Road Safety (General),https://sansad.in/getFile/annex/258/AU905.pdf?source=pqars
RS-MoRTH-S258-U885,Road Transport & Highways,RS,,258,885,Unstarred,2022-12-14,Hardwar Dubey,Awareness and sensitisation on road safety,Road Safety (General),https://sansad.in/getFile/annex/258/AU885.pdf?source=pqars
RS-MoRTH-S258-U903,Road Transport & Highways,RS,,258,903,Unstarred,2022-12-14,Sushil Kumar Modi,Postponement of 6 airbags mandate for M-1 passenger vehicles,Vehicle Safety Standards,https://sansad.in/getFile/annex/258/AU903.pdf?source=pqars
RS-MoRTH-S258-U884,Road Transport & Highways,RS,,258,884,Unstarred,2022-12-14,R. Girirajan,Measures for road safety,Road Safety (General),https://sansad.in/getFile/annex/258/AU884.pdf?source=pqars
RS-MoRTH-S258-S84,Road Transport & Highways,RS,,258,84,Starred,2022-12-14,Anil Sukhdeorao Bonde,Speed limit of vehicles,Road Safety (General),https://sansad.in/getFile/annex/258/AS84.pdf?source=pqars
LS17-Health-S10-U462,Health & Family Welfare,LS,17,10,462,Unstarred,2022-12-09,Jaisiddeshwar Shivacharya Mahaswamiji;L.S. Tejasvi Surya;Dharmendra Kumar Kashyap;Sangeeta Azad;Sanganna Amarappa Karadi;Umesh G. Jadhav,Trauma Centres,Trauma Care & Compensation,https://sansad.in/getFile/loksabhaquestions/annex/1710/AU462.pdf?source=pqals
LS17-MoRTH-S10-U426,Road Transport & Highways,LS,17,10,426,Unstarred,2022-12-08,Kunwar Danish Ali,Deaths due to Road Accidents,Accidents & Fatalities,https://sansad.in/getFile/loksabhaquestions/annex/1710/AU426.pdf?source=pqals
LS17-MoRTH-S10-U362,Road Transport & Highways,LS,17,10,362,Unstarred,2022-12-08,Shivkumar Chanabasappa Udasi;Diya Kumari,Accidents on NHs due to Animals,Accidents & Fatalities,https://sansad.in/getFile/loksabhaquestions/annex/1710/AU362.pdf?source=pqals
LS17-MoRTH-S10-U349,Road Transport & Highways,LS,17,10,349,Unstarred,2022-12-08,Sunita Duggal,Pedestrian Safety on National Highways,Road Safety (General);Pedestrian Safety,https://sansad.in/getFile/loksabhaquestions/annex/1710/AU349.pdf?source=pqals
LS17-MoRTH-S10-U293,Road Transport & Highways,LS,17,10,293,Unstarred,2022-12-08,Ranjanben Dhananjay Bhatt,International Driving License,Enforcement & Licensing,https://sansad.in/getFile/loksabhaquestions/annex/1710/AU293.pdf?source=pqals
LS17-MoRTH-S10-U276,Road Transport & Highways,LS,17,10,276,Unstarred,2022-12-08,T. Sumathy (a) Thamizhachi Thangapandian,Road Accidents,Accidents & Fatalities,https://sansad.in/getFile/loksabhaquestions/annex/1710/AU276.pdf?source=pqals
RS-MoRTH-S258-U94,Road Transport & Highways,RS,,258,94,Unstarred,2022-12-07,Ayodhya Rami Reddy Alla,Road traffic injuries and accidents,Accidents & Fatalities,https://sansad.in/getFile/annex/258/AU94.pdf?source=pqars
RS-MoRTH-S258-U108,Road Transport & Highways,RS,,258,108,Unstarred,2022-12-07,Sanjeev Arora,Road Safety initiatives,Road Safety (General),https://sansad.in/getFile/annex/258/AU108.pdf?source=pqars
LS17-Health-S9-U3274,Health & Family Welfare,LS,17,9,3274,Unstarred,2022-08-05,Kuruva Gorantla Madhav;Beesetti Venkata Satyavathi,Shortage of Ambulance Services,Trauma Care & Compensation,https://sansad.in/getFile/loksabhaquestions/annex/179/AU3274.pdf?source=pqals
LS17-MoRTH-S9-U3172,Road Transport & Highways,LS,17,9,3172,Unstarred,2022-08-04,Ramesh Bidhuri,Safety Measures on National Highways,Road Safety (General),https://sansad.in/getFile/loksabhaquestions/annex/179/AU3172.pdf?source=pqals
LS17-MoRTH-S9-U3153,Road Transport & Highways,LS,17,9,3153,Unstarred,2022-08-04,Margani Bharat,Regulation for Car Safety,Vehicle Safety Standards,https://sansad.in/getFile/loksabhaquestions/annex/179/AU3153.pdf?source=pqals
LS17-MoRTH-S9-U3107,Road Transport & Highways,LS,17,9,3107,Unstarred,2022-08-04,Sunita Duggal,Prevention of Road Accidents,Accidents & Fatalities,https://sansad.in/getFile/loksabhaquestions/annex/179/AU3107.pdf?source=pqals
LS17-MoRTH-S9-U3099,Road Transport & Highways,LS,17,9,3099,Unstarred,2022-08-04,Manoj Kishorbhai Kotak;Raksha Nikhil Khadse,Road Accidents,Accidents & Fatalities,https://sansad.in/getFile/loksabhaquestions/annex/179/AU3099.pdf?source=pqals
RS-MoRTH-S257-U2011,Road Transport & Highways,RS,,257,2011,Unstarred,2022-08-03,Jose K. Mani,High rate of motor accidents in the country,Accidents & Fatalities,https://sansad.in/getFile/annex/257/AU2011.pdf?source=pqars
RS-MoRTH-S257-U2006,Road Transport & Highways,RS,,257,2006,Unstarred,2022-08-03,Muzibulla Khan,Safety rating system for passenger cars,Road Safety (General),https://sansad.in/getFile/annex/257/AU2006.pdf?source=pqars
RS-MoRTH-S257-U1997,Road Transport & Highways,RS,,257,1997,Unstarred,2022-08-03,S. Selvaganabathy,Mandatory safety standards for LMV,Vehicle Safety Standards,https://sansad.in/getFile/annex/257/AU1997.pdf?source=pqars
LS17-Health-S9-U2283,Health & Family Welfare,LS,17,9,2283,Unstarred,2022-07-29,Arjunlal Meena;Sangamlal Kadedin Gupta;Rahul Kaswan;C. R. Patil;Pratap Chandra Sarangi,Human Resource Development for Emergency Medical Services Scheme,Road Safety Policy;Trauma Care & Compensation,https://sansad.in/getFile/loksabhaquestions/annex/179/AU2283.pdf?source=pqals
LS17-Health-S9-U2179,Health & Family Welfare,LS,17,9,2179,Unstarred,2022-07-29,P.P. Chaudhary;Sangamlal Kadedin Gupta;Ramapati Ram Tripathi;Brijbhushan Sharan Singh;Mahendra Singh Solanky,Human Resource Development for Emergency Medical Services,Trauma Care & Compensation,https://sansad.in/getFile/loksabhaquestions/annex/179/AU2179.pdf?source=pqals
LS17-Health-S9-U2112,Health & Family Welfare,LS,17,9,2112,Unstarred,2022-07-29,Arvind Dharmapuri,Availability of ECMO Machines and Ventilator Ambulances,Trauma Care & Compensation,https://sansad.in/getFile/loksabhaquestions/annex/179/AU2112.pdf?source=pqals
LS17-MoRTH-S9-U2037,Road Transport & Highways,LS,17,9,2037,Unstarred,2022-07-28,Praveen Kumar Nishad,Road Accidents,Accidents & Fatalities,https://sansad.in/getFile/loksabhaquestions/annex/179/AU2037.pdf?source=pqals
LS17-MoRTH-S9-U2022,Road Transport & Highways,LS,17,9,2022,Unstarred,2022-07-28,Kotha Prabhakar Reddy,India State Support Programme for Road Safety,Road Safety (General);Road Safety Policy,https://sansad.in/getFile/loksabhaquestions/annex/179/AU2022.pdf?source=pqals
LS17-MoRTH-S9-U2019,Road Transport & Highways,LS,17,9,2019,Unstarred,2022-07-28,Diya Kumari,National Road Safety Board,Road Safety (General);Road Safety Policy,https://sansad.in/getFile/loksabhaquestions/annex/179/AU2019.pdf?source=pqals
LS17-MoRTH-S9-U2011,Road Transport & Highways,LS,17,9,2011,Unstarred,2022-07-28,Arvind Dharmapuri,State Support Programme for Road Safety,Road Safety (General);Road Safety Policy,https://sansad.in/getFile/loksabhaquestions/annex/179/AU2011.pdf?source=pqals
LS17-MoRTH-S9-U2007,Road Transport & Highways,LS,17,9,2007,Unstarred,2022-07-28,Vellalath Kochukrishnan NAIR. Sreekandan,Road Accidents Due to Over-Speeding,Accidents & Fatalities;Enforcement & Licensing,https://sansad.in/getFile/loksabhaquestions/annex/179/AU2007.pdf?source=pqals
LS17-MoRTH-S9-U1977,Road Transport & Highways,LS,17,9,1977,Unstarred,2022-07-28,Sunil Kumar Soni,Facility of E-Challan,Enforcement & Licensing,https://sansad.in/getFile/loksabhaquestions/annex/179/AU1977.pdf?source=pqals
LS17-MoRTH-S9-U1909,Road Transport & Highways,LS,17,9,1909,Unstarred,2022-07-28,Gaurav Gogoi,Safety Policy of Cab Aggregators,Road Safety Policy,https://sansad.in/getFile/loksabhaquestions/annex/179/AU1909.pdf?source=pqals
LS17-MoRTH-S9-U1888,Road Transport & Highways,LS,17,9,1888,Unstarred,2022-07-28,Jayadev Galla,Pedestrian Accidents on NHs,Accidents & Fatalities;Pedestrian Safety,https://sansad.in/getFile/loksabhaquestions/annex/179/AU1888.pdf?source=pqals
LS17-MoRTH-S9-U1854,Road Transport & Highways,LS,17,9,1854,Unstarred,2022-07-28,Maddila Gurumoorthy,Road Accidents on NH-71,Accidents & Fatalities,https://sansad.in/getFile/loksabhaquestions/annex/179/AU1854.pdf?source=pqals
RS-MoRTH-S257-U1216,Road Transport & Highways,RS,,257,1216,Unstarred,2022-07-27,Anbumani Ramadoss,Road accidents on NH in Tamil Nadu,Accidents & Fatalities,https://sansad.in/getFile/annex/257/AU1216.pdf?source=pqars
RS-MoRTH-S257-U1215,Road Transport & Highways,RS,,257,1215,Unstarred,2022-07-27,L. Hanumanthaiah,Road Accidents,Accidents & Fatalities,https://sansad.in/getFile/annex/257/AU1215.pdf?source=pqars
RS-MoRTH-S257-U1212,Road Transport & Highways,RS,,257,1212,Unstarred,2022-07-27,Hardwar Dubey,Provision of road safety,Road Safety (General);Road Safety Policy,https://sansad.in/getFile/annex/257/AU1212.pdf?source=pqars
LS17-Health-S9-U928,Health & Family Welfare,LS,17,9,928,Unstarred,2022-07-22,Sisir Kumar Adhikari;Ganesh Singh,Trauma Centres,Trauma Care & Compensation,https://sansad.in/getFile/loksabhaquestions/annex/179/AU928.pdf?source=pqals
LS17-MoRTH-S9-U764,Road Transport & Highways,LS,17,9,764,Unstarred,2022-07-21,Sudheer Gupta;Anurag Sharma;Prataprao Jadhav;Dhairyasheel Sambhajirao Mane;Bidyut Baran Mahato;Subrata Pathak;Ravi Kishan Shukla;Ravindra Kushawaha;Sanjay Sadashivrao Mandlik;Shrirang Appa Barne,Measures to Prevent Accidental Death on Highways,Accidents & Fatalities,https://sansad.in/getFile/loksabhaquestions/annex/179/AU764.pdf?source=pqals
LS17-MoRTH-S9-U712,Road Transport & Highways,LS,17,9,712,Unstarred,2022-07-21,V. Kalanidhi,Black Spots on NHs,Black Spots & Infrastructure,https://sansad.in/getFile/loksabhaquestions/annex/179/AU712.pdf?source=pqals
LS17-MoRTH-S9-U703,Road Transport & Highways,LS,17,9,703,Unstarred,2022-07-21,Sanganna Amarappa Karadi;S. Muniswamy;B. Y. Raghavendra;Prathap Simha;Jaisiddeshwar Shivacharya Mahaswamiji;Umesh G. Jadhav;L.S. Tejasvi Surya,Recall of Vehicles Due To Safety Defects,Vehicle Safety Standards,https://sansad.in/getFile/loksabhaquestions/annex/179/AU703.pdf?source=pqals
RS-MoRTH-S257-U411,Road Transport & Highways,RS,,257,411,Unstarred,2022-07-20,Narain Dass Gupta,Safety standards of vehicles,Vehicle Safety Standards,https://sansad.in/getFile/annex/257/AU411.pdf?source=pqars
RS-MoRTH-S257-U414,Road Transport & Highways,RS,,257,414,Unstarred,2022-07-20,Harnath Singh Yadav,Rising road accidents,Accidents & Fatalities,https://sansad.in/getFile/annex/257/AU414.pdf?source=pqars
RS-MoRTH-S257-S40,Road Transport & Highways,RS,,257,40,Starred,2022-07-20,K.R. Suresh Reddy,Improvement and strengthening the road safety infrastructure,Road Safety (General);Black Spots & Infrastructure,https://sansad.in/getFile/annex/257/AS40.pdf?source=pqars
RS-MoRTH-S257-S36,Road Transport & Highways,RS,,257,36,Starred,2022-07-20,Neeraj Dangi,Road Accidents in the country,Accidents & Fatalities,https://sansad.in/getFile/annex/257/AS36.pdf?source=pqars
RS-MoRTH-S257-U405,Road Transport & Highways,RS,,257,405,Unstarred,2022-07-20,Geeta Alias Chandraprabha,Policy on safety  of children on two wheelers,Road Safety Policy,https://sansad.in/getFile/annex/257/AU405.pdf?source=pqars
RS-MoRTH-S256-S362,Road Transport & Highways,RS,,256,362,Starred,2022-04-06,Shanta Chhetri,Trauma Centres along National Highways in West Bengal,Trauma Care & Compensation,https://sansad.in/getFile/annex/256/AS362.pdf?source=pqars
RS-MoRTH-S256-U3918,Road Transport & Highways,RS,,256,3918,Unstarred,2022-04-06,Harnath Singh Yadav,Financial support for deceased/injured in road accidents,Accidents & Fatalities,https://sansad.in/getFile/annex/256/AU3918.pdf?source=pqars
RS-MoRTH-S256-U3915,Road Transport & Highways,RS,,256,3915,Unstarred,2022-04-06,Jose K. Mani,High rates of motor accidents,Accidents & Fatalities,https://sansad.in/getFile/annex/256/AU3915.pdf?source=pqars
RS-MoRTH-S256-U3935,Road Transport & Highways,RS,,256,3935,Unstarred,2022-04-06,Geeta Alias Chandraprabha,Scheme for Good Samaritans,Road Safety Policy;Trauma Care & Compensation,https://sansad.in/getFile/annex/256/AU3935.pdf?source=pqars
RS-MoRTH-S256-U3922,Road Transport & Highways,RS,,256,3922,Unstarred,2022-04-06,Jawhar Sircar,Road accidents and fatalities,Accidents & Fatalities,https://sansad.in/getFile/annex/256/AU3922.pdf?source=pqars
LS17-MoRTH-S8-U4792,Road Transport & Highways,LS,17,8,4792,Unstarred,2022-03-31,Ramdas Chandrabhanji Tadas,Road Safety Issue,Road Safety (General),https://sansad.in/getFile/loksabhaquestions/annex/178/AU4792.pdf?source=pqals
LS17-MoRTH-S8-U4787,Road Transport & Highways,LS,17,8,4787,Unstarred,2022-03-31,Diya Kumari;Anil Firojiya,Road Accidents Involving Animals,Accidents & Fatalities,https://sansad.in/getFile/loksabhaquestions/annex/178/AU4787.pdf?source=pqals
LS17-MoRTH-S8-U4759,Road Transport & Highways,LS,17,8,4759,Unstarred,2022-03-31,Margani Bharat,National Road Safety Board,Road Safety (General);Road Safety Policy,https://sansad.in/getFile/loksabhaquestions/annex/178/AU4759.pdf?source=pqals
LS17-MoRTH-S8-U4755,Road Transport & Highways,LS,17,8,4755,Unstarred,2022-03-31,Ravneet Singh,Casualties of Road Accidents on NHs,Accidents & Fatalities,https://sansad.in/getFile/loksabhaquestions/annex/178/AU4755.pdf?source=pqals
LS17-MoRTH-S8-U4747,Road Transport & Highways,LS,17,8,4747,Unstarred,2022-03-31,Su Thirunavukkarasar;Ravneet Singh,Motor Accident Claims,Accidents & Fatalities,https://sansad.in/getFile/loksabhaquestions/annex/178/AU4747.pdf?source=pqals
LS17-MoRTH-S8-U4726,Road Transport & Highways,LS,17,8,4726,Unstarred,2022-03-31,Asaduddin Owaisi,Cashless Treatment for Road Accident Victims,Accidents & Fatalities;Trauma Care & Compensation,https://sansad.in/getFile/loksabhaquestions/annex/178/AU4726.pdf?source=pqals
LS17-MoRTH-S8-U4675,Road Transport & Highways,LS,17,8,4675,Unstarred,2022-03-31,Kotagiri Sridhar,Deployment of Ambulance on NHs,Trauma Care & Compensation,https://sansad.in/getFile/loksabhaquestions/annex/178/AU4675.pdf?source=pqals
LS17-MoRTH-S8-U4635,Road Transport & Highways,LS,17,8,4635,Unstarred,2022-03-31,Kumbakudi Sudhakaran,Motor Vehicle Aggregator Guidelines-2020,Motor Vehicles Act & Rules,https://sansad.in/getFile/loksabhaquestions/annex/178/AU4635.pdf?source=pqals
LS17-MoRTH-S8-U4630,Road Transport & Highways,LS,17,8,4630,Unstarred,2022-03-31,Sushil Kumar Singh;Su Thirunavukkarasar,Vehicle Fitness,Vehicle Safety Standards,https://sansad.in/getFile/loksabhaquestions/annex/178/AU4630.pdf?source=pqals
RS-MoRTH-S256-U3136,Road Transport & Highways,RS,,256,3136,Unstarred,2022-03-30,V. Vijayasai Reddy,Black spots on NHs in Andhra Pradesh,Black Spots & Infrastructure,https://sansad.in/getFile/annex/256/AU3136.pdf?source=pqars
RS-MoRTH-S256-U3140,Road Transport & Highways,RS,,256,3140,Unstarred,2022-03-30,Jose K. Mani,Vehicle accidents in the country,Accidents & Fatalities,https://sansad.in/getFile/annex/256/AU3140.pdf?source=pqars
LS17-Health-S8-U3857,Health & Family Welfare,LS,17,8,3857,Unstarred,2022-03-25,Vivek Narayan Shejwalkar,Non-availability of Ambulance Services,Trauma Care & Compensation,https://sansad.in/getFile/loksabhaquestions/annex/178/AU3857.pdf?source=pqals
LS17-MoRTH-S8-U3679,Road Transport & Highways,LS,17,8,3679,Unstarred,2022-03-24,Jagdambika Pal,Cases Registered under the Motor Vehicles Act,Motor Vehicles Act & Rules,https://sansad.in/getFile/loksabhaquestions/annex/178/AU3679.pdf?source=pqals
LS17-MoRTH-S8-U3667,Road Transport & Highways,LS,17,8,3667,Unstarred,2022-03-24,Rajkumar Chahar,Road Accidents on Expressways,Accidents & Fatalities,https://sansad.in/getFile/loksabhaquestions/annex/178/AU3667.pdf?source=pqals
LS17-MoRTH-S8-U3613,Road Transport & Highways,LS,17,8,3613,Unstarred,2022-03-24,Ramdas Chandrabhanji Tadas,Accident Prone Black Spots on NHs,Accidents & Fatalities;Black Spots & Infrastructure,https://sansad.in/getFile/loksabhaquestions/annex/178/AU3613.pdf?source=pqals
LS17-MoRTH-S8-U3525,Road Transport & Highways,LS,17,8,3525,Unstarred,2022-03-24,Rajan Baburao Vichare;Nihal Chand Chauhan;Nusrat Jahan Ruhi;Midhun Reddy;Dharmendra Kumar Kashyap;Reddeppa Nallakonda Gari,Road Accidents,Accidents & Fatalities,https://sansad.in/getFile/loksabhaquestions/annex/178/AU3525.pdf?source=pqals
RS-MoRTH-S256-U2320,Road Transport & Highways,RS,,256,2320,Unstarred,2022-03-23,T.G. Venkatesh,Accidents due to black spots on NHs,Accidents & Fatalities;Black Spots & Infrastructure,https://sansad.in/getFile/annex/256/AU2320.pdf?source=pqars
RS-MoRTH-S256-U2323,Road Transport & Highways,RS,,256,2323,Unstarred,2022-03-23,Ashok Bajpai,Abandoned motor vehicles on roads,Motor Vehicles Act & Rules,https://sansad.in/getFile/annex/256/AU2323.pdf?source=pqars
LS17-MoRTH-S8-U2754,Road Transport & Highways,LS,17,8,2754,Unstarred,2022-03-17,Rattan Lal Kataria,Driver Training Institute,Road Safety (General),https://sansad.in/getFile/loksabhaquestions/annex/178/AU2754.pdf?source=pqals
LS17-MoRTH-S8-U2708,Road Transport & Highways,LS,17,8,2708,Unstarred,2022-03-17,Mansukhbhai Dhanjibhai Vasava,Casualties due to Road Accidents,Accidents & Fatalities,https://sansad.in/getFile/loksabhaquestions/annex/178/AU2708.pdf?source=pqals
LS17-MoRTH-S8-U2583,Road Transport & Highways,LS,17,8,2583,Unstarred,2022-03-17,Shashi Tharoor,Impact of Road Crashes on Household Poverty,Accidents & Fatalities,https://sansad.in/getFile/loksabhaquestions/annex/178/AU2583.pdf?source=pqals
LS17-MoRTH-S8-U2544,Road Transport & Highways,LS,17,8,2544,Unstarred,2022-03-17,Manne Srinivas Reddy;Manickam Tagore B;Y. S. Avinash Reddy;Komati Reddy Venkat Reddy,Provision of Seat Belt in Cars,Road Safety Policy;Vehicle Safety Standards,https://sansad.in/getFile/loksabhaquestions/annex/178/AU2544.pdf?source=pqals
RS-MoRTH-S256-U1690,Road Transport & Highways,RS,,256,1690,Unstarred,2022-03-16,Sushil Kumar Gupta,Mandatory airbags in vehicles,Vehicle Safety Standards,https://sansad.in/getFile/annex/256/AU1690.pdf?source=pqars
RS-MoRTH-S256-U1691,Road Transport & Highways,RS,,256,1691,Unstarred,2022-03-16,Sushil Kumar Gupta,Preventive measures to curb road accidents,Accidents & Fatalities,https://sansad.in/getFile/annex/256/AU1691.pdf?source=pqars
RS-MoRTH-S256-U1677,Road Transport & Highways,RS,,256,1677,Unstarred,2022-03-16,Kanakamedala Ravindra Kumar,Release of funds from Motor Vehicle Accident Fund,Accidents & Fatalities;Motor Vehicles Act & Rules,https://sansad.in/getFile/annex/256/AU1677.pdf?source=pqars
RS-MoRTH-S256-U1684,Road Transport & Highways,RS,,256,1684,Unstarred,2022-03-16,Anil Agrawal,Technology to mitigate road accidents,Accidents & Fatalities,https://sansad.in/getFile/annex/256/AU1684.pdf?source=pqars
RS-MoRTH-S256-S152,Road Transport & Highways,RS,,256,152,Starred,2022-03-16,Kirodi Lal Meena,Fatal road accidents on highways,Accidents & Fatalities,https://sansad.in/getFile/annex/256/AS152.pdf?source=pqars
RS-Health-S256-U1554,Health & Family Welfare,RS,,256,1554,Unstarred,2022-03-15,Anil Agrawal,Treatment facilities for burn injuries,Road Safety (General);Trauma Care & Compensation,https://sansad.in/getFile/annex/256/AU1554.pdf?source=pqars
RS-Health-S256-S141,Health & Family Welfare,RS,,256,141,Starred,2022-03-15,M.V. Shreyams Kumar,Ambulance service under National Health Mission,Trauma Care & Compensation,https://sansad.in/getFile/annex/256/AS141.pdf?source=pqars
LS17-MoRTH-S8-S134,Road Transport & Highways,LS,17,8,134,Starred,2022-02-10,Ramya Haridas,Road Accidents,Accidents & Fatalities,https://sansad.in/getFile/loksabhaquestions/annex/178/AS134.pdf?source=pqals
LS17-MoRTH-S8-U1589,Road Transport & Highways,LS,17,8,1589,Unstarred,2022-02-10,Suresh Pujari,Road Accidents on NH-49,Accidents & Fatalities,https://sansad.in/getFile/loksabhaquestions/annex/178/AU1589.pdf?source=pqals
LS17-MoRTH-S8-U1578,Road Transport & Highways,LS,17,8,1578,Unstarred,2022-02-10,Ganesh Singh,Ambulances and Cranes on NHs,Trauma Care & Compensation,https://sansad.in/getFile/loksabhaquestions/annex/178/AU1578.pdf?source=pqals
LS17-MoRTH-S8-U1556,Road Transport & Highways,LS,17,8,1556,Unstarred,2022-02-10,Girish Chandra,Compensation to Road Accident Victimes,Accidents & Fatalities;Trauma Care & Compensation,https://sansad.in/getFile/loksabhaquestions/annex/178/AU1556.pdf?source=pqals
LS17-MoRTH-S8-U1501,Road Transport & Highways,LS,17,8,1501,Unstarred,2022-02-10,Vishnu Dutt Sharma,Liability Towards Road Accident Victims,Accidents & Fatalities;Trauma Care & Compensation,https://sansad.in/getFile/loksabhaquestions/annex/178/AU1501.pdf?source=pqals
LS17-MoRTH-S8-U1497,Road Transport & Highways,LS,17,8,1497,Unstarred,2022-02-10,V. Kalanidhi;Dushyant Singh,Death of Wild Animals Due to Accident on NHs,Accidents & Fatalities,https://sansad.in/getFile/loksabhaquestions/annex/178/AU1497.pdf?source=pqals
LS17-MoRTH-S8-U1435,Road Transport & Highways,LS,17,8,1435,Unstarred,2022-02-10,S. Gnanathiraviam,Road Accidents in Tamil Nadu,Accidents & Fatalities,https://sansad.in/getFile/loksabhaquestions/annex/178/AU1435.pdf?source=pqals
LS17-MoRTH-S8-U1404,Road Transport & Highways,LS,17,8,1404,Unstarred,2022-02-10,Vinod Kumar Sonkar;Raja Amareshwara Naik;Rajveer (raju Bhaiya) Singh;Sukanta Majumdar;Bhola Singh,e-Challan on Delhi-Meerut Expressway,Enforcement & Licensing,https://sansad.in/getFile/loksabhaquestions/annex/178/AU1404.pdf?source=pqals
LS17-MoRTH-S8-U1401,Road Transport & Highways,LS,17,8,1401,Unstarred,2022-02-10,Su Thirunavukkarasar,Proposal for Six Airbags in Cars,Vehicle Safety Standards,https://sansad.in/getFile/loksabhaquestions/annex/178/AU1401.pdf?source=pqals
LS17-MoRTH-S8-U1397,Road Transport & Highways,LS,17,8,1397,Unstarred,2022-02-10,Malook Nagar,Punishment for Drunken Driving,Drunk/Drink Driving,https://sansad.in/getFile/loksabhaquestions/annex/178/AU1397.pdf?source=pqals
RS-MoRTH-S256-U887,Road Transport & Highways,RS,,256,887,Unstarred,2022-02-09,Anil Desai,Replacement of old two wheelers with electronic vehicles,Road Safety (General),https://sansad.in/getFile/annex/256/AU887.pdf?source=pqars
RS-MoRTH-S256-U896,Road Transport & Highways,RS,,256,896,Unstarred,2022-02-09,Vijay Pal Singh Tomar,Accidents on NHs,Accidents & Fatalities,https://sansad.in/getFile/annex/256/AU896.pdf?source=pqars
LS17-MoRTH-S8-S40,Road Transport & Highways,LS,17,8,40,Starred,2022-02-03,Shardaben Anilbhai Patel;Mitesh Rameshbhai (bakabhai) Patel,Pedestrian Fatalities in Road Accidents,Accidents & Fatalities;Pedestrian Safety,https://sansad.in/getFile/loksabhaquestions/annex/178/AS40.pdf?source=pqals
LS17-MoRTH-S8-U449,Road Transport & Highways,LS,17,8,449,Unstarred,2022-02-03,Kanakmal Katara;Keshari Devi Patel,Development of Technology to Prevent Accidents on Highways,Accidents & Fatalities,https://sansad.in/getFile/loksabhaquestions/annex/178/AU449.pdf?source=pqals
LS17-MoRTH-S8-U421,Road Transport & Highways,LS,17,8,421,Unstarred,2022-02-03,Sajda Ahmed,Measures to Minimise Death Risk in Road Accidents,Accidents & Fatalities,https://sansad.in/getFile/loksabhaquestions/annex/178/AU421.pdf?source=pqals
LS17-MoRTH-S8-U374,Road Transport & Highways,LS,17,8,374,Unstarred,2022-02-03,Asaduddin Owaisi,Proposal for Provision of Six Airbags in Cars,Road Safety Policy;Vehicle Safety Standards,https://sansad.in/getFile/loksabhaquestions/annex/178/AU374.pdf?source=pqals
LS17-MoRTH-S8-U254,Road Transport & Highways,LS,17,8,254,Unstarred,2022-02-03,Gautham Sigamani Pon;C.N. Annadurai;Gajanan Chandrakant Kirtikar;Omprakash Bhupalsinh Alias Pawan Rajenimbalkar;Dhanush M Kumar;Anurag Sharma;Rebati Tripura,Scheme for Good Samaritan,Road Safety Policy;Trauma Care & Compensation,https://sansad.in/getFile/loksabhaquestions/annex/178/AU254.pdf?source=pqals
RS-MoRTH-S256-U93,Road Transport & Highways,RS,,256,93,Unstarred,2022-02-02,Naresh Bansal,"Benefits of implementation of Motor Vehicle Rules, 2021",Motor Vehicles Act & Rules,https://sansad.in/getFile/annex/256/AU93.pdf?source=pqars
RS-MoRTH-S255-U2821,Road Transport & Highways,RS,,255,2821,Unstarred,2021-12-22,Ashok Bajpai,Accidents on NHAI expressways,Accidents & Fatalities,https://sansad.in/getFile/annex/255/AU2821.pdf?source=pqars
RS-MoRTH-S255-U2813,Road Transport & Highways,RS,,255,2813,Unstarred,2021-12-22,Harnath Singh Yadav,Reasons for road accidents,Accidents & Fatalities,https://sansad.in/getFile/annex/255/AU2813.pdf?source=pqars
RS-MoRTH-S255-U2816,Road Transport & Highways,RS,,255,2816,Unstarred,2021-12-22,Vaiko,Road  safety audit to reduce accidents,Accidents & Fatalities,https://sansad.in/getFile/annex/255/AU2816.pdf?source=pqars
LS17-Health-S7-U3271,Health & Family Welfare,LS,17,7,3271,Unstarred,2021-12-17,Rakesh Singh,Trauma Care Units,Trauma Care & Compensation,https://sansad.in/getFile/loksabhaquestions/annex/177/AU3271.pdf?source=pqals
LS17-MoRTH-S7-S266,Road Transport & Highways,LS,17,7,266,Starred,2021-12-16,Ramdas Chandrabhanji Tadas,Accident Spots on NHs,Accidents & Fatalities,https://sansad.in/getFile/loksabhaquestions/annex/177/AS266.pdf?source=pqals
LS17-MoRTH-S7-U3133,Road Transport & Highways,LS,17,7,3133,Unstarred,2021-12-16,Sunita Duggal,Driver Training Institute,Road Safety (General),https://sansad.in/getFile/loksabhaquestions/annex/177/AU3133.pdf?source=pqals
LS17-MoRTH-S7-U3065,Road Transport & Highways,LS,17,7,3065,Unstarred,2021-12-16,Dileshwar Kamait,Prevention of Road Accidents,Accidents & Fatalities,https://sansad.in/getFile/loksabhaquestions/annex/177/AU3065.pdf?source=pqals
LS17-MoRTH-S7-U3057,Road Transport & Highways,LS,17,7,3057,Unstarred,2021-12-16,Dulal Chandra Goswami,Road Accidents in Bihar,Accidents & Fatalities,https://sansad.in/getFile/loksabhaquestions/annex/177/AU3057.pdf?source=pqals
LS17-MoRTH-S7-U3046,Road Transport & Highways,LS,17,7,3046,Unstarred,2021-12-16,Jayadev Galla,Road Accidents,Accidents & Fatalities,https://sansad.in/getFile/loksabhaquestions/annex/177/AU3046.pdf?source=pqals
RS-MoRTH-S255-U2022,Road Transport & Highways,RS,,255,2022,Unstarred,2021-12-15,Derek O' Brien,Accidental deaths on roads,Accidents & Fatalities,https://sansad.in/getFile/annex/255/AU2022.pdf?source=pqars
RS-MoRTH-S255-U2003,Road Transport & Highways,RS,,255,2003,Unstarred,2021-12-15,Mahesh Poddar,Measures to curb road accident related deaths,Accidents & Fatalities,https://sansad.in/getFile/annex/255/AU2003.pdf?source=pqars
RS-MoRTH-S255-U2009,Road Transport & Highways,RS,,255,2009,Unstarred,2021-12-15,Ajit Kumar Bhuyan,Road accidents on National Highways in Assam,Accidents & Fatalities,https://sansad.in/getFile/annex/255/AU2009.pdf?source=pqars
RS-MoRTH-S255-U2018,Road Transport & Highways,RS,,255,2018,Unstarred,2021-12-15,Sushil Kumar Modi,Compensation in case of deaths due to road accidents,Accidents & Fatalities;Trauma Care & Compensation,https://sansad.in/getFile/annex/255/AU2018.pdf?source=pqars
RS-MoRTH-S255-U2012,Road Transport & Highways,RS,,255,2012,Unstarred,2021-12-15,M. Mohamed Abdulla,Safety compliance of new vehicles,Road Safety (General),https://sansad.in/getFile/annex/255/AU2012.pdf?source=pqars
RS-Health-S255-U1871,Health & Family Welfare,RS,,255,1871,Unstarred,2021-12-14,S. Selvaganabathy,108 Ambulance service in Puducherry,Trauma Care & Compensation,https://sansad.in/getFile/annex/255/AU1871.pdf?source=pqars
LS17-MoRTH-S7-U2040,Road Transport & Highways,LS,17,7,2040,Unstarred,2021-12-09,Hibi Eden,Road Accident,Accidents & Fatalities,https://sansad.in/getFile/loksabhaquestions/annex/177/AU2040.pdf?source=pqals
LS17-MoRTH-S7-U1987,Road Transport & Highways,LS,17,7,1987,Unstarred,2021-12-09,Ranjanben Dhananjay Bhatt,Prevention of Fire Accidents in Buses,Accidents & Fatalities,https://sansad.in/getFile/loksabhaquestions/annex/177/AU1987.pdf?source=pqals
LS17-MoRTH-S7-U1937,Road Transport & Highways,LS,17,7,1937,Unstarred,2021-12-09,Jaskaur Meena,Road Accidents,Accidents & Fatalities,https://sansad.in/getFile/loksabhaquestions/annex/177/AU1937.pdf?source=pqals
LS17-MoRTH-S7-U1907,Road Transport & Highways,LS,17,7,1907,Unstarred,2021-12-09,Ravneet Singh;Sudheer Gupta;Bidyut Baran Mahato;Sanjay Sadashivrao Mandlik;Shrirang Appa Barne;Prataprao Jadhav;Ravindra Kushawaha;Ravi Kishan Shukla;Ramya Haridas,Accidents on Black Spots on NHs,Accidents & Fatalities;Black Spots & Infrastructure,https://sansad.in/getFile/loksabhaquestions/annex/177/AU1907.pdf?source=pqals
RS-MoRTH-S255-U1211,Road Transport & Highways,RS,,255,1211,Unstarred,2021-12-08,Harshvardhan Singh Dungarpur,Deaths due to road accidents in Rajasthan,Accidents & Fatalities,https://sansad.in/getFile/annex/255/AU1211.pdf?source=pqars
RS-MoRTH-S255-U1219,Road Transport & Highways,RS,,255,1219,Unstarred,2021-12-08,Geeta Alias Chandraprabha,Investigation of hit and run cases,Hit and Run,https://sansad.in/getFile/annex/255/AU1219.pdf?source=pqars
LS17-MoRTH-S7-U899,Road Transport & Highways,LS,17,7,899,Unstarred,2021-12-02,Rajendra Agrawal,Use of Two-Wheelers on Expressways,Road Safety (General),https://sansad.in/getFile/loksabhaquestions/annex/177/AU899.pdf?source=pqals
LS17-MoRTH-S7-U892,Road Transport & Highways,LS,17,7,892,Unstarred,2021-12-02,Nihal Chand Chauhan,Effects of New Traffic Rules,Enforcement & Licensing,https://sansad.in/getFile/loksabhaquestions/annex/177/AU892.pdf?source=pqals
LS17-MoRTH-S7-U821,Road Transport & Highways,LS,17,7,821,Unstarred,2021-12-02,Suresh Kodikunnil,Road Accidents Due To Rash Driving,Accidents & Fatalities,https://sansad.in/getFile/loksabhaquestions/annex/177/AU821.pdf?source=pqals
LS17-MoRTH-S7-U753,Road Transport & Highways,LS,17,7,753,Unstarred,2021-12-02,Sangamlal Kadedin Gupta;Chandra Prakash Joshi,Accidents On National Highways,Accidents & Fatalities,https://sansad.in/getFile/loksabhaquestions/annex/177/AU753.pdf?source=pqals
RS-MoRTH-S255-U412,Road Transport & Highways,RS,,255,412,Unstarred,2021-12-01,Sanjay Seth,Increase in speed limit on expressways,Road Safety (General),https://sansad.in/getFile/annex/255/AU412.pdf?source=pqars
RS-MoRTH-S255-U405,Road Transport & Highways,RS,,255,405,Unstarred,2021-12-01,Lt.gen. (DR.) D. P. Vats (retd.),Opening of  trauma centres on highways,Trauma Care & Compensation,https://sansad.in/getFile/annex/255/AU405.pdf?source=pqars
RS-MoRTH-S255-S33,Road Transport & Highways,RS,,255,33,Starred,2021-12-01,Brij Lal,Deaths of pedestrians in road accidents,Accidents & Fatalities;Pedestrian Safety,https://sansad.in/getFile/annex/255/AS33.pdf?source=pqars
RS-Health-S255-U279,Health & Family Welfare,RS,,255,279,Unstarred,2021-11-30,Mamata Mohanta,Ambulance service under National Health Mission,Trauma Care & Compensation,https://sansad.in/getFile/annex/255/AU279.pdf?source=pqars
RS-Health-S254-U2486,Health & Family Welfare,RS,,254,2486,Unstarred,2021-08-10,Sasmit Patra,"Status of ECMO, ICU beds and ventilator ambulances in the country",Trauma Care & Compensation,https://sansad.in/getFile/annex/254/AU2486.pdf?source=pqars
RS-MoRTH-S254-U2372,Road Transport & Highways,RS,,254,2372,Unstarred,2021-08-09,Derek O' Brien,Accidents on Highways due to road engineering issues,Accidents & Fatalities;Black Spots & Infrastructure,https://sansad.in/getFile/annex/254/AU2372.pdf?source=pqars
RS-MoRTH-S254-S220,Road Transport & Highways,RS,,254,220,Starred,2021-08-09,Chhaya Verma,"Implementation of Motor Vehicles (Amendment) Act, 2019",Motor Vehicles Act & Rules,https://sansad.in/getFile/annex/254/AS220.pdf?source=pqars
LS17-Health-S6-U3195,Health & Family Welfare,LS,17,6,3195,Unstarred,2021-08-06,Jugal Kishore Sharma;Geeta Kora;Dileshwar Kamait,Shortage of Ambulance Service in Rural Areas,Trauma Care & Compensation,https://sansad.in/getFile/loksabhaquestions/annex/176/AU3195.pdf?source=pqals
LS17-MoRTH-S6-U2975,Road Transport & Highways,LS,17,6,2975,Unstarred,2021-08-05,Rodmal Nagar,Road Accidents Cases in Madhya Pradesh,Accidents & Fatalities,https://sansad.in/getFile/loksabhaquestions/annex/176/AU2975.pdf?source=pqals
LS17-MoRTH-S6-U2916,Road Transport & Highways,LS,17,6,2916,Unstarred,2021-08-05,Abhishek Banerjee,Road Safety,Road Safety (General),https://sansad.in/getFile/loksabhaquestions/annex/176/AU2916.pdf?source=pqals
LS17-MoRTH-S6-U2879,Road Transport & Highways,LS,17,6,2879,Unstarred,2021-08-05,Ranjanben Dhananjay Bhatt,Strengthening of Road Safety,Road Safety (General),https://sansad.in/getFile/loksabhaquestions/annex/176/AU2879.pdf?source=pqals
RS-MoRTH-S254-U1579,Road Transport & Highways,RS,,254,1579,Unstarred,2021-08-02,Harnath Singh Yadav,Decrease in road accidents after implementation of MV Act,Accidents & Fatalities,https://sansad.in/getFile/annex/254/AU1579.pdf?source=pqars
LS17-Health-S6-U2045,Health & Family Welfare,LS,17,6,2045,Unstarred,2021-07-30,Bholanath (B.P. Saroj),Trauma Centre in Jaunpur,Trauma Care & Compensation,https://sansad.in/getFile/loksabhaquestions/annex/176/AU2045.pdf?source=pqals
LS17-Health-S6-U1953,Health & Family Welfare,LS,17,6,1953,Unstarred,2021-07-30,Hemant Patil;Keshari Devi Patel;Kanakmal Katara,Trauma Centres,Trauma Care & Compensation,https://sansad.in/getFile/loksabhaquestions/annex/176/AU1953.pdf?source=pqals
LS17-MoRTH-S6-S152,Road Transport & Highways,LS,17,6,152,Starred,2021-07-29,Hibi Eden,Road Accidents,Accidents & Fatalities,https://sansad.in/getFile/loksabhaquestions/annex/176/AS152.pdf?source=pqals
LS17-MoRTH-S6-S144,Road Transport & Highways,LS,17,6,144,Starred,2021-07-29,Anubhav Mohanty,National Road Safety Council,Road Safety (General);Road Safety Policy,https://sansad.in/getFile/loksabhaquestions/annex/176/AS144.pdf?source=pqals
LS17-MoRTH-S6-U1837,Road Transport & Highways,LS,17,6,1837,Unstarred,2021-07-29,Hibi Eden,"The Motor Vehicles (Amendment) Act, 2019",Motor Vehicles Act & Rules,https://sansad.in/getFile/loksabhaquestions/annex/176/AU1837.pdf?source=pqals
LS17-MoRTH-S6-U1830,Road Transport & Highways,LS,17,6,1830,Unstarred,2021-07-29,Ramesh Bidhuri,Road Safety on NHs,Road Safety (General),https://sansad.in/getFile/loksabhaquestions/annex/176/AU1830.pdf?source=pqals
LS17-MoRTH-S6-U1727,Road Transport & Highways,LS,17,6,1727,Unstarred,2021-07-29,A. Chellakumar;M. Selvaraj,"The Motor Vehicles (Amendment) Act, 2019",Motor Vehicles Act & Rules,https://sansad.in/getFile/loksabhaquestions/annex/176/AU1727.pdf?source=pqals
LS17-MoRTH-S6-U1694,Road Transport & Highways,LS,17,6,1694,Unstarred,2021-07-29,A. Ganeshamurthi,Road Accidents on NHs,Accidents & Fatalities,https://sansad.in/getFile/loksabhaquestions/annex/176/AU1694.pdf?source=pqals
LS17-MoRTH-S6-U1669,Road Transport & Highways,LS,17,6,1669,Unstarred,2021-07-29,K. Muraleedharan;Rajeshbhai Naranbhai Chudasama,Accident Prone Stretches on NHs,Accidents & Fatalities,https://sansad.in/getFile/loksabhaquestions/annex/176/AU1669.pdf?source=pqals
LS17-MoRTH-S6-U1652,Road Transport & Highways,LS,17,6,1652,Unstarred,2021-07-29,Devendrappa Y,Road Accidents,Accidents & Fatalities,https://sansad.in/getFile/loksabhaquestions/annex/176/AU1652.pdf?source=pqals
LS17-MoRTH-S6-U1629,Road Transport & Highways,LS,17,6,1629,Unstarred,2021-07-29,Jyotirmay Singh Mahato;Dileshwar Kamait;Rajendra Dhedya Gavit,Accident Relief Service Scheme,Accidents & Fatalities;Road Safety Policy,https://sansad.in/getFile/loksabhaquestions/annex/176/AU1629.pdf?source=pqals
RS-MoRTH-S254-U781,Road Transport & Highways,RS,,254,781,Unstarred,2021-07-26,Parimal Nathwani,Steps taken for road safety,Road Safety (General),https://sansad.in/getFile/annex/254/AU781.pdf?source=pqars
RS-MoRTH-S254-U774,Road Transport & Highways,RS,,254,774,Unstarred,2021-07-26,Harnath Singh Yadav,Rising road accidents and fatalities,Accidents & Fatalities,https://sansad.in/getFile/annex/254/AU774.pdf?source=pqars
LS17-MoRTH-S6-U690,Road Transport & Highways,LS,17,6,690,Unstarred,2021-07-22,Sangamlal Kadedin Gupta;Chandra Prakash Joshi,Accident of Wild Animals on NHs,Accidents & Fatalities,https://sansad.in/getFile/loksabhaquestions/annex/176/AU690.pdf?source=pqals
LS17-MoRTH-S6-U531,Road Transport & Highways,LS,17,6,531,Unstarred,2021-07-22,Gaurav Gogoi,Awareness about Road Safety,Road Safety (General),https://sansad.in/getFile/loksabhaquestions/annex/176/AU531.pdf?source=pqals
LS17-MoRTH-S6-U499,Road Transport & Highways,LS,17,6,499,Unstarred,2021-07-22,Sudheer Gupta;Chandra Sekhar Sahu;Bidyut Baran Mahato;Prataprao Jadhav;Shrirang Appa Barne;Sanjay Sadashivrao Mandlik;Ravi Kishan Shukla;Ravindra Kushawaha,Symposium on Safer Roads,Road Safety (General),https://sansad.in/getFile/loksabhaquestions/annex/176/AU499.pdf?source=pqals
RS-MoRTH-S254-U143,Road Transport & Highways,RS,,254,143,Unstarred,2021-07-19,Anil Desai,Safety and security on newly constructed NHs,Road Safety (General),https://sansad.in/getFile/annex/254/AU143.pdf?source=pqars
RS-MoRTH-S254-U139,Road Transport & Highways,RS,,254,139,Unstarred,2021-07-19,Sushil Kumar Gupta,Adoption of innovative solutions for preventing road accidents,Accidents & Fatalities,https://sansad.in/getFile/annex/254/AU139.pdf?source=pqars
RS-MoRTH-S254-U145,Road Transport & Highways,RS,,254,145,Unstarred,2021-07-19,Vijay Pal Singh Tomar,Deaths due to road accidents,Accidents & Fatalities,https://sansad.in/getFile/annex/254/AU145.pdf?source=pqars
LS17-MoRTH-S5-U5022,Road Transport & Highways,LS,17,5,5022,Unstarred,2021-03-25,Behanan Benny,Road Accidents involving Two-Wheelers,Accidents & Fatalities,https://sansad.in/getFile/loksabhaquestions/annex/175/AU5022.pdf?source=pqals
LS17-MoRTH-S5-U4996,Road Transport & Highways,LS,17,5,4996,Unstarred,2021-03-25,Ramapati Ram Tripathi,Deployment of Ambulance and Patrolling Vehicles on NHs,Trauma Care & Compensation,https://sansad.in/getFile/loksabhaquestions/annex/175/AU4996.pdf?source=pqals
LS17-MoRTH-S5-U4967,Road Transport & Highways,LS,17,5,4967,Unstarred,2021-03-25,Upendra Singh Rawat,Driving Licence,Enforcement & Licensing,https://sansad.in/getFile/loksabhaquestions/annex/175/AU4967.pdf?source=pqals
LS17-MoRTH-S5-U4963,Road Transport & Highways,LS,17,5,4963,Unstarred,2021-03-25,Su Thirunavukkarasar,Linking of Traffic Violations with Insurance Premiums,Enforcement & Licensing,https://sansad.in/getFile/loksabhaquestions/annex/175/AU4963.pdf?source=pqals
LS17-MoRTH-S5-U4935,Road Transport & Highways,LS,17,5,4935,Unstarred,2021-03-25,Sanjay Bhatia,Road Accidents due to Two-Wheelers,Accidents & Fatalities,https://sansad.in/getFile/loksabhaquestions/annex/175/AU4935.pdf?source=pqals
LS17-MoRTH-S5-U4928,Road Transport & Highways,LS,17,5,4928,Unstarred,2021-03-25,Basanta Kumar Panda,Road Accidents on SHs/NHs,Accidents & Fatalities,https://sansad.in/getFile/loksabhaquestions/annex/175/AU4928.pdf?source=pqals
LS17-MoRTH-S5-U4902,Road Transport & Highways,LS,17,5,4902,Unstarred,2021-03-25,Ranjanben Dhananjay Bhatt,Black Spots on NHs,Black Spots & Infrastructure,https://sansad.in/getFile/loksabhaquestions/annex/175/AU4902.pdf?source=pqals
LS17-MoRTH-S5-U4859,Road Transport & Highways,LS,17,5,4859,Unstarred,2021-03-25,Kapil Moreshwar Patil;Manoj Kishorbhai Kotak;Raksha Nikhil Khadse,Prevention of Road Accidents,Accidents & Fatalities,https://sansad.in/getFile/loksabhaquestions/annex/175/AU4859.pdf?source=pqals
RS-Urban-S253-U3280,Housing & Urban Affairs,RS,,253,3280,Unstarred,2021-03-24,Mahesh Poddar,Cycles for change campaign,Road Safety (General);Pedestrian Safety,https://sansad.in/getFile/annex/253/AU3280.pdf?source=pqars
RS-Health-S253-U3135,Health & Family Welfare,RS,,253,3135,Unstarred,2021-03-23,Vivek Thakur,"Renovation of trauma centre at Bikram, Patna in Bihar",Trauma Care & Compensation,https://sansad.in/getFile/annex/253/AU3135.pdf?source=pqars
RS-MoRTH-S253-U3018,Road Transport & Highways,RS,,253,3018,Unstarred,2021-03-22,M. Shanmugam,Increasing number of road accidents,Accidents & Fatalities;Data & Reporting,https://sansad.in/getFile/annex/253/AU3018.pdf?source=pqars
LS17-Health-S5-U4070,Health & Family Welfare,LS,17,5,4070,Unstarred,2021-03-19,Shriniwas Dadasaheb Patil,Setting up of Trauma Centres,Trauma Care & Compensation,https://sansad.in/getFile/loksabhaquestions/annex/175/AU4070.pdf?source=pqals
LS17-MoRTH-S5-U3896,Road Transport & Highways,LS,17,5,3896,Unstarred,2021-03-18,E. T. Mohammed Basheer,Central Accident Database Management System,Accidents & Fatalities,https://sansad.in/getFile/loksabhaquestions/annex/175/AU3896.pdf?source=pqals
LS17-MoRTH-S5-U3838,Road Transport & Highways,LS,17,5,3838,Unstarred,2021-03-18,Girish Bhalchandra Bapat,Speed Limit on Delhi Roads,Road Safety (General),https://sansad.in/getFile/loksabhaquestions/annex/175/AU3838.pdf?source=pqals
LS17-MoRTH-S5-U3813,Road Transport & Highways,LS,17,5,3813,Unstarred,2021-03-18,Devusinh Jesingbhai Chauhan,Speed Limit for Commercial Vehicles,Road Safety (General),https://sansad.in/getFile/loksabhaquestions/annex/175/AU3813.pdf?source=pqals
LS17-MoRTH-S5-U3752,Road Transport & Highways,LS,17,5,3752,Unstarred,2021-03-18,Vellalath Kochukrishnan NAIR. Sreekandan,Road Accidents,Accidents & Fatalities,https://sansad.in/getFile/loksabhaquestions/annex/175/AU3752.pdf?source=pqals
LS17-MoRTH-S5-U3718,Road Transport & Highways,LS,17,5,3718,Unstarred,2021-03-18,Dileshwar Kamait;Geeta Kora,Road Safety Awareness,Road Safety (General),https://sansad.in/getFile/loksabhaquestions/annex/175/AU3718.pdf?source=pqals
RS-MoRTH-S253-U2213,Road Transport & Highways,RS,,253,2213,Unstarred,2021-03-15,Bhubaneswar Kalita,Provision for Accident Removal Committee,Accidents & Fatalities;Road Safety Policy,https://sansad.in/getFile/annex/253/AU2213.pdf?source=pqars
RS-MoRTH-S253-U2216,Road Transport & Highways,RS,,253,2216,Unstarred,2021-03-15,Sushil Kumar Gupta,Plan for reducing accidents,Accidents & Fatalities;Road Safety Policy,https://sansad.in/getFile/annex/253/AU2216.pdf?source=pqars
RS-MoRTH-S253-U2229,Road Transport & Highways,RS,,253,2229,Unstarred,2021-03-15,Prabhakar Reddy Vemireddy,Ranking of NHs,Data & Reporting,https://sansad.in/getFile/annex/253/AU2229.pdf?source=pqars
RS-MoRTH-S253-U2223,Road Transport & Highways,RS,,253,2223,Unstarred,2021-03-15,Harnath Singh Yadav,Road accidents in the country,Accidents & Fatalities,https://sansad.in/getFile/annex/253/AU2223.pdf?source=pqars
LS17-Health-S5-S248,Health & Family Welfare,LS,17,5,248,Starred,2021-03-12,P.P. Chaudhary;Kaushal Kishore,Skill Training Centre for Emergency Medical Services,Trauma Care & Compensation,https://sansad.in/getFile/loksabhaquestions/annex/175/AS248.pdf?source=pqals
RS-MoRTH-S253-U1572,Road Transport & Highways,RS,,253,1572,Unstarred,2021-03-08,Vishambhar Prasad Nishad,Accident prone NHs,Accidents & Fatalities,https://sansad.in/getFile/annex/253/AU1572.pdf?source=pqars
RS-MoRTH-S253-U1587,Road Transport & Highways,RS,,253,1587,Unstarred,2021-03-08,Ram Vichar Netam,"Death and injury on NH in Surguja, Chhattisgarh",Accidents & Fatalities,https://sansad.in/getFile/annex/253/AU1587.pdf?source=pqars
LS17-MoRTH-S5-U1815,Road Transport & Highways,LS,17,5,1815,Unstarred,2021-02-11,Bharti Pravin Pawar,Accidents on Mumbai-Agra NH,Accidents & Fatalities,https://sansad.in/getFile/loksabhaquestions/annex/175/AU1815.pdf?source=pqals
LS17-MoRTH-S5-U1781,Road Transport & Highways,LS,17,5,1781,Unstarred,2021-02-11,Mansukhbhai Dhanjibhai Vasava,Road Accidents and Casualties,Accidents & Fatalities,https://sansad.in/getFile/loksabhaquestions/annex/175/AU1781.pdf?source=pqals
LS17-MoRTH-S5-U1715,Road Transport & Highways,LS,17,5,1715,Unstarred,2021-02-11,Jayadev Galla,Road Accidents,Accidents & Fatalities,https://sansad.in/getFile/loksabhaquestions/annex/175/AU1715.pdf?source=pqals
LS17-MoRTH-S5-U1626,Road Transport & Highways,LS,17,5,1626,Unstarred,2021-02-11,Balak Nath;Sunil Kumar Singh;Devji Mansingram Patel;Sumedhanand Saraswati,Protection of Good Samaritans,Trauma Care & Compensation,https://sansad.in/getFile/loksabhaquestions/annex/175/AU1626.pdf?source=pqals
RS-MoRTH-S253-U785,Road Transport & Highways,RS,,253,785,Unstarred,2021-02-08,Amar Patnaik,Road accidents and road safety audits in Odisha,Accidents & Fatalities;Road Safety (General),https://sansad.in/getFile/annex/253/AU785.pdf?source=pqars
LS17-Health-S5-U775,Health & Family Welfare,LS,17,5,775,Unstarred,2021-02-05,Bholanath (B.P. Saroj),ICUs and Trauma Centres in Rural Areas,Trauma Care & Compensation,https://sansad.in/getFile/loksabhaquestions/annex/175/AU775.pdf?source=pqals
LS17-Health-S5-U766,Health & Family Welfare,LS,17,5,766,Unstarred,2021-02-05,Kaushal Kishore,Skill Training Centre for Emergency Medical Services,Trauma Care & Compensation,https://sansad.in/getFile/loksabhaquestions/annex/175/AU766.pdf?source=pqals
LS17-Health-S5-U752,Health & Family Welfare,LS,17,5,752,Unstarred,2021-02-05,Ravindra Kushawaha,Super Speciality Hospitals and Trauma Centres in Salempur,Trauma Care & Compensation,https://sansad.in/getFile/loksabhaquestions/annex/175/AU752.pdf?source=pqals
LS17-MoRTH-S5-U635,Road Transport & Highways,LS,17,5,635,Unstarred,2021-02-04,Khagen Murmu,Ambulance for Trauma Care Centres on NHs,Trauma Care & Compensation,https://sansad.in/getFile/loksabhaquestions/annex/175/AU635.pdf?source=pqals
LS17-MoRTH-S5-U589,Road Transport & Highways,LS,17,5,589,Unstarred,2021-02-04,M. Selvaraj,Steps to Reduce High Rate of Road Crashes,Accidents & Fatalities,https://sansad.in/getFile/loksabhaquestions/annex/175/AU589.pdf?source=pqals
LS17-MoRTH-S5-U546,Road Transport & Highways,LS,17,5,546,Unstarred,2021-02-04,Poonam Mahajan,Road Accidents in Maharashtra,Accidents & Fatalities,https://sansad.in/getFile/loksabhaquestions/annex/175/AU546.pdf?source=pqals
LS17-MoRTH-S5-U525,Road Transport & Highways,LS,17,5,525,Unstarred,2021-02-04,Ramya Haridas,Road Safety,Road Safety (General),https://sansad.in/getFile/loksabhaquestions/annex/175/AU525.pdf?source=pqals
LS17-MoRTH-S5-U524,Road Transport & Highways,LS,17,5,524,Unstarred,2021-02-04,Aparajita Sarangi,Road Accidents,Accidents & Fatalities,https://sansad.in/getFile/loksabhaquestions/annex/175/AU524.pdf?source=pqals
LS17-MoRTH-S5-U510,Road Transport & Highways,LS,17,5,510,Unstarred,2021-02-04,S. Muniswamy,Measures to Reduce Road Accidents,Accidents & Fatalities,https://sansad.in/getFile/loksabhaquestions/annex/175/AU510.pdf?source=pqals
LS17-MoRTH-S5-U495,Road Transport & Highways,LS,17,5,495,Unstarred,2021-02-04,Shashi Tharoor,Decade of Action for Road Safety,Road Safety (General),https://sansad.in/getFile/loksabhaquestions/annex/175/AU495.pdf?source=pqals
RS-Health-S253-U112,Health & Family Welfare,RS,,253,112,Unstarred,2021-02-02,Rakesh Sinha,"Setting up of trauma centre at Barauni, Bihar",Trauma Care & Compensation,https://sansad.in/getFile/annex/253/A112.pdf?source=pqars
LS17-MoRTH-S4-U2044,Road Transport & Highways,LS,17,4,2044,Unstarred,2020-09-22,Jasbir Singh Gill;Mohammad Jawed;D.K. Suresh;Dean Kuriakose,Death of Migrant Workers in Road Accidents,Accidents & Fatalities,https://sansad.in/getFile/loksabhaquestions/annex/174/AU2044.pdf?source=pqals
LS17-MoRTH-S4-U1996,Road Transport & Highways,LS,17,4,1996,Unstarred,2020-09-22,Nihal Chand Chauhan,Prevention of Road Accidents,Accidents & Fatalities,https://sansad.in/getFile/loksabhaquestions/annex/174/AU1996.pdf?source=pqals
LS17-MoRTH-S4-U1972,Road Transport & Highways,LS,17,4,1972,Unstarred,2020-09-22,Rajesh Verma (Sitapur),Driver Training Centres,Road Safety (General),https://sansad.in/getFile/loksabhaquestions/annex/174/AU1972.pdf?source=pqals
RS-Urban-S252-U1193,Housing & Urban Affairs,RS,,252,1193,Unstarred,2020-09-21,B. Lingaiah Yadav,Promotion of cycling network,Road Safety (General);Pedestrian Safety,https://sansad.in/getFile/annex/252/AU1193.pdf?source=pqars
RS-MoRTH-S252-U933,Road Transport & Highways,RS,,252,933,Unstarred,2020-09-19,Priyanka Chaturvedi,Accidents due to over-speeding in India,Accidents & Fatalities;Enforcement & Licensing,https://sansad.in/getFile/annex/252/AU933.pdf?source=pqars
RS-MoRTH-S252-U934,Road Transport & Highways,RS,,252,934,Unstarred,2020-09-19,Satish Chandra Dubey,Road accidents in India,Accidents & Fatalities,https://sansad.in/getFile/annex/252/AU934.pdf?source=pqars
RS-MoRTH-S252-U935,Road Transport & Highways,RS,,252,935,Unstarred,2020-09-19,K.P. Munusamy,Unsafe road condition,Road Safety (General),https://sansad.in/getFile/annex/252/AU935.pdf?source=pqars
RS-MoRTH-S252-U936,Road Transport & Highways,RS,,252,936,Unstarred,2020-09-19,Jyotiraditya M. Scindia,Black spots on NHs,Black Spots & Infrastructure,https://sansad.in/getFile/annex/252/AU936.pdf?source=pqars
LS17-MoRTH-S4-U880,Road Transport & Highways,LS,17,4,880,Unstarred,2020-09-17,Ganesan Selvam;C.N. Annadurai;Dhanush M Kumar,Central Accident Database Management System,Accidents & Fatalities,https://sansad.in/getFile/loksabhaquestions/annex/174/AU880.pdf?source=pqals
LS17-MoRTH-S4-U851,Road Transport & Highways,LS,17,4,851,Unstarred,2020-09-17,Rahul Ramesh Shewale,Cases of Road Accidents,Accidents & Fatalities,https://sansad.in/getFile/loksabhaquestions/annex/174/AU851.pdf?source=pqals
LS17-MoRTH-S4-U842,Road Transport & Highways,LS,17,4,842,Unstarred,2020-09-17,Gajanan Chandrakant Kirtikar,Free Medical Treatment to Road Accident Victims,Accidents & Fatalities;Trauma Care & Compensation,https://sansad.in/getFile/loksabhaquestions/annex/174/AU842.pdf?source=pqals
LS17-MoRTH-S4-U827,Road Transport & Highways,LS,17,4,827,Unstarred,2020-09-17,Vellalath Kochukrishnan NAIR. Sreekandan,Accident Cases during Construction of NHs,Accidents & Fatalities,https://sansad.in/getFile/loksabhaquestions/annex/174/AU827.pdf?source=pqals
LS17-MoRTH-S4-U789,Road Transport & Highways,LS,17,4,789,Unstarred,2020-09-17,Nihal Chand Chauhan,Availability of Ambulance with Paramedical Staff on NHs,Trauma Care & Compensation,https://sansad.in/getFile/loksabhaquestions/annex/174/AU789.pdf?source=pqals
LS17-MoRTH-S4-U776,Road Transport & Highways,LS,17,4,776,Unstarred,2020-09-17,Thomas Chazhikadan,"Motor Vehicles (Amendment) Act, 2019",Motor Vehicles Act & Rules,https://sansad.in/getFile/loksabhaquestions/annex/174/AU776.pdf?source=pqals
LS17-MoRTH-S4-U769,Road Transport & Highways,LS,17,4,769,Unstarred,2020-09-17,Darshana Vikram Jardosh,Prevention of Accidents on Palsana-Hazira Section of NH-6,Accidents & Fatalities,https://sansad.in/getFile/loksabhaquestions/annex/174/AU769.pdf?source=pqals
LS17-MoRTH-S4-U727,Road Transport & Highways,LS,17,4,727,Unstarred,2020-09-17,Rajan Baburao Vichare;D.K. Suresh;Raghu Ramakrishna Raju Kanumuru,Cashless Treatment Scheme for Road Accident Victims,Accidents & Fatalities;Road Safety Policy;Trauma Care & Compensation,https://sansad.in/getFile/loksabhaquestions/annex/174/AU727.pdf?source=pqals
RS-Health-S252-U269,Health & Family Welfare,RS,,252,269,Unstarred,2020-09-15,Rakesh Sinha,"Trauma Centre in Begusarai- Barauni, Bihar",Trauma Care & Compensation,https://sansad.in/getFile/annex/252/AU269.pdf?source=pqars
RS-MoRTH-S252-U142,Road Transport & Highways,RS,,252,142,Unstarred,2020-09-14,Sushil Kumar Gupta,Extension in validity of motor vehicle documents,Motor Vehicles Act & Rules,https://sansad.in/getFile/annex/252/AU142.pdf?source=pqars
RS-MoRTH-S252-U144,Road Transport & Highways,RS,,252,144,Unstarred,2020-09-14,Bhagwat Karad,Number of road accidents due to drunken driving,Accidents & Fatalities;Data & Reporting;Drunk/Drink Driving,https://sansad.in/getFile/annex/252/AU144.pdf?source=pqars
RS-MoRTH-S252-U145,Road Transport & Highways,RS,,252,145,Unstarred,2020-09-14,Vandana Chavan,Notification of Road Safety Rules,Road Safety (General),https://sansad.in/getFile/annex/252/AU145.pdf?source=pqars
RS-MoRTH-S251-U3335,Road Transport & Highways,RS,,251,3335,Unstarred,2020-03-23,Rajmani Patel,Victims of road accidents,Accidents & Fatalities;Trauma Care & Compensation,https://sansad.in/getFile/annex/251/AU3335.pdf?source=pqars
RS-MoRTH-S251-U3339,Road Transport & Highways,RS,,251,3339,Unstarred,2020-03-23,Kanta Kardam,Policy formulation for investigation of road accidents,Accidents & Fatalities;Road Safety Policy,https://sansad.in/getFile/annex/251/AU3339.pdf?source=pqars
RS-MoRTH-S251-U3328,Road Transport & Highways,RS,,251,3328,Unstarred,2020-03-23,Vijay Pal Singh Tomar,Action taken to prevent road accidents,Accidents & Fatalities,https://sansad.in/getFile/annex/251/AU3328.pdf?source=pqars
RS-MoRTH-S251-U3340,Road Transport & Highways,RS,,251,3340,Unstarred,2020-03-23,A. Mohammedjan,Road accidents in the country,Accidents & Fatalities,https://sansad.in/getFile/annex/251/AU3340.pdf?source=pqars
RS-MoRTH-S251-U3319,Road Transport & Highways,RS,,251,3319,Unstarred,2020-03-23,Vaiko,Increase in fatal road accidents on NHs,Accidents & Fatalities,https://sansad.in/getFile/annex/251/AU3319.pdf?source=pqars
LS17-Health-S3-U4441,Health & Family Welfare,LS,17,3,4441,Unstarred,2020-03-20,Geeta Kora,Unavailability of Ambulancesin Rural Areas,Trauma Care & Compensation,https://sansad.in/getFile/loksabhaquestions/annex/173/AU4441.pdf?source=pqals
LS17-Health-S3-U4413,Health & Family Welfare,LS,17,3,4413,Unstarred,2020-03-20,S. Muniswamy,Healthcare Schemes for Fire Accident Victims,Accidents & Fatalities;Road Safety Policy;Trauma Care & Compensation,https://sansad.in/getFile/loksabhaquestions/annex/173/AU4413.pdf?source=pqals
LS17-MoRTH-S3-S365,Road Transport & Highways,LS,17,3,365,Starred,2020-03-19,Faizal P.P. Mohammed,Review of Motor Vehicles Act,Motor Vehicles Act & Rules,https://sansad.in/getFile/loksabhaquestions/annex/173/AS365.pdf?source=pqals
LS17-MoRTH-S3-U4360,Road Transport & Highways,LS,17,3,4360,Unstarred,2020-03-19,Chandra Sekhar Bellana,UN Global Road Safety Week,Road Safety (General),https://sansad.in/getFile/loksabhaquestions/annex/173/AU4360.pdf?source=pqals
LS17-MoRTH-S3-U4348,Road Transport & Highways,LS,17,3,4348,Unstarred,2020-03-19,Kaushalendra Kumar,"Motor Vehicles Act, 2019",Motor Vehicles Act & Rules,https://sansad.in/getFile/loksabhaquestions/annex/173/AU4348.pdf?source=pqals
LS17-MoRTH-S3-U4329,Road Transport & Highways,LS,17,3,4329,Unstarred,2020-03-19,Kunwar Danish Ali,Accident Cases on National Highways,Accidents & Fatalities,https://sansad.in/getFile/loksabhaquestions/annex/173/AU4329.pdf?source=pqals
LS17-MoRTH-S3-U4307,Road Transport & Highways,LS,17,3,4307,Unstarred,2020-03-19,Giridhari Yadav;Rama Devi,Accidents due to Drunk Driving,Accidents & Fatalities;Drunk/Drink Driving,https://sansad.in/getFile/loksabhaquestions/annex/173/AU4307.pdf?source=pqals
LS17-MoRTH-S3-U4274,Road Transport & Highways,LS,17,3,4274,Unstarred,2020-03-19,Parvatagouda Chandanagouda Gaddigoudar,Ranking of NHs on Safety,Data & Reporting,https://sansad.in/getFile/loksabhaquestions/annex/173/AU4274.pdf?source=pqals
LS17-MoRTH-S3-U4234,Road Transport & Highways,LS,17,3,4234,Unstarred,2020-03-19,S. Muniswamy,Safety of Pedestrians,Pedestrian Safety,https://sansad.in/getFile/loksabhaquestions/annex/173/AU4234.pdf?source=pqals
LS17-MoRTH-S3-U4226,Road Transport & Highways,LS,17,3,4226,Unstarred,2020-03-19,Nihal Chand Chauhan;Jaskaur Meena,"Impact of New Motor Vehicles Act, 2019",Motor Vehicles Act & Rules,https://sansad.in/getFile/loksabhaquestions/annex/173/AU4226.pdf?source=pqals
LS17-MoRTH-S3-U4200,Road Transport & Highways,LS,17,3,4200,Unstarred,2020-03-19,K. Shanmuga Sundaram,Drunk Driving,Drunk/Drink Driving,https://sansad.in/getFile/loksabhaquestions/annex/173/AU4200.pdf?source=pqals
RS-Health-S251-S248,Health & Family Welfare,RS,,251,248,Starred,2020-03-17,Rakesh Sinha,Trauma centres on NH 31,Trauma Care & Compensation,https://sansad.in/getFile/annex/251/AS248.pdf?source=pqars
RS-MoRTH-S251-S227,Road Transport & Highways,RS,,251,227,Starred,2020-03-16,B.K. Hariprasad,Challans for traffic rules violation,Enforcement & Licensing,https://sansad.in/getFile/annex/251/AS227.pdf?source=pqars
RS-MoRTH-S251-U2532,Road Transport & Highways,RS,,251,2532,Unstarred,2020-03-16,Jharna Das Baidya,Road accidents in the country,Accidents & Fatalities,https://sansad.in/getFile/annex/251/AU2532.pdf?source=pqars
RS-MoRTH-S251-U2535,Road Transport & Highways,RS,,251,2535,Unstarred,2020-03-16,A. Vijayakumar,Bus accident in Tamil Nadu,Accidents & Fatalities,https://sansad.in/getFile/annex/251/AU2535.pdf?source=pqars
LS17-MoRTH-S3-S274,Road Transport & Highways,LS,17,3,274,Starred,2020-03-12,Heena Vijaykumar Gavit;Sunil Dattatray Tatkare,3rd Global Ministerial Conference on Road Safety,Road Safety (General),https://sansad.in/getFile/loksabhaquestions/annex/173/AS274.pdf?source=pqals
LS17-MoRTH-S3-U3090,Road Transport & Highways,LS,17,3,3090,Unstarred,2020-03-12,A. Chellakumar;H. Vasanthakumar,High Rate of Road Accidents,Accidents & Fatalities,https://sansad.in/getFile/loksabhaquestions/annex/173/AU3090.pdf?source=pqals
LS17-MoRTH-S3-U3073,Road Transport & Highways,LS,17,3,3073,Unstarred,2020-03-12,Shivkumar Chanabasappa Udasi,Cases of Road Accidents,Accidents & Fatalities,https://sansad.in/getFile/loksabhaquestions/annex/173/AU3073.pdf?source=pqals
LS17-MoRTH-S3-U3055,Road Transport & Highways,LS,17,3,3055,Unstarred,2020-03-12,H. Vasanthakumar;S.R. Parthiban;A. Chellakumar,Accident-Prone Black Spots on NHs,Accidents & Fatalities;Black Spots & Infrastructure,https://sansad.in/getFile/loksabhaquestions/annex/173/AU3055.pdf?source=pqals
LS17-MoRTH-S3-U3015,Road Transport & Highways,LS,17,3,3015,Unstarred,2020-03-12,Kotha Prabhakar Reddy,Road Accidents,Accidents & Fatalities,https://sansad.in/getFile/loksabhaquestions/annex/173/AU3015.pdf?source=pqals
LS17-MoRTH-S3-U3013,Road Transport & Highways,LS,17,3,3013,Unstarred,2020-03-12,Asaduddin Owaisi;Imtiaz Jaleel Syed,"Motor Vehicles Act, 2019",Motor Vehicles Act & Rules,https://sansad.in/getFile/loksabhaquestions/annex/173/AU3013.pdf?source=pqals
RS-Urban-S251-S193,Housing & Urban Affairs,RS,,251,193,Starred,2020-03-11,Prabhakar Kore,Encroachment of footpaths in cities,Pedestrian Safety,https://sansad.in/getFile/annex/251/AS193.pdf?source=pqars
LS17-Health-S3-U2748,Health & Family Welfare,LS,17,3,2748,Unstarred,2020-03-06,Mohammad Akbar Lone,Lack of Ambulance Service in Jammu and Kashmir,Trauma Care & Compensation,https://sansad.in/getFile/loksabhaquestions/annex/173/AU2748.pdf?source=pqals
LS17-Health-S3-U2745,Health & Family Welfare,LS,17,3,2745,Unstarred,2020-03-06,Ramcharan Bohra,Trauma Centres,Trauma Care & Compensation,https://sansad.in/getFile/loksabhaquestions/annex/173/AU2745.pdf?source=pqals
LS17-MoRTH-S3-S212,Road Transport & Highways,LS,17,3,212,Starred,2020-03-05,D.K. Suresh,"Impact of the Motor Vehicles (Amendment) Act, 2019",Motor Vehicles Act & Rules,https://sansad.in/getFile/loksabhaquestions/annex/173/AS212.pdf?source=pqals
LS17-MoRTH-S3-U2529,Road Transport & Highways,LS,17,3,2529,Unstarred,2020-03-05,Rita Bahuguna Joshi,"Implementation of New Motor Vehicles Act, 2019",Motor Vehicles Act & Rules,https://sansad.in/getFile/loksabhaquestions/annex/173/AU2529.pdf?source=pqals
LS17-MoRTH-S3-U2504,Road Transport & Highways,LS,17,3,2504,Unstarred,2020-03-05,Rama Devi;Ranjanben Dhananjay Bhatt,Road Accidents,Accidents & Fatalities,https://sansad.in/getFile/loksabhaquestions/annex/173/AU2504.pdf?source=pqals
LS17-MoRTH-S3-U2498,Road Transport & Highways,LS,17,3,2498,Unstarred,2020-03-05,Jagannath Sarkar,Accidents after Implementation of New Motor Vehicle Act-2019,Accidents & Fatalities;Motor Vehicles Act & Rules,https://sansad.in/getFile/loksabhaquestions/annex/173/AU2498.pdf?source=pqals
LS17-MoRTH-S3-U2436,Road Transport & Highways,LS,17,3,2436,Unstarred,2020-03-05,Gopal Chinayya Shetty,Cashless Treatment Facility to Road Accident Victims,Accidents & Fatalities;Trauma Care & Compensation,https://sansad.in/getFile/loksabhaquestions/annex/173/AU2436.pdf?source=pqals
LS17-MoRTH-S3-U2414,Road Transport & Highways,LS,17,3,2414,Unstarred,2020-03-05,Ravneet Singh,Road Accidents,Accidents & Fatalities,https://sansad.in/getFile/loksabhaquestions/annex/173/AU2414.pdf?source=pqals
RS-MoRTH-S251-U1254,Road Transport & Highways,RS,,251,1254,Unstarred,2020-03-02,S. Muthukaruppan,Reduction in road fatalities,Accidents & Fatalities,https://sansad.in/getFile/annex/251/AU1254.pdf?source=pqars
RS-MoRTH-S251-U1270,Road Transport & Highways,RS,,251,1270,Unstarred,2020-03-02,S. Muthukaruppan,Road accidents in the country,Accidents & Fatalities,https://sansad.in/getFile/annex/251/AU1270.pdf?source=pqars
RS-MoRTH-S251-U1253,Road Transport & Highways,RS,,251,1253,Unstarred,2020-03-02,Sanjay Seth,Central Accident Database Management System,Accidents & Fatalities,https://sansad.in/getFile/annex/251/AU1253.pdf?source=pqars
RS-MoRTH-S251-U1266,Road Transport & Highways,RS,,251,1266,Unstarred,2020-03-02,B. Lingaiah Yadav,Public safety awareness on roads,Road Safety (General),https://sansad.in/getFile/annex/251/AU1266.pdf?source=pqars
RS-MoRTH-S251-U944,Road Transport & Highways,RS,,251,944,Unstarred,2020-02-10,Derek O' Brien,Wild animals killed in road accidents,Accidents & Fatalities,https://sansad.in/getFile/annex/251/AU944.pdf?source=pqars
RS-MoRTH-S251-U930,Road Transport & Highways,RS,,251,930,Unstarred,2020-02-10,P. Bhattacharya,Road accidents on National Highways,Accidents & Fatalities,https://sansad.in/getFile/annex/251/AU930.pdf?source=pqars
RS-MoRTH-S251-U933,Road Transport & Highways,RS,,251,933,Unstarred,2020-02-10,A. K. Selvaraj,State supported programme for strengthening road safety,Road Safety (General);Road Safety Policy,https://sansad.in/getFile/annex/251/AU933.pdf?source=pqars
RS-MoRTH-S251-U938,Road Transport & Highways,RS,,251,938,Unstarred,2020-02-10,M.V. Rajeev Gowda,Adoption of Motor Vehicles Act,Motor Vehicles Act & Rules,https://sansad.in/getFile/annex/251/AU938.pdf?source=pqars
RS-MoRTH-S251-U926,Road Transport & Highways,RS,,251,926,Unstarred,2020-02-10,A. Vijayakumar,Revision of speed limits,Road Safety Policy,https://sansad.in/getFile/annex/251/AU926.pdf?source=pqars
RS-MoRTH-S251-U923,Road Transport & Highways,RS,,251,923,Unstarred,2020-02-10,K.C. Ramamurthy,ISI mark helmets by two wheeler riders,Vehicle Safety Standards,https://sansad.in/getFile/annex/251/AU923.pdf?source=pqars
RS-MoRTH-S251-U945,Road Transport & Highways,RS,,251,945,Unstarred,2020-02-10,Sushil Kumar Gupta,Introduction of a chapter on road safety,Road Safety (General),https://sansad.in/getFile/annex/251/AU945.pdf?source=pqars
RS-MoRTH-S251-U928,Road Transport & Highways,RS,,251,928,Unstarred,2020-02-10,Lt.gen. (DR.) D. P. Vats (retd.),Action taken to prevent road accidents,Accidents & Fatalities,https://sansad.in/getFile/annex/251/AU928.pdf?source=pqars
RS-MoRTH-S251-U919,Road Transport & Highways,RS,,251,919,Unstarred,2020-02-10,Banda Prakash,Measures to address increase in fatal road accidents,Accidents & Fatalities,https://sansad.in/getFile/annex/251/AU919.pdf?source=pqars
RS-MoRTH-S251-U934,Road Transport & Highways,RS,,251,934,Unstarred,2020-02-10,Anil Agrawal,Road accidents in the country,Accidents & Fatalities,https://sansad.in/getFile/annex/251/AU934.pdf?source=pqars
LS17-MoRTH-S3-S73,Road Transport & Highways,LS,17,3,73,Starred,2020-02-06,P.R. Natarajan,District Road Safety/Development Committee,Road Safety (General),https://sansad.in/getFile/loksabhaquestions/annex/173/AS73.pdf?source=pqals
LS17-MoRTH-S3-U885,Road Transport & Highways,LS,17,3,885,Unstarred,2020-02-06,N.K. Premachandran,Penalties under New Motor Vehicles Act,Motor Vehicles Act & Rules;Enforcement & Licensing,https://sansad.in/getFile/loksabhaquestions/annex/173/AU885.pdf?source=pqals
LS17-MoRTH-S3-U881,Road Transport & Highways,LS,17,3,881,Unstarred,2020-02-06,Rajiv Ranjan (lalan) Singh;Kaushalendra Kumar,New Motor Vehicles Act,Motor Vehicles Act & Rules,https://sansad.in/getFile/loksabhaquestions/annex/173/AU881.pdf?source=pqals
LS17-MoRTH-S3-U731,Road Transport & Highways,LS,17,3,731,Unstarred,2020-02-06,Behanan Benny,Accidents Involving Two-Wheelers,Accidents & Fatalities,https://sansad.in/getFile/loksabhaquestions/annex/173/AU731.pdf?source=pqals
RS-MoRTH-S251-U124,Road Transport & Highways,RS,,251,124,Unstarred,2020-02-03,Ram Nath Thakur,Implementation of Motor Vehicles (Amendment) Act,Motor Vehicles Act & Rules,https://sansad.in/getFile/annex/251/AU124.pdf?source=pqars
RS-MoRTH-S251-U120,Road Transport & Highways,RS,,251,120,Unstarred,2020-02-03,Ripun Bora,Fatality rate in road accidents,Accidents & Fatalities,https://sansad.in/getFile/annex/251/AU120.pdf?source=pqars
RS-MoRTH-S251-U129,Road Transport & Highways,RS,,251,129,Unstarred,2020-02-03,Partap Singh Bajwa,"Motor Vehicles (Amendment) Act, 2019",Motor Vehicles Act & Rules,https://sansad.in/getFile/annex/251/AU129.pdf?source=pqars
RS-MoRTH-S251-U122,Road Transport & Highways,RS,,251,122,Unstarred,2020-02-03,Lt.gen. (DR.) D. P. Vats (retd.),Efforts to reduce road accidents,Accidents & Fatalities,https://sansad.in/getFile/annex/251/AU122.pdf?source=pqars
LS17-MoRTH-S2-U4085,Road Transport & Highways,LS,17,2,4085,Unstarred,2019-12-12,Amar Singh,Cost Sharing on Road Safety Measures,Road Safety (General),https://sansad.in/getFile/loksabhaquestions/annex/172/AU4085.pdf?source=pqals
LS17-MoRTH-S2-U3954,Road Transport & Highways,LS,17,2,3954,Unstarred,2019-12-12,Raghu Ramakrishna Raju Kanumuru;Dipsinh Shankarsinh Rathod;S.R. Parthiban,Road Accidents,Accidents & Fatalities,https://sansad.in/getFile/loksabhaquestions/annex/172/AU3954.pdf?source=pqals
RS-MoRTH-S250-U2370,Road Transport & Highways,RS,,250,2370,Unstarred,2019-12-09,Anbumani Ramadoss,Deaths due to road traffic accidents,Accidents & Fatalities,https://sansad.in/getFile/annex/250/AU2370.pdf?source=pqars
RS-MoRTH-S250-S213,Road Transport & Highways,RS,,250,213,Starred,2019-12-09,Prabhat Jha,Problems due to overloading of trucks,Enforcement & Licensing,https://sansad.in/getFile/annex/250/AS213.pdf?source=pqars
RS-MoRTH-S250-U2382,Road Transport & Highways,RS,,250,2382,Unstarred,2019-12-09,Lal Sinh Vadodia,Loss caused due to accidents,Accidents & Fatalities,https://sansad.in/getFile/annex/250/AU2382.pdf?source=pqars
RS-MoRTH-S250-U2367,Road Transport & Highways,RS,,250,2367,Unstarred,2019-12-09,M.P. Veerendra Kumar,Pedestrians killed in road accidents,Accidents & Fatalities;Pedestrian Safety,https://sansad.in/getFile/annex/250/AU2367.pdf?source=pqars
RS-MoRTH-S250-U2377,Road Transport & Highways,RS,,250,2377,Unstarred,2019-12-09,Dharmapuri Srinivas,"Modifications in Motor Vehicles Act, 2019",Motor Vehicles Act & Rules,https://sansad.in/getFile/annex/250/AU2377.pdf?source=pqars
RS-MoRTH-S250-U2368,Road Transport & Highways,RS,,250,2368,Unstarred,2019-12-09,Sampatiya Uikey,Accidents on NHs caused by movement of wild animals,Accidents & Fatalities,https://sansad.in/getFile/annex/250/AU2368.pdf?source=pqars
LS17-Health-S2-S274,Health & Family Welfare,LS,17,2,274,Starred,2019-12-06,Dhal Singh Bisen,Trauma Centres,Trauma Care & Compensation,https://sansad.in/getFile/loksabhaquestions/annex/172/AS274.pdf?source=pqals
LS17-Health-S2-U3171,Health & Family Welfare,LS,17,2,3171,Unstarred,2019-12-06,S.R. Parthiban,Shortage of Ambulance Service,Trauma Care & Compensation,https://sansad.in/getFile/loksabhaquestions/annex/172/AU3171.pdf?source=pqals
LS17-MoRTH-S2-S257,Road Transport & Highways,LS,17,2,257,Starred,2019-12-05,Vijay Baghel,National Highway Accident Relief Service Scheme,Accidents & Fatalities;Road Safety Policy,https://sansad.in/getFile/loksabhaquestions/annex/172/AS257.pdf?source=pqals
LS17-MoRTH-S2-U2947,Road Transport & Highways,LS,17,2,2947,Unstarred,2019-12-05,Rita Bahuguna Joshi,Implementation of Motor Vehicles Act,Motor Vehicles Act & Rules,https://sansad.in/getFile/loksabhaquestions/annex/172/AU2947.pdf?source=pqals
LS17-MoRTH-S2-U2929,Road Transport & Highways,LS,17,2,2929,Unstarred,2019-12-05,Dharambir Singh,Driving Licenses and Driving Schools,Enforcement & Licensing,https://sansad.in/getFile/loksabhaquestions/annex/172/AU2929.pdf?source=pqals
LS17-MoRTH-S2-U2900,Road Transport & Highways,LS,17,2,2900,Unstarred,2019-12-05,Shashi Tharoor,Penalties under Motor Vehicles(Amendment) Act,Motor Vehicles Act & Rules;Enforcement & Licensing,https://sansad.in/getFile/loksabhaquestions/annex/172/AU2900.pdf?source=pqals
LS17-MoRTH-S2-U2801,Road Transport & Highways,LS,17,2,2801,Unstarred,2019-12-05,Raja Amareshwara Naik;Sukanta Majumdar;Adhikari Dibyendu;Bhola Singh,Road Accidents,Accidents & Fatalities,https://sansad.in/getFile/loksabhaquestions/annex/172/AU2801.pdf?source=pqals
RS-MoRTH-S250-U1565,Road Transport & Highways,RS,,250,1565,Unstarred,2019-12-02,Prabhat Jha,Advisory for safety of heavy goods vehicles and trailers,Road Safety (General),https://sansad.in/getFile/annex/250/AU1565.pdf?source=pqars
RS-MoRTH-S250-U1575,Road Transport & Highways,RS,,250,1575,Unstarred,2019-12-02,D. Kupendra Reddy,Proposal for identifying road accident prone areas,Accidents & Fatalities,https://sansad.in/getFile/annex/250/AU1575.pdf?source=pqars
RS-MoRTH-S250-U1571,Road Transport & Highways,RS,,250,1571,Unstarred,2019-12-02,M.P. Veerendra Kumar,Pedestrian deaths in road accidents,Accidents & Fatalities;Pedestrian Safety,https://sansad.in/getFile/annex/250/AU1571.pdf?source=pqars
RS-MoRTH-S250-S140,Road Transport & Highways,RS,,250,140,Starred,2019-12-02,Rewati Raman Singh,Increase in road accidents,Accidents & Fatalities,https://sansad.in/getFile/annex/250/AS140.pdf?source=pqars
RS-MoRTH-S250-U1584,Road Transport & Highways,RS,,250,1584,Unstarred,2019-12-02,Sushil Kumar Gupta,Road accidents and changes under MV Act,Accidents & Fatalities,https://sansad.in/getFile/annex/250/AU1584.pdf?source=pqars
RS-MoRTH-S250-U1570,Road Transport & Highways,RS,,250,1570,Unstarred,2019-12-02,Akhilesh Prasad Singh,Accident prone stretches on NHs,Accidents & Fatalities,https://sansad.in/getFile/annex/250/AU1570.pdf?source=pqars
RS-MoRTH-S250-U1576,Road Transport & Highways,RS,,250,1576,Unstarred,2019-12-02,Banda Prakash,Measures taken to tackle road accidents under the MV (Amendment) Act,Accidents & Fatalities,https://sansad.in/getFile/annex/250/AU1576.pdf?source=pqars
RS-MoRTH-S250-U1580,Road Transport & Highways,RS,,250,1580,Unstarred,2019-12-02,Santanu Sen,Data on causes of road accidents,Accidents & Fatalities;Data & Reporting,https://sansad.in/getFile/annex/250/AU1580.pdf?source=pqars
RS-MoRTH-S250-U1578,Road Transport & Highways,RS,,250,1578,Unstarred,2019-12-02,Kamakhya Prasad Tasa,Road accidents due to potholes,Accidents & Fatalities,https://sansad.in/getFile/annex/250/AU1578.pdf?source=pqars
LS17-MoRTH-S2-S155,Road Transport & Highways,LS,17,2,155,Starred,2019-11-28,Manne Srinivas Reddy,Victims of Road Accidents,Accidents & Fatalities;Trauma Care & Compensation,https://sansad.in/getFile/loksabhaquestions/annex/172/AS155.pdf?source=pqals
LS17-MoRTH-S2-S149,Road Transport & Highways,LS,17,2,149,Starred,2019-11-28,Arjunlal Meena,District Road Safety Committee,Road Safety (General),https://sansad.in/getFile/loksabhaquestions/annex/172/AS149.pdf?source=pqals
LS17-MoRTH-S2-U1790,Road Transport & Highways,LS,17,2,1790,Unstarred,2019-11-28,S.R. Parthiban,Road Safety Awareness,Road Safety (General),https://sansad.in/getFile/loksabhaquestions/annex/172/AU1790.pdf?source=pqals
LS17-MoRTH-S2-U1780,Road Transport & Highways,LS,17,2,1780,Unstarred,2019-11-28,E. T. Mohammed Basheer,Linking of Motor Insurance Premium with Traffic Violations,Enforcement & Licensing,https://sansad.in/getFile/loksabhaquestions/annex/172/AU1780.pdf?source=pqals
LS17-MoRTH-S2-U1735,Road Transport & Highways,LS,17,2,1735,Unstarred,2019-11-28,Komati Reddy Venkat Reddy,Modification to Motor Vehicles Act,Motor Vehicles Act & Rules,https://sansad.in/getFile/loksabhaquestions/annex/172/AU1735.pdf?source=pqals
LS17-MoRTH-S2-U1734,Road Transport & Highways,LS,17,2,1734,Unstarred,2019-11-28,Dhal Singh Bisen,Setting up of Trauma Centres along NHs,Trauma Care & Compensation,https://sansad.in/getFile/loksabhaquestions/annex/172/AU1734.pdf?source=pqals
LS17-MoRTH-S2-U1659,Road Transport & Highways,LS,17,2,1659,Unstarred,2019-11-28,Ritesh Pandey,Discrepancies in Data of Raod Accidents,Accidents & Fatalities;Data & Reporting,https://sansad.in/getFile/loksabhaquestions/annex/172/AU1659.pdf?source=pqals
LS17-MoRTH-S2-U1637,Road Transport & Highways,LS,17,2,1637,Unstarred,2019-11-28,Sisir Kumar Adhikari;Rajmohan Unnithan,Road Accident Deaths,Accidents & Fatalities,https://sansad.in/getFile/loksabhaquestions/annex/172/AU1637.pdf?source=pqals
RS-MoRTH-S250-U929,Road Transport & Highways,RS,,250,929,Unstarred,2019-11-25,B.K. Hariprasad,Hefty challans under Motor Vehicles Act,Motor Vehicles Act & Rules;Enforcement & Licensing,https://sansad.in/getFile/annex/250/AU929.pdf?source=pqars
RS-MoRTH-S250-U930,Road Transport & Highways,RS,,250,930,Unstarred,2019-11-25,B.K. Hariprasad,Speed governors in commercial vehicles,Enforcement & Licensing,https://sansad.in/getFile/annex/250/AU930.pdf?source=pqars
RS-MoRTH-S250-U936,Road Transport & Highways,RS,,250,936,Unstarred,2019-11-25,Anil Desai,Issuing of driving licence to illiterate persons,Enforcement & Licensing,https://sansad.in/getFile/annex/250/AU936.pdf?source=pqars
RS-MoRTH-S250-U924,Road Transport & Highways,RS,,250,924,Unstarred,2019-11-25,Lal Sinh Vadodia,Road accidents in the country,Accidents & Fatalities,https://sansad.in/getFile/annex/250/AU924.pdf?source=pqars
RS-MoRTH-S250-S81,Road Transport & Highways,RS,,250,81,Starred,2019-11-25,Chhaya Verma,"Impact of enforcement of Motor Vehicle (Amendment) Act, 2019",Motor Vehicles Act & Rules;Enforcement & Licensing,https://sansad.in/getFile/annex/250/AS81.pdf?source=pqars
RS-MoRTH-S250-U919,Road Transport & Highways,RS,,250,919,Unstarred,2019-11-25,Banda Prakash,Road Accidents and Motor Vehicles (Amendment) Act,Accidents & Fatalities;Motor Vehicles Act & Rules,https://sansad.in/getFile/annex/250/AU919.pdf?source=pqars
LS17-MoRTH-S2-S80,Road Transport & Highways,LS,17,2,80,Starred,2019-11-21,M. Selvaraj;Anto Antony,Motor Vehicles Act,Motor Vehicles Act & Rules,https://sansad.in/getFile/loksabhaquestions/annex/172/AS80.pdf?source=pqals
LS17-MoRTH-S2-S78,Road Transport & Highways,LS,17,2,78,Starred,2019-11-21,Vinod Kumar Sonkar;Bhola Singh,Multiple E-challans on Delhi-Meerut Expressway,Enforcement & Licensing,https://sansad.in/getFile/loksabhaquestions/annex/172/AS78.pdf?source=pqals
LS17-MoRTH-S2-U910,Road Transport & Highways,LS,17,2,910,Unstarred,2019-11-21,Parvesh Sahib Singh,"Institutional Capacity to Implement Motor Vehicles Act, 2019",Motor Vehicles Act & Rules,https://sansad.in/getFile/loksabhaquestions/annex/172/AU910.pdf?source=pqals
LS17-MoRTH-S2-U868,Road Transport & Highways,LS,17,2,868,Unstarred,2019-11-21,Jagdambika Pal,Impact of New Motor Vehicles Act,Motor Vehicles Act & Rules,https://sansad.in/getFile/loksabhaquestions/annex/172/AU868.pdf?source=pqals
LS17-MoRTH-S2-U841,Road Transport & Highways,LS,17,2,841,Unstarred,2019-11-21,Rahul Ramesh Shewale;Bhartruhari Mahtab,Cashless Treatment Facility for Accident Victims on NHs,Accidents & Fatalities;Trauma Care & Compensation,https://sansad.in/getFile/loksabhaquestions/annex/172/AU841.pdf?source=pqals
LS17-MoRTH-S2-U778,Road Transport & Highways,LS,17,2,778,Unstarred,2019-11-21,Arvind Kumar Sharma,Cases of Road Rage upon Accidents,Accidents & Fatalities;Enforcement & Licensing,https://sansad.in/getFile/loksabhaquestions/annex/172/AU778.pdf?source=pqals
LS17-MoRTH-S2-U726,Road Transport & Highways,LS,17,2,726,Unstarred,2019-11-21,Jual Oram;Bache Gowda B.N.,Identification of Accident-Prone NHs,Accidents & Fatalities,https://sansad.in/getFile/loksabhaquestions/annex/172/AU726.pdf?source=pqals
RS-Urban-S250-U406,Housing & Urban Affairs,RS,,250,406,Unstarred,2019-11-20,G.C. Chandrashekhar,Dedicated corridor for pedestrians and cyclists in Delhi,Pedestrian Safety,https://sansad.in/getFile/annex/250/AU406.docx?source=pqars
RS-MoRTH-S250-U139,Road Transport & Highways,RS,,250,139,Unstarred,2019-11-18,B.K. Hariprasad,Implementation of Motor Vehicle (Amendment) Act by the States,Motor Vehicles Act & Rules,https://sansad.in/getFile/annex/250/AU139.docx?source=pqars
RS-MoRTH-S250-U119,Road Transport & Highways,RS,,250,119,Unstarred,2019-11-18,Kahkashan Perween,Accidents due to drunken driving,Accidents & Fatalities;Drunk/Drink Driving,https://sansad.in/getFile/annex/250/AU119.docx?source=pqars
RS-MoRTH-S250-U128,Road Transport & Highways,RS,,250,128,Unstarred,2019-11-18,A. Vijayakumar,Speed limit for vehicles on National Highways,Road Safety (General),https://sansad.in/getFile/annex/250/AU128.docx?source=pqars
RS-MoRTH-S250-U126,Road Transport & Highways,RS,,250,126,Unstarred,2019-11-18,Elamaram Kareem,Implementation of the Motor Vehicles Act,Motor Vehicles Act & Rules,https://sansad.in/getFile/annex/250/AU126.docx?source=pqars
RS-Heavy-S250-U73,Heavy Industries,RS,,250,73,Unstarred,2019-11-18,Ahamed Hassan,Vehicle recall policy,Road Safety Policy;Vehicle Safety Standards,https://sansad.in/getFile/annex/250/AU73.pdf?source=pqars
LS17-Health-S1-U5680,Health & Family Welfare,LS,17,1,5680,Unstarred,2019-07-26,Pradyut Bordoloi,108 Ambulance Service,Trauma Care & Compensation,https://sansad.in/getFile/loksabhaquestions/annex/171/AU5680.pdf?source=pqals
LS17-Health-S1-U5654,Health & Family Welfare,LS,17,1,5654,Unstarred,2019-07-26,Ramapati Ram Tripathi;Ganesan Selvam;A.K.P. Chinraj,Trauma Care Facilities on National Highways,Trauma Care & Compensation,https://sansad.in/getFile/loksabhaquestions/annex/171/AU5654.pdf?source=pqals
LS17-Health-S1-U5611,Health & Family Welfare,LS,17,1,5611,Unstarred,2019-07-26,Venkatesh Netha Borlakunta;Geetha Viswanath Vanga;Vishnu Dayal Ram,Ambulance Service,Trauma Care & Compensation,https://sansad.in/getFile/loksabhaquestions/annex/171/AU5611.pdf?source=pqals
LS17-MoRTH-S1-U5373,Road Transport & Highways,LS,17,1,5373,Unstarred,2019-07-25,Shrirang Appa Barne;Chandra Sekhar Sahu;Girish Bhalchandra Bapat,Road Crash Deaths,Accidents & Fatalities,https://sansad.in/getFile/loksabhaquestions/annex/171/AU5373.pdf?source=pqals
LS17-MoRTH-S1-U5362,Road Transport & Highways,LS,17,1,5362,Unstarred,2019-07-25,Bhartruhari Mahtab;Rahul Ramesh Shewale;Sangeeta Kumari Singh Deo,Steps to Prevent Pedestrian Killing on Road,Pedestrian Safety,https://sansad.in/getFile/loksabhaquestions/annex/171/AU5362.pdf?source=pqals
LS17-MoRTH-S1-U5349,Road Transport & Highways,LS,17,1,5349,Unstarred,2019-07-25,L.S. Tejasvi Surya,Prescribed Standards for Helmet Manufacturing,Vehicle Safety Standards,https://sansad.in/getFile/loksabhaquestions/annex/171/AU5349.pdf?source=pqals
LS17-MoRTH-S1-U5279,Road Transport & Highways,LS,17,1,5279,Unstarred,2019-07-25,M V V Satyanarayana;Chandeshwar Prasad;Karti P. Chidambaram,Accidental Death on NHs,Accidents & Fatalities,https://sansad.in/getFile/loksabhaquestions/annex/171/AU5279.pdf?source=pqals
RS-MoRTH-S249-U3288,Road Transport & Highways,RS,,249,3288,Unstarred,2019-07-22,B.K. Hariprasad,Accident prone stretches on NHs,Accidents & Fatalities,https://sansad.in/getFile/annex/249/Au3288.docx?source=pqars
RS-MoRTH-S249-U3289,Road Transport & Highways,RS,,249,3289,Unstarred,2019-07-22,B.K. Hariprasad,Trauma care centres for road accident victims,Accidents & Fatalities;Trauma Care & Compensation,https://sansad.in/getFile/annex/249/Au3289.docx?source=pqars
RS-MoRTH-S249-U3290,Road Transport & Highways,RS,,249,3290,Unstarred,2019-07-22,Vijila Sathyananth,Stringent rules for driving licenses,Enforcement & Licensing,https://sansad.in/getFile/annex/249/Au3290.docx?source=pqars
RS-MoRTH-S249-U3309,Road Transport & Highways,RS,,249,3309,Unstarred,2019-07-22,D. Kupendra Reddy,Death of school children in road accidents,Accidents & Fatalities,https://sansad.in/getFile/annex/249/Au3309.docx?source=pqars
RS-MoRTH-S249-U3292,Road Transport & Highways,RS,,249,3292,Unstarred,2019-07-22,A. Vijayakumar,Proposal for all India driving license,Enforcement & Licensing,https://sansad.in/getFile/annex/249/Au3292.docx?source=pqars
RS-MoRTH-S249-U3307,Road Transport & Highways,RS,,249,3307,Unstarred,2019-07-22,Vinay P. Sahasrabuddhe,Involving NGOs in road safety,Road Safety (General),https://sansad.in/getFile/annex/249/Au3307.docx?source=pqars
RS-MoRTH-S249-U3304,Road Transport & Highways,RS,,249,3304,Unstarred,2019-07-22,L. Hanumanthaiah,Road accidents on National Highways,Accidents & Fatalities,https://sansad.in/getFile/annex/249/Au3304.docx?source=pqars
RS-MoRTH-S249-S302,Road Transport & Highways,RS,,249,302,Starred,2019-07-22,Ashok Bajpai,High rate of accidents on highways expressways,Accidents & Fatalities,https://sansad.in/getFile/annex/249/As302.docx?source=pqars
LS17-Health-S1-U4509,Health & Family Welfare,LS,17,1,4509,Unstarred,2019-07-19,Ram Kripal Yadav,Trauma Centres,Trauma Care & Compensation,https://sansad.in/getFile/loksabhaquestions/annex/171/AU4509.pdf?source=pqals
LS17-MoRTH-S1-U4111,Road Transport & Highways,LS,17,1,4111,Unstarred,2019-07-18,Rajan Baburao Vichare,Check on Manufacturing and Sale of Sub-Standard Helmets,Vehicle Safety Standards,https://sansad.in/getFile/loksabhaquestions/annex/171/AU4111.pdf?source=pqals
LS17-MoRTH-S1-U4107,Road Transport & Highways,LS,17,1,4107,Unstarred,2019-07-18,Gitaben Vajesingbhai Rathva,Recalled Vehicles for Safety Defects,Vehicle Safety Standards,https://sansad.in/getFile/loksabhaquestions/annex/171/AU4107.pdf?source=pqals
RS-MoRTH-S249-U2490,Road Transport & Highways,RS,,249,2490,Unstarred,2019-07-15,Veer Singh,Cases of deaths due to drunken driving,Accidents & Fatalities;Drunk/Drink Driving,https://sansad.in/getFile/annex/249/Au2490.docx?source=pqars
RS-MoRTH-S249-U2506,Road Transport & Highways,RS,,249,2506,Unstarred,2019-07-15,Vandana Chavan,Compliance of Good Samaritan Guidelines,Trauma Care & Compensation,https://sansad.in/getFile/annex/249/Au2506.docx?source=pqars
RS-MoRTH-S249-U2494,Road Transport & Highways,RS,,249,2494,Unstarred,2019-07-15,Narayan Rane,Accidents due to the bad roads,Accidents & Fatalities,https://sansad.in/getFile/annex/249/Au2494.docx?source=pqars
LS17-Health-S1-U3277,Health & Family Welfare,LS,17,1,3277,Unstarred,2019-07-12,Sajda Ahmed,Cashless Treatment of Farmers,Trauma Care & Compensation,https://sansad.in/getFile/loksabhaquestions/annex/171/AU3277.pdf?source=pqals
LS17-MoRTH-S1-S276,Road Transport & Highways,LS,17,1,276,Starred,2019-07-11,Shobha Karandlaje,Road Safety,Road Safety (General),https://sansad.in/getFile/loksabhaquestions/annex/171/AS276.pdf?source=pqals
LS17-MoRTH-S1-U3123,Road Transport & Highways,LS,17,1,3123,Unstarred,2019-07-11,Darshana Vikram Jardosh;Vellalath Kochukrishnan NAIR. Sreekandan;Rajiv Pratap Rudy,Road Accidents,Accidents & Fatalities,https://sansad.in/getFile/loksabhaquestions/annex/171/AU3123.pdf?source=pqals
LS17-MoRTH-S1-U3081,Road Transport & Highways,LS,17,1,3081,Unstarred,2019-07-11,Jayant Sinha,Rectification of Black Spots on NHs,Black Spots & Infrastructure,https://sansad.in/getFile/loksabhaquestions/annex/171/AU3081.pdf?source=pqals
LS17-MoRTH-S1-U2998,Road Transport & Highways,LS,17,1,2998,Unstarred,2019-07-11,Gowdar Mallikarjunappa Siddeshwara,Speed Limits on Expressways/ Highways,Road Safety (General),https://sansad.in/getFile/loksabhaquestions/annex/171/AU2998.pdf?source=pqals
LS17-MoRTH-S1-U2988,Road Transport & Highways,LS,17,1,2988,Unstarred,2019-07-11,Raghu Ramakrishna Raju Kanumuru;Vishnu Dayal Ram,Relaxation in Eligibility Norms for Driving Licence,Enforcement & Licensing,https://sansad.in/getFile/loksabhaquestions/annex/171/AU2988.pdf?source=pqals
RS-MoRTH-S249-U1694,Road Transport & Highways,RS,,249,1694,Unstarred,2019-07-08,B.K. Hariprasad,Major hindrances in ensuring road safety,Road Safety (General),https://sansad.in/getFile/annex/249/Au1694.docx?source=pqars
RS-MoRTH-S249-U1688,Road Transport & Highways,RS,,249,1688,Unstarred,2019-07-08,Tiruchi Siva,Accidents on highways,Accidents & Fatalities,https://sansad.in/getFile/annex/249/Au1688.docx?source=pqars
RS-MoRTH-S249-U1683,Road Transport & Highways,RS,,249,1683,Unstarred,2019-07-08,C.M. Ramesh,Fatal road accidents on the National Highways,Accidents & Fatalities,https://sansad.in/getFile/annex/249/Au1683.docx?source=pqars
RS-MoRTH-S249-U1684,Road Transport & Highways,RS,,249,1684,Unstarred,2019-07-08,Vijila Sathyananth,Educational qualification for driving licence,Enforcement & Licensing,https://sansad.in/getFile/annex/249/Au1684.docx?source=pqars
RS-MoRTH-S249-U1713,Road Transport & Highways,RS,,249,1713,Unstarred,2019-07-08,K.C. Ramamurthy,ISI mark helmets for two wheelers,Vehicle Safety Standards,https://sansad.in/getFile/annex/249/Au1713.docx?source=pqars
RS-MoRTH-S249-U1693,Road Transport & Highways,RS,,249,1693,Unstarred,2019-07-08,Harshvardhan Singh Dungarpur,Accidents on NHs in Rajasthan,Accidents & Fatalities,https://sansad.in/getFile/annex/249/Au1693.docx?source=pqars
RS-MoRTH-S249-S151,Road Transport & Highways,RS,,249,151,Starred,2019-07-08,Harnath Singh Yadav,Accidents on Noida Agra Yamuna Expressway,Accidents & Fatalities,https://sansad.in/getFile/annex/249/As151.docx?source=pqars
LS17-MoRTH-S1-U2245,Road Transport & Highways,LS,17,1,2245,Unstarred,2019-07-04,Durga Prasad Rao Balli,Accidents on NHs/Expressways,Accidents & Fatalities,https://sansad.in/getFile/loksabhaquestions/annex/171/AU2245.pdf?source=pqals
LS17-MoRTH-S1-U2200,Road Transport & Highways,LS,17,1,2200,Unstarred,2019-07-04,Behanan Benny,Accidents involving Two-Wheeler Riders,Accidents & Fatalities,https://sansad.in/getFile/loksabhaquestions/annex/171/AU2200.pdf?source=pqals
LS17-MoRTH-S1-U2142,Road Transport & Highways,LS,17,1,2142,Unstarred,2019-07-04,Kalyan Banerjee,Identification of Black Spots on Roads,Black Spots & Infrastructure,https://sansad.in/getFile/loksabhaquestions/annex/171/AU2142.pdf?source=pqals
LS17-MoRTH-S1-U2130,Road Transport & Highways,LS,17,1,2130,Unstarred,2019-07-04,Uday Pratap Singh,Accidents and Traffic Jam in Madhya Pradesh,Accidents & Fatalities,https://sansad.in/getFile/loksabhaquestions/annex/171/AU2130.pdf?source=pqals
LS17-MoRTH-S1-U2068,Road Transport & Highways,LS,17,1,2068,Unstarred,2019-07-04,Mohanbhai Kalyanji Kundariya,Pendency of Accident Claim Cases,Accidents & Fatalities,https://sansad.in/getFile/loksabhaquestions/annex/171/AU2068.pdf?source=pqals
LS17-MoRTH-S1-U2038,Road Transport & Highways,LS,17,1,2038,Unstarred,2019-07-04,Jagdambika Pal,Accidents due to Drunken Driving,Accidents & Fatalities;Drunk/Drink Driving,https://sansad.in/getFile/loksabhaquestions/annex/171/AU2038.pdf?source=pqals
RS-Urban-S249-U1338,Housing & Urban Affairs,RS,,249,1338,Unstarred,2019-07-03,Ambika Soni,Enhancing walkability in Delhi for pedestrians,Pedestrian Safety,https://sansad.in/getFile/annex/249/Au1338.pdf?source=pqars
RS-Health-S249-U1217,Health & Family Welfare,RS,,249,1217,Unstarred,2019-07-02,Vishambhar Prasad Nishad,"Delay in restoration of OTs at JPN Apex Trauma Centre, AIIMS, Delhi",Trauma Care & Compensation,https://sansad.in/getFile/annex/249/Au1217.pdf?source=pqars
RS-Health-S249-U1166,Health & Family Welfare,RS,,249,1166,Unstarred,2019-07-02,Harshvardhan Singh Dungarpur,Discriminatory approach in availment of cashless treatment facilities,Trauma Care & Compensation,https://sansad.in/getFile/annex/249/Au1166.pdf?source=pqars
RS-MoRTH-S249-U1059,Road Transport & Highways,RS,,249,1059,Unstarred,2019-07-01,B.K. Hariprasad,Accident on Indian roads,Accidents & Fatalities,https://sansad.in/getFile/annex/249/Au1059.docx?source=pqars
RS-MoRTH-S249-U1058,Road Transport & Highways,RS,,249,1058,Unstarred,2019-07-01,Sanjay Raut,Black spots on roads,Black Spots & Infrastructure,https://sansad.in/getFile/annex/249/Au1058.docx?source=pqars
RS-MoRTH-S249-U1062,Road Transport & Highways,RS,,249,1062,Unstarred,2019-07-01,Ram Kumar Kashyap,Accidents on NHs,Accidents & Fatalities,https://sansad.in/getFile/annex/249/Au1062.docx?source=pqars
RS-MoRTH-S249-U1077,Road Transport & Highways,RS,,249,1077,Unstarred,2019-07-01,Satyanarayan Jatiya,Traffic accidents in Madhya Pradesh,Accidents & Fatalities,https://sansad.in/getFile/annex/249/Au1077.docx?source=pqars
RS-MoRTH-S249-U1063,Road Transport & Highways,RS,,249,1063,Unstarred,2019-07-01,T. Rathinavel,Causes behind increasing road accidents,Accidents & Fatalities,https://sansad.in/getFile/annex/249/Au1063.docx?source=pqars
RS-MoRTH-S249-U1064,Road Transport & Highways,RS,,249,1064,Unstarred,2019-07-01,T. Rathinavel,Deaths due to road crashes,Accidents & Fatalities,https://sansad.in/getFile/annex/249/Au1064.docx?source=pqars
RS-MoRTH-S249-U1072,Road Transport & Highways,RS,,249,1072,Unstarred,2019-07-01,Ripun Bora,Accident prone black spots on roads,Accidents & Fatalities;Black Spots & Infrastructure,https://sansad.in/getFile/annex/249/Au1072.docx?source=pqars
RS-MoRTH-S249-U1073,Road Transport & Highways,RS,,249,1073,Unstarred,2019-07-01,Shanta Chhetri,E challan System to check traffic laws violations,Enforcement & Licensing,https://sansad.in/getFile/annex/249/Au1073.docx?source=pqars
LS17-Health-S1-U1261,Health & Family Welfare,LS,17,1,1261,Unstarred,2019-06-28,Deepak Baij,Jai Prakash Narain Apex Trauma Centre in AIIMS,Trauma Care & Compensation,https://sansad.in/getFile/loksabhaquestions/annex/171/AU1261.pdf?source=pqals
LS17-Health-S1-U1117,Health & Family Welfare,LS,17,1,1117,Unstarred,2019-06-28,Chandra Prakash Joshi;Ramdas Chandrabhanji Tadas;Anurag Sharma,Trauma Centres,Trauma Care & Compensation,https://sansad.in/getFile/loksabhaquestions/annex/171/AU1117.pdf?source=pqals
LS17-MoRTH-S1-U1041,Road Transport & Highways,LS,17,1,1041,Unstarred,2019-06-27,Ramdas Chandrabhanji Tadas;Chandra Prakash Joshi,WHO Report on Road Accidents,Accidents & Fatalities;Data & Reporting,https://sansad.in/getFile/loksabhaquestions/annex/171/AU1041.pdf?source=pqals
LS17-MoRTH-S1-U1040,Road Transport & Highways,LS,17,1,1040,Unstarred,2019-06-27,Bidyut Baran Mahato;Sudheer Gupta,Withdrawal of Driving Licence of Persons unable to Read and Write,Enforcement & Licensing,https://sansad.in/getFile/loksabhaquestions/annex/171/AU1040.pdf?source=pqals
LS17-MoRTH-S1-U1005,Road Transport & Highways,LS,17,1,1005,Unstarred,2019-06-27,Mohanbhai Kalyanji Kundariya;Ranjanben Dhananjay Bhatt;Ramya Haridas,Road Accidents,Accidents & Fatalities,https://sansad.in/getFile/loksabhaquestions/annex/171/AU1005.pdf?source=pqals
LS17-MoRTH-S1-U893,Road Transport & Highways,LS,17,1,893,Unstarred,2019-06-27,Dharambir Singh,Accidents on Delhi-Alwar NH-248,Accidents & Fatalities,https://sansad.in/getFile/loksabhaquestions/annex/171/AU893.pdf?source=pqals
LS17-MoRTH-S1-U891,Road Transport & Highways,LS,17,1,891,Unstarred,2019-06-27,Kunwar Pushpendra Singh Chandel,Accidents and Construction on NH-86,Accidents & Fatalities,https://sansad.in/getFile/loksabhaquestions/annex/171/AU891.pdf?source=pqals
LS17-MoRTH-S1-U890,Road Transport & Highways,LS,17,1,890,Unstarred,2019-06-27,Kripanath Mallah,NGOs for Road Safety,Road Safety (General),https://sansad.in/getFile/loksabhaquestions/annex/171/AU890.pdf?source=pqals
LS17-Heavy-S1-U444,Heavy Industries,LS,17,1,444,Unstarred,2019-06-25,Andimuthu Raja,Safety Standards for Vehicles,Vehicle Safety Standards,https://sansad.in/getFile/loksabhaquestions/annex/171/AU444.pdf?source=pqals
RS-MoRTH-S249-U279,Road Transport & Highways,RS,,249,279,Unstarred,2019-06-24,Lal Sinh Vadodia,Reduction in road accidents,Accidents & Fatalities,https://sansad.in/getFile/annex/249/Au279.docx?source=pqars
RS-MoRTH-S249-U264,Road Transport & Highways,RS,,249,264,Unstarred,2019-06-24,Narayan Lal Panchariya,NGOs for promotion of road safety,Road Safety (General),https://sansad.in/getFile/annex/249/Au264.docx?source=pqars
RS-MoRTH-S249-U265,Road Transport & Highways,RS,,249,265,Unstarred,2019-06-24,Narayan Lal Panchariya,Universal Smart Card driving license,Enforcement & Licensing,https://sansad.in/getFile/annex/249/Au265.docx?source=pqars
RS-MoRTH-S249-U274,Road Transport & Highways,RS,,249,274,Unstarred,2019-06-24,Rewati Raman Singh,Road accidents due to pressure horn,Accidents & Fatalities,https://sansad.in/getFile/annex/249/Au274.docx?source=pqars
RS-MoRTH-S249-U263,Road Transport & Highways,RS,,249,263,Unstarred,2019-06-24,Banda Prakash,Deaths due to potholes,Accidents & Fatalities,https://sansad.in/getFile/annex/249/Au263.docx?source=pqars
LS17-Health-S1-U73,Health & Family Welfare,LS,17,1,73,Unstarred,2019-06-21,Hibi Eden,Air Ambulance,Trauma Care & Compensation,https://sansad.in/getFile/loksabhaquestions/annex/171/AU73.pdf?source=pqals
RS-MoRTH-S248-U832,Road Transport & Highways,RS,,248,832,Unstarred,2019-02-11,Harnath Singh Yadav,Financial support for road accident victims,Accidents & Fatalities;Trauma Care & Compensation,https://sansad.in/getFile/annex/248/Au832.docx?source=pqars
RS-MoRTH-S248-U833,Road Transport & Highways,RS,,248,833,Unstarred,2019-02-11,Harnath Singh Yadav,Reducing road accidents,Accidents & Fatalities,https://sansad.in/getFile/annex/248/Au833.docx?source=pqars
RS-MoRTH-S248-U851,Road Transport & Highways,RS,,248,851,Unstarred,2019-02-11,B.K. Hariprasad,Registering and licensing authority under Motor Vehicles Act,Motor Vehicles Act & Rules;Enforcement & Licensing,https://sansad.in/getFile/annex/248/Au851.docx?source=pqars
RS-MoRTH-S248-U853,Road Transport & Highways,RS,,248,853,Unstarred,2019-02-11,P.L. Punia,Reduction in road accidents,Accidents & Fatalities,https://sansad.in/getFile/annex/248/Au853.docx?source=pqars
LS16-MoRTH-S17-U909,Road Transport & Highways,LS,16,17,909,Unstarred,2019-02-07,Ajay (teni) Misra;Bharat Singh,Medical Assistance for the Victims of Road Accidents,Accidents & Fatalities;Trauma Care & Compensation,https://sansad.in/getFile/loksabhaquestions/annex/17/AU909.pdf?source=pqals
LS16-MoRTH-S17-U872,Road Transport & Highways,LS,16,17,872,Unstarred,2019-02-07,"L.R. Shivaramegowda;Anju Bala;Tejpratap Singh,yadav",Road Accident,Accidents & Fatalities,https://sansad.in/getFile/loksabhaquestions/annex/17/AU872.pdf?source=pqals
LS16-MoRTH-S17-U847,Road Transport & Highways,LS,16,17,847,Unstarred,2019-02-07,Gaurav Gogoi;Jyotiraditya Madhavrao Scindia,Global Status Report on Road Safety,Road Safety (General);Data & Reporting,https://sansad.in/getFile/loksabhaquestions/annex/17/AU847.pdf?source=pqals
LS16-MoRTH-S17-U828,Road Transport & Highways,LS,16,17,828,Unstarred,2019-02-07,Rakesh Singh,Road Accidents due to Potholes,Accidents & Fatalities,https://sansad.in/getFile/loksabhaquestions/annex/17/AU828.pdf?source=pqals
LS16-MoRTH-S17-U823,Road Transport & Highways,LS,16,17,823,Unstarred,2019-02-07,Rabindra Kumar Jena,WHO Safety Standards,Vehicle Safety Standards,https://sansad.in/getFile/loksabhaquestions/annex/17/AU823.pdf?source=pqals
LS16-MoRTH-S17-U809,Road Transport & Highways,LS,16,17,809,Unstarred,2019-02-07,Om Prakash Yadav;Sumedhanand Saraswati;Rodmal Nagar,Driving Licence for Divyangs,Enforcement & Licensing,https://sansad.in/getFile/loksabhaquestions/annex/17/AU809.pdf?source=pqals
LS16-MoRTH-S17-U708,Road Transport & Highways,LS,16,17,708,Unstarred,2019-02-07,Lakhan Lal Sahu,National Highways Accidents Relief Service Scheme,Accidents & Fatalities;Road Safety Policy,https://sansad.in/getFile/loksabhaquestions/annex/17/AU708.pdf?source=pqals
RS-Health-S248-U202,Health & Family Welfare,RS,,248,202,Unstarred,2019-02-05,Vikas Mahatme,Capacity Building for developing Trauma Care Facilities on National Highways,Trauma Care & Compensation,https://sansad.in/getFile/annex/248/Au202.pdf?source=pqars
RS-MoRTH-S248-U91,Road Transport & Highways,RS,,248,91,Unstarred,2019-02-04,V. Vijayasai Reddy,Road accidents and deaths due to potholes in Andhra Pradesh,Accidents & Fatalities,https://sansad.in/getFile/annex/248/Au91.docx?source=pqars
RS-MoRTH-S248-U92,Road Transport & Highways,RS,,248,92,Unstarred,2019-02-04,Harnath Singh Yadav,Road accidents on Highways,Accidents & Fatalities,https://sansad.in/getFile/annex/248/Au92.docx?source=pqars
RS-MoRTH-S248-U97,Road Transport & Highways,RS,,248,97,Unstarred,2019-02-04,G.C. Chandrashekhar,Road accidents on Delhi Mumbai NH,Accidents & Fatalities,https://sansad.in/getFile/annex/248/Au97.docx?source=pqars
RS-MoRTH-S247-U2825,Road Transport & Highways,RS,,247,2825,Unstarred,2019-01-07,Husain Dalwai,Lives lost due to non use of seat belt,Accidents & Fatalities;Vehicle Safety Standards,https://sansad.in/getFile/annex/247/Au2825.docx?source=pqars
RS-MoRTH-S247-U2813,Road Transport & Highways,RS,,247,2813,Unstarred,2019-01-07,Vandana Chavan,Hill Road Safety Policy,Road Safety (General);Road Safety Policy,https://sansad.in/getFile/annex/247/Au2813.docx?source=pqars
RS-MoRTH-S247-U2810,Road Transport & Highways,RS,,247,2810,Unstarred,2019-01-07,A. K. Selvaraj,Road accident data collection project,Accidents & Fatalities;Data & Reporting,https://sansad.in/getFile/annex/247/Au2810.docx?source=pqars
RS-MoRTH-S247-U2836,Road Transport & Highways,RS,,247,2836,Unstarred,2019-01-07,Vijila Sathyananth,Duplicate driving licences,Enforcement & Licensing,https://sansad.in/getFile/annex/247/Au2836.docx?source=pqars
RS-MoRTH-S247-U2821,Road Transport & Highways,RS,,247,2821,Unstarred,2019-01-07,K. R. Arjunan,Integrated road accident database project,Accidents & Fatalities,https://sansad.in/getFile/annex/247/Au2821.docx?source=pqars
RS-MoRTH-S247-U2835,Road Transport & Highways,RS,,247,2835,Unstarred,2019-01-07,N. Gokulakrishnan,Data bank of accident videos,Accidents & Fatalities;Data & Reporting,https://sansad.in/getFile/annex/247/Au2835.docx?source=pqars
RS-MoRTH-S247-U2818,Road Transport & Highways,RS,,247,2818,Unstarred,2019-01-07,R. Vaithilingam,Avoiding multiple driving licences,Enforcement & Licensing,https://sansad.in/getFile/annex/247/Au2818.docx?source=pqars
RS-MoRTH-S247-S259,Road Transport & Highways,RS,,247,259,Starred,2019-01-07,Harnath Singh Yadav,Monitoring of accidents on NHs,Accidents & Fatalities,https://sansad.in/getFile/annex/247/As259.docx?source=pqars
LS16-Health-S16-S359,Health & Family Welfare,LS,16,16,359,Starred,2019-01-04,Abhishek Singh;Om Birla,Ambulance Service under NRHM,Trauma Care & Compensation,https://sansad.in/getFile/loksabhaquestions/annex/16/AS359.pdf?source=pqals
LS16-MoRTH-S16-U3891,Road Transport & Highways,LS,16,16,3891,Unstarred,2019-01-03,Hemant Tukaram Godse,National Road Safety and Management System,Road Safety (General);Road Safety Policy,https://sansad.in/getFile/loksabhaquestions/annex/16/AU3891.pdf?source=pqals
LS16-MoRTH-S16-U3838,Road Transport & Highways,LS,16,16,3838,Unstarred,2019-01-03,Uday Pratap Singh;Mallikarjun Kharge,Accidents/Incidents due to Underconstruction Over Bridges,Accidents & Fatalities;Black Spots & Infrastructure,https://sansad.in/getFile/loksabhaquestions/annex/16/AU3838.pdf?source=pqals
LS16-MoRTH-S16-U3835,Road Transport & Highways,LS,16,16,3835,Unstarred,2019-01-03,Vinayak Bhaurao Raut;Dharmendra Yadav;Pritam Gopinath Munde;Shrirang Appa Barne;Shivaji Adhalrao Patil,Measures to Tackle Road Accidents,Accidents & Fatalities,https://sansad.in/getFile/loksabhaquestions/annex/16/AU3835.pdf?source=pqals
LS16-MoRTH-S16-U3777,Road Transport & Highways,LS,16,16,3777,Unstarred,2019-01-03,(adv.) Joice George,Road Safety,Road Safety (General),https://sansad.in/getFile/loksabhaquestions/annex/16/AU3777.pdf?source=pqals
LS16-MoRTH-S16-U3714,Road Transport & Highways,LS,16,16,3714,Unstarred,2019-01-03,Rakesh Singh;Ashok Mahadeorao Nete,Road Accidents,Accidents & Fatalities,https://sansad.in/getFile/loksabhaquestions/annex/16/AU3714.pdf?source=pqals
RS-MoRTH-S247-U2024,Road Transport & Highways,RS,,247,2024,Unstarred,2018-12-31,T. Subbarami Reddy,Deaths due to potholes,Accidents & Fatalities,https://sansad.in/getFile/annex/247/Au2024.docx?source=pqars
RS-MoRTH-S247-U2023,Road Transport & Highways,RS,,247,2023,Unstarred,2018-12-31,Abdul Wahab,Road accidents in Kerala,Accidents & Fatalities,https://sansad.in/getFile/annex/247/Au2023.docx?source=pqars
RS-MoRTH-S247-U2013,Road Transport & Highways,RS,,247,2013,Unstarred,2018-12-31,Partap Singh Bajwa,Implementation of the Good Samaritan Law,Trauma Care & Compensation,https://sansad.in/getFile/annex/247/Au2013.docx?source=pqars
RS-MoRTH-S247-U2019,Road Transport & Highways,RS,,247,2019,Unstarred,2018-12-31,Harnath Singh Yadav,Accidents on Yamuna Expressway,Accidents & Fatalities,https://sansad.in/getFile/annex/247/Au2019.docx?source=pqars
LS16-Health-S16-U2873,Health & Family Welfare,LS,16,16,2873,Unstarred,2018-12-28,Riti Pathak;Abhijit Mukherjee;Kirit Somaiya,Ambulance Service,Trauma Care & Compensation,https://sansad.in/getFile/loksabhaquestions/annex/16/AU2873.pdf?source=pqals
LS16-MoRTH-S16-U2749,Road Transport & Highways,LS,16,16,2749,Unstarred,2018-12-27,Nagendra Pratap Singh Patel,Accidents due to Broken Roads and Stray Animals,Accidents & Fatalities,https://sansad.in/getFile/loksabhaquestions/annex/16/AU2749.pdf?source=pqals
LS16-MoRTH-S16-U2747,Road Transport & Highways,LS,16,16,2747,Unstarred,2018-12-27,Kunwar Pushpendra Singh Chandel,New Roadmap for Accident Prevention,Accidents & Fatalities,https://sansad.in/getFile/loksabhaquestions/annex/16/AU2747.pdf?source=pqals
LS16-MoRTH-S16-U2706,Road Transport & Highways,LS,16,16,2706,Unstarred,2018-12-27,Sanjay Jaiswal,Monitoring of Road Accidents,Accidents & Fatalities,https://sansad.in/getFile/loksabhaquestions/annex/16/AU2706.pdf?source=pqals
LS16-MoRTH-S16-U2699,Road Transport & Highways,LS,16,16,2699,Unstarred,2018-12-27,Darshana Vikram Jardosh,"Amendment to Motor Vehicles Act, 1988",Motor Vehicles Act & Rules,https://sansad.in/getFile/loksabhaquestions/annex/16/AU2699.pdf?source=pqals
LS16-MoRTH-S16-U2633,Road Transport & Highways,LS,16,16,2633,Unstarred,2018-12-27,Radheshyam Biswas,Priority of Road Safety,Road Safety (General),https://sansad.in/getFile/loksabhaquestions/annex/16/AU2633.pdf?source=pqals
LS16-MoRTH-S16-U2619,Road Transport & Highways,LS,16,16,2619,Unstarred,2018-12-27,Dharmendra Yadav;Pritam Gopinath Munde;Shrikant Eknath Shinde,Road Accidents,Accidents & Fatalities,https://sansad.in/getFile/loksabhaquestions/annex/16/AU2619.pdf?source=pqals
RS-MoRTH-S247-U1531,Road Transport & Highways,RS,,247,1531,Unstarred,2018-12-24,Prabhat Jha,Overloading of trucks,Enforcement & Licensing,https://sansad.in/getFile/annex/247/Au1531.docx?source=pqars
RS-MoRTH-S247-U1538,Road Transport & Highways,RS,,247,1538,Unstarred,2018-12-24,Selja,Rising number of accidents on NHs,Accidents & Fatalities;Data & Reporting,https://sansad.in/getFile/annex/247/Au1538.docx?source=pqars
RS-MoRTH-S247-U1524,Road Transport & Highways,RS,,247,1524,Unstarred,2018-12-24,K.C. Ramamurthy,Good Samaritan Law,Trauma Care & Compensation,https://sansad.in/getFile/annex/247/Au1524.docx?source=pqars
LS16-Health-S16-U2033,Health & Family Welfare,LS,16,16,2033,Unstarred,2018-12-21,S. Rajendran;Ashok Shankarrao Chavan;T. Radhakrishnan;Vijay Kumar S.R.;Sudheer Gupta;Kunwar Haribansh Singh,Shortage of Trauma Care Centres for Road Accident Victims,Accidents & Fatalities;Trauma Care & Compensation,https://sansad.in/getFile/loksabhaquestions/annex/16/AU2033.pdf?source=pqals
LS16-MoRTH-S16-U1822,Road Transport & Highways,LS,16,16,1822,Unstarred,2018-12-20,Rahul Kaswan;Rajendra Dhedya Gavit;Murali Mohan Maganti,Compensation to Road Accident Victims,Accidents & Fatalities;Trauma Care & Compensation,https://sansad.in/getFile/loksabhaquestions/annex/16/AU1822.pdf?source=pqals
LS16-MoRTH-S16-U1817,Road Transport & Highways,LS,16,16,1817,Unstarred,2018-12-20,Sriram Malyadri;Dharam Vira Gandhi;K.R.P. Prabakaran,Signage and IRC Standards,Black Spots & Infrastructure,https://sansad.in/getFile/loksabhaquestions/annex/16/AU1817.pdf?source=pqals
LS16-MoRTH-S16-U1782,Road Transport & Highways,LS,16,16,1782,Unstarred,2018-12-20,Savitri Thakur;Om Birla,Accident due to Drunken-Driving,Accidents & Fatalities;Drunk/Drink Driving,https://sansad.in/getFile/loksabhaquestions/annex/16/AU1782.pdf?source=pqals
LS16-MoRTH-S16-U1690,Road Transport & Highways,LS,16,16,1690,Unstarred,2018-12-20,Sunil Kumar Singh,Assistance to Road Accident Victims,Accidents & Fatalities;Trauma Care & Compensation,https://sansad.in/getFile/loksabhaquestions/annex/16/AU1690.pdf?source=pqals
LS16-MoRTH-S16-U1683,Road Transport & Highways,LS,16,16,1683,Unstarred,2018-12-20,Neelam Sonker,Road Accidents,Accidents & Fatalities,https://sansad.in/getFile/loksabhaquestions/annex/16/AU1683.pdf?source=pqals
LS16-MoRTH-S16-U1674,Road Transport & Highways,LS,16,16,1674,Unstarred,2018-12-20,Parvesh Sahib Singh,Road Accident,Accidents & Fatalities,https://sansad.in/getFile/loksabhaquestions/annex/16/AU1674.pdf?source=pqals
LS16-MoRTH-S16-U1623,Road Transport & Highways,LS,16,16,1623,Unstarred,2018-12-20,Poonam Mahajan,Safety of Women in Public Transport,Road Safety (General),https://sansad.in/getFile/loksabhaquestions/annex/16/AU1623.pdf?source=pqals
RS-MoRTH-S247-U742,Road Transport & Highways,RS,,247,742,Unstarred,2018-12-17,Vandana Chavan,Loss to GDP caused by road accidents,Accidents & Fatalities,https://sansad.in/getFile/annex/247/Au742.docx?source=pqars
RS-MoRTH-S247-U749,Road Transport & Highways,RS,,247,749,Unstarred,2018-12-17,Santiuse Kujur,Road accidents due to potholes,Accidents & Fatalities,https://sansad.in/getFile/annex/247/Au749.docx?source=pqars
RS-MoRTH-S247-U736,Road Transport & Highways,RS,,247,736,Unstarred,2018-12-17,Mohammed Nadimul Haque,Black spots on National Highways,Black Spots & Infrastructure,https://sansad.in/getFile/annex/247/Au736.docx?source=pqars
RS-MoRTH-S247-U747,Road Transport & Highways,RS,,247,747,Unstarred,2018-12-17,N. Gokulakrishnan,Death due to potholes,Accidents & Fatalities,https://sansad.in/getFile/annex/247/Au747.docx?source=pqars
LS16-MoRTH-S16-U679,Road Transport & Highways,LS,16,16,679,Unstarred,2018-12-13,Meenakashi Lekhi,Bharat New Vehicle Assessment Safety Programme,Road Safety Policy,https://sansad.in/getFile/loksabhaquestions/annex/16/AU679.pdf?source=pqals
LS16-MoRTH-S16-U636,Road Transport & Highways,LS,16,16,636,Unstarred,2018-12-13,Jitendra Chaudhury;Dinesh Trivedi,Road Accident due to Potholes,Accidents & Fatalities,https://sansad.in/getFile/loksabhaquestions/annex/16/AU636.pdf?source=pqals
LS16-MoRTH-S16-U630,Road Transport & Highways,LS,16,16,630,Unstarred,2018-12-13,George Baker;Parbhubhai Nagarbhai Vasava;Shivkumar Chanabasappa Udasi;Anil Shirole,Road Accident,Accidents & Fatalities,https://sansad.in/getFile/loksabhaquestions/annex/16/AU630.pdf?source=pqals
LS16-MoRTH-S16-U545,Road Transport & Highways,LS,16,16,545,Unstarred,2018-12-13,C. Mahendran,Youth Road Safety Learner’s License,Road Safety (General);Enforcement & Licensing,https://sansad.in/getFile/loksabhaquestions/annex/16/AU545.pdf?source=pqals
LS16-MoRTH-S15-S327,Road Transport & Highways,LS,16,15,327,Starred,2018-08-09,Pashupati Nath Singh;Sher Singh Ghubaya,Road Accidents,Accidents & Fatalities,https://sansad.in/getFile/loksabhaquestions/annex/15/AS327.pdf?source=pqals
LS16-MoRTH-S15-S322,Road Transport & Highways,LS,16,15,322,Starred,2018-08-09,T.G. Venkatesh Babu;Asaduddin Owaisi,Pothole Fatalities,Accidents & Fatalities,https://sansad.in/getFile/loksabhaquestions/annex/15/AS322.pdf?source=pqals
LS16-MoRTH-S15-U3890,Road Transport & Highways,LS,16,15,3890,Unstarred,2018-08-09,Bharat Singh,Road Design and Signage on Expressways,Black Spots & Infrastructure,https://sansad.in/getFile/loksabhaquestions/annex/15/AU3890.pdf?source=pqals
LS16-MoRTH-S15-U3854,Road Transport & Highways,LS,16,15,3854,Unstarred,2018-08-09,Kapil Moreshwar Patil,Online Issuing of Driving Licence,Enforcement & Licensing,https://sansad.in/getFile/loksabhaquestions/annex/15/AU3854.pdf?source=pqals
LS16-MoRTH-S15-U3825,Road Transport & Highways,LS,16,15,3825,Unstarred,2018-08-09,Sona Ram Choudhary,Accident Prone Stretches on NHs,Accidents & Fatalities,https://sansad.in/getFile/loksabhaquestions/annex/15/AU3825.pdf?source=pqals
LS16-MoRTH-S15-U3810,Road Transport & Highways,LS,16,15,3810,Unstarred,2018-08-09,Sriram Malyadri,"Motor Vehicles Act, 1988",Motor Vehicles Act & Rules,https://sansad.in/getFile/loksabhaquestions/annex/15/AU3810.pdf?source=pqals
LS16-MoRTH-S15-U3786,Road Transport & Highways,LS,16,15,3786,Unstarred,2018-08-09,Adhir Ranjan Chowdhury,Implementation of Traffic Rules,Enforcement & Licensing,https://sansad.in/getFile/loksabhaquestions/annex/15/AU3786.pdf?source=pqals
LS16-MoRTH-S15-U3738,Road Transport & Highways,LS,16,15,3738,Unstarred,2018-08-09,Arka Keshari Deo,Accidental Deaths due to Water Logging,Accidents & Fatalities,https://sansad.in/getFile/loksabhaquestions/annex/15/AU3738.pdf?source=pqals
RS-Health-S246-U2331,Health & Family Welfare,RS,,246,2331,Unstarred,2018-08-07,Narayan Lal Panchariya,Skill centres for emergency medical relief training,Trauma Care & Compensation,https://sansad.in/getFile/annex/246/Au2331.pdf?source=pqars
RS-MoRTH-S246-U2182,Road Transport & Highways,RS,,246,2182,Unstarred,2018-08-06,Husain Dalwai,Increasing accidents in hilly States,Accidents & Fatalities,https://sansad.in/getFile/annex/246/Au2182.docx?source=pqars
RS-MoRTH-S246-U2185,Road Transport & Highways,RS,,246,2185,Unstarred,2018-08-06,Vishambhar Prasad Nishad,Rise in road accidents,Accidents & Fatalities,https://sansad.in/getFile/annex/246/Au2185.docx?source=pqars
RS-MoRTH-S246-U2174,Road Transport & Highways,RS,,246,2174,Unstarred,2018-08-06,M.V. Rajeev Gowda,Uniform code for PwDs to secure Driving Licences,Enforcement & Licensing,https://sansad.in/getFile/annex/246/Au2174.docx?source=pqars
RS-MoRTH-S246-U2172,Road Transport & Highways,RS,,246,2172,Unstarred,2018-08-06,Ravi Prakash Verma,Accidents on NH 29,Accidents & Fatalities,https://sansad.in/getFile/annex/246/Au2172.docx?source=pqars
RS-MoRTH-S246-U2187,Road Transport & Highways,RS,,246,2187,Unstarred,2018-08-06,Narendra Kumar Swain,Death on Indian roads,Accidents & Fatalities,https://sansad.in/getFile/annex/246/Au2187.docx?source=pqars
RS-MoRTH-S246-U2188,Road Transport & Highways,RS,,246,2188,Unstarred,2018-08-06,G.C. Chandrashekhar,Measures to reduce accidents along NHs,Accidents & Fatalities,https://sansad.in/getFile/annex/246/Au2188.docx?source=pqars
LS16-Health-S15-U2851,Health & Family Welfare,LS,16,15,2851,Unstarred,2018-08-03,Anoop Mishra,Trauma Care Centres on NHs,Trauma Care & Compensation,https://sansad.in/getFile/loksabhaquestions/annex/15/AU2851.pdf?source=pqals
LS16-MoRTH-S15-U2701,Road Transport & Highways,LS,16,15,2701,Unstarred,2018-08-02,Prabhas Kumar Singh,Safety Norms for Construction of NHs,Vehicle Safety Standards,https://sansad.in/getFile/loksabhaquestions/annex/15/AU2701.pdf?source=pqals
LS16-MoRTH-S15-U2648,Road Transport & Highways,LS,16,15,2648,Unstarred,2018-08-02,Laxmi Narayan Yadav;Ram Tahal Choudhary,Awareness Drive regarding Road Safety,Road Safety (General),https://sansad.in/getFile/loksabhaquestions/annex/15/AU2648.pdf?source=pqals
LS16-MoRTH-S15-U2571,Road Transport & Highways,LS,16,15,2571,Unstarred,2018-08-02,Harish Dwivedi,Increasing Road Accidents,Accidents & Fatalities,https://sansad.in/getFile/loksabhaquestions/annex/15/AU2571.pdf?source=pqals
LS16-MoRTH-S15-U2545,Road Transport & Highways,LS,16,15,2545,Unstarred,2018-08-02,Vasanthi M.;Rajan Baburao Vichare,Compliance of Traffic Rules,Enforcement & Licensing,https://sansad.in/getFile/loksabhaquestions/annex/15/AU2545.pdf?source=pqals
LS16-MoRTH-S15-U2542,Road Transport & Highways,LS,16,15,2542,Unstarred,2018-08-02,Banshilal Mahto,National Road Safety and Traffic Management Board,Road Safety (General);Road Safety Policy;Enforcement & Licensing,https://sansad.in/getFile/loksabhaquestions/annex/15/AU2542.pdf?source=pqals
RS-Health-S246-S145,Health & Family Welfare,RS,,246,145,Starred,2018-07-31,Viplove Thakur,Development of trauma care facilities along National Highways,Trauma Care & Compensation,https://sansad.in/getFile/annex/246/As145.pdf?source=pqars
RS-MoRTH-S246-U1373,Road Transport & Highways,RS,,246,1373,Unstarred,2018-07-30,A. Vijayakumar,Installation of speed governors in commercial taxis,Enforcement & Licensing,https://sansad.in/getFile/annex/246/Au1373.docx?source=pqars
LS16-MoRTH-S15-U1565,Road Transport & Highways,LS,16,15,1565,Unstarred,2018-07-26,Pashupati Nath Singh;Ravindra Kumar Ray;Sher Singh Ghubaya,Road Safety Committees,Road Safety (General),https://sansad.in/getFile/loksabhaquestions/annex/15/AU1565.pdf?source=pqals
LS16-MoRTH-S15-U1546,Road Transport & Highways,LS,16,15,1546,Unstarred,2018-07-26,P C Mohan,Road Accident due to Rash Driving,Accidents & Fatalities,https://sansad.in/getFile/loksabhaquestions/annex/15/AU1546.pdf?source=pqals
LS16-MoRTH-S15-U1510,Road Transport & Highways,LS,16,15,1510,Unstarred,2018-07-26,Rakesh Singh;Kirit Somaiya,Detection of Accidents,Accidents & Fatalities,https://sansad.in/getFile/loksabhaquestions/annex/15/AU1510.pdf?source=pqals
LS16-MoRTH-S15-U1505,Road Transport & Highways,LS,16,15,1505,Unstarred,2018-07-26,Nihal Chand Chauhan,Road Accidents,Accidents & Fatalities,https://sansad.in/getFile/loksabhaquestions/annex/15/AU1505.pdf?source=pqals
LS16-MoRTH-S15-U1407,Road Transport & Highways,LS,16,15,1407,Unstarred,2018-07-26,Vasanthi M.,Mandatory Safety Features in Cars,Vehicle Safety Standards,https://sansad.in/getFile/loksabhaquestions/annex/15/AU1407.pdf?source=pqals
RS-Heavy-S246-U979,Heavy Industries,RS,,246,979,Unstarred,2018-07-26,M.P. Veerendra Kumar,Safety standard of automobile vehicles,Vehicle Safety Standards,https://sansad.in/getFile/annex/246/Au979.pdf?source=pqars
LS16-Heavy-S15-U968,Heavy Industries,LS,16,15,968,Unstarred,2018-07-24,Ramsinh Patalyabhai Rathwa,International Safety Standards for New Vehicles,Vehicle Safety Standards,https://sansad.in/getFile/loksabhaquestions/annex/15/AU968.pdf?source=pqals
RS-MoRTH-S246-U590,Road Transport & Highways,RS,,246,590,Unstarred,2018-07-23,Husain Dalwai,Road accidents in the country,Accidents & Fatalities,https://sansad.in/getFile/annex/246/Au590.docx?source=pqars
RS-MoRTH-S246-U567,Road Transport & Highways,RS,,246,567,Unstarred,2018-07-23,K. R. Arjunan,Speed limit on expressways highways,Road Safety (General),https://sansad.in/getFile/annex/246/Au567.docx?source=pqars
RS-MoRTH-S246-U583,Road Transport & Highways,RS,,246,583,Unstarred,2018-07-23,K. R. Arjunan,Speed limit on urban roads,Road Safety (General),https://sansad.in/getFile/annex/246/Au583.docx?source=pqars
RS-MoRTH-S246-U584,Road Transport & Highways,RS,,246,584,Unstarred,2018-07-23,Amar Shankar Sable,Driver training institute and vehicle inspection and certification centre,Road Safety (General),https://sansad.in/getFile/annex/246/Au584.docx?source=pqars
RS-MoRTH-S246-U585,Road Transport & Highways,RS,,246,585,Unstarred,2018-07-23,Amar Shankar Sable,Steps for reduction of road accident,Accidents & Fatalities,https://sansad.in/getFile/annex/246/Au585.docx?source=pqars
RS-MoRTH-S246-U562,Road Transport & Highways,RS,,246,562,Unstarred,2018-07-23,N. Gokulakrishnan,Steps for reduction of road accidents,Accidents & Fatalities,https://sansad.in/getFile/annex/246/Au562.docx?source=pqars
LS16-Health-S15-U678,Health & Family Welfare,LS,16,15,678,Unstarred,2018-07-20,Sankar Prasad Datta;Sharad Tripathi,Ambulance provided under NRHM,Trauma Care & Compensation,https://sansad.in/getFile/loksabhaquestions/annex/15/AU678.pdf?source=pqals
LS16-Health-S15-U608,Health & Family Welfare,LS,16,15,608,Unstarred,2018-07-20,Devji Mansingram Patel;Ramesh Pokhriyal Nishank,Trauma Centres,Trauma Care & Compensation,https://sansad.in/getFile/loksabhaquestions/annex/15/AU608.pdf?source=pqals
LS16-MoRTH-S15-U394,Road Transport & Highways,LS,16,15,394,Unstarred,2018-07-19,G. Hari,Speed Limit on National Highway,Road Safety (General),https://sansad.in/getFile/loksabhaquestions/annex/15/AU394.pdf?source=pqals
LS16-MoRTH-S15-U386,Road Transport & Highways,LS,16,15,386,Unstarred,2018-07-19,Rahul Kaswan;Srihari Kadiyam;Bhartruhari Mahtab;K. Gopal;Sanjay Shamrao Dhotre;Devusinh Jesingbhai Chauhan,Road Accidents,Accidents & Fatalities,https://sansad.in/getFile/loksabhaquestions/annex/15/AU386.pdf?source=pqals
LS16-MoRTH-S15-U374,Road Transport & Highways,LS,16,15,374,Unstarred,2018-07-19,Sankar Prasad Datta;T.G. Venkatesh Babu;Vasanthi M.;K. Ashok Kumar,Road Accidents,Accidents & Fatalities,https://sansad.in/getFile/loksabhaquestions/annex/15/AU374.pdf?source=pqals
LS16-Health-S14-U6484,Health & Family Welfare,LS,16,14,6484,Unstarred,2018-04-06,J.C. Divakar Reddy,Ambulance Services,Trauma Care & Compensation,https://sansad.in/getFile/loksabhaquestions/annex/14/AU6484.pdf?source=pqals
LS16-MoRTH-S14-U6438,Road Transport & Highways,LS,16,14,6438,Unstarred,2018-04-05,Suresh Kodikunnil,Driving Licenses,Enforcement & Licensing,https://sansad.in/getFile/loksabhaquestions/annex/14/AU6438.pdf?source=pqals
LS16-MoRTH-S14-U6389,Road Transport & Highways,LS,16,14,6389,Unstarred,2018-04-05,Rajesh Ranjan (pappu Yadav);Gowdar Mallikarjunappa Siddeshwara;Ranjeet Ranjan;Sunil Kumar Mondal,Bogus Driving Licences,Enforcement & Licensing,https://sansad.in/getFile/loksabhaquestions/annex/14/AU6389.pdf?source=pqals
LS16-MoRTH-S14-U6380,Road Transport & Highways,LS,16,14,6380,Unstarred,2018-04-05,K. Gopal;Shrirang Appa Barne;Anandrao Adsul;Sanjay Shamrao Dhotre;Kuruppassery Varkey Thomas;Shrikant Eknath Shinde;Rayapati Sambasiva Rao;Dharmendra Yadav;Vinayak Bhaurao Raut;R. Gopalakrishnan;Rodmal Nagar;Rajesh Kumar Diwakar,Committee on Road Accidents,Accidents & Fatalities,https://sansad.in/getFile/loksabhaquestions/annex/14/AU6380.pdf?source=pqals
LS16-MoRTH-S14-U6329,Road Transport & Highways,LS,16,14,6329,Unstarred,2018-04-05,Kirit Premjibhai Solanki,Compensation to Road Accident Victims,Accidents & Fatalities;Trauma Care & Compensation,https://sansad.in/getFile/loksabhaquestions/annex/14/AU6329.pdf?source=pqals
LS16-MoRTH-S14-U6298,Road Transport & Highways,LS,16,14,6298,Unstarred,2018-04-05,Rajan Baburao Vichare,Speed Governors,Enforcement & Licensing,https://sansad.in/getFile/loksabhaquestions/annex/14/AU6298.pdf?source=pqals
LS16-MoRTH-S14-U6266,Road Transport & Highways,LS,16,14,6266,Unstarred,2018-04-05,Dushyant Chautala,Traffic Discipline on National Highways,Road Safety (General),https://sansad.in/getFile/loksabhaquestions/annex/14/AU6266.pdf?source=pqals
RS-Health-S245-U4109,Health & Family Welfare,RS,,245,4109,Unstarred,2018-04-03,Rajkumar Dhoot,Ambulances provided to Maharashtra under NRHM,Trauma Care & Compensation,https://sansad.in/getFile/annex/245/Au4109.pdf?source=pqars
RS-MoRTH-S245-U3943,Road Transport & Highways,RS,,245,3943,Unstarred,2018-04-02,T. Subbarami Reddy,Driver training scheme,Road Safety Policy,https://sansad.in/getFile/annex/245/Au3943.docx?source=pqars
RS-MoRTH-S245-U3925,Road Transport & Highways,RS,,245,3925,Unstarred,2018-04-02,T. Rathinavel,Road accidents in the country,Accidents & Fatalities,https://sansad.in/getFile/annex/245/Au3925.docx?source=pqars
RS-MoRTH-S245-U3462,Road Transport & Highways,RS,,245,3462,Unstarred,2018-03-26,R. Lakshmanan,NHARSS for road accidents,Accidents & Fatalities,https://sansad.in/getFile/annex/245/Au3462.docx?source=pqars
RS-MoRTH-S245-U3456,Road Transport & Highways,RS,,245,3456,Unstarred,2018-03-26,Harivansh,Road safety norms for private taxi operating companies,Road Safety (General);Vehicle Safety Standards,https://sansad.in/getFile/annex/245/Au3456.docx?source=pqars
RS-MoRTH-S245-U3464,Road Transport & Highways,RS,,245,3464,Unstarred,2018-03-26,N. Gokulakrishnan,Steps for reduction of road accidents,Accidents & Fatalities,https://sansad.in/getFile/annex/245/Au3464.docx?source=pqars
RS-MoRTH-S245-U3452,Road Transport & Highways,RS,,245,3452,Unstarred,2018-03-26,K.C. Ramamurthy,Deaths in road accidents,Accidents & Fatalities,https://sansad.in/getFile/annex/245/Au3452.docx?source=pqars
RS-MoRTH-S245-U3463,Road Transport & Highways,RS,,245,3463,Unstarred,2018-03-26,Vikas Mahatme,Road accidents in Delhi NCR,Accidents & Fatalities,https://sansad.in/getFile/annex/245/Au3463.docx?source=pqars
LS16-Health-S14-U4789,Health & Family Welfare,LS,16,14,4789,Unstarred,2018-03-23,Maulana Badruddin Ajmal;Jose K. Mani,Trauma Care Centres on National Highways,Trauma Care & Compensation,https://sansad.in/getFile/loksabhaquestions/annex/14/AU4789.pdf?source=pqals
LS16-MoRTH-S14-U4574,Road Transport & Highways,LS,16,14,4574,Unstarred,2018-03-22,Anurag Singh Thakur;Rahul Kaswan;Srinivas Kesineni,Compensation for Death,Accidents & Fatalities;Trauma Care & Compensation,https://sansad.in/getFile/loksabhaquestions/annex/14/AU4574.pdf?source=pqals
LS16-MoRTH-S14-U4535,Road Transport & Highways,LS,16,14,4535,Unstarred,2018-03-22,Ram Charitra;K.R.P. Prabakaran;Sanjay Haribhau Jadhav;Tamradhwaj Sahu,Road Accidents,Accidents & Fatalities,https://sansad.in/getFile/loksabhaquestions/annex/14/AU4535.pdf?source=pqals
RS-MoRTH-S245-S253,Road Transport & Highways,RS,,245,253,Starred,2018-03-19,C.M. Ramesh,Road safety in the country,Road Safety (General),https://sansad.in/getFile/annex/245/As253.docx?source=pqars
RS-MoRTH-S245-U2649,Road Transport & Highways,RS,,245,2649,Unstarred,2018-03-19,Darshan Singh Yadav,Road accidents in the country,Accidents & Fatalities,https://sansad.in/getFile/annex/245/Au2649.docx?source=pqars
RS-MoRTH-S245-U2656,Road Transport & Highways,RS,,245,2656,Unstarred,2018-03-19,Vijila Sathyananth,Safety concerns for pedestrians,Pedestrian Safety,https://sansad.in/getFile/annex/245/Au2656.docx?source=pqars
LS16-MoRTH-S14-U3368,Road Transport & Highways,LS,16,14,3368,Unstarred,2018-03-15,Satish Chandra Dubey,Driving Licences,Enforcement & Licensing,https://sansad.in/getFile/loksabhaquestions/annex/14/AU3368.pdf?source=pqals
RS-MoRTH-S245-U1854,Road Transport & Highways,RS,,245,1854,Unstarred,2018-03-12,K. Rahman Khan,Compensation for deaths in road accidents,Accidents & Fatalities;Trauma Care & Compensation,https://sansad.in/getFile/annex/245/Au1854.docx?source=pqars
RS-MoRTH-S245-U1867,Road Transport & Highways,RS,,245,1867,Unstarred,2018-03-12,Viplove Thakur,Black Spot Project report from Himachal Pradesh,Black Spots & Infrastructure;Data & Reporting,https://sansad.in/getFile/annex/245/Au1867.docx?source=pqars
RS-MoRTH-S245-U1838,Road Transport & Highways,RS,,245,1838,Unstarred,2018-03-12,P. Bhattacharya,Control of road accidents,Accidents & Fatalities,https://sansad.in/getFile/annex/245/Au1838.docx?source=pqars
RS-MoRTH-S245-U1866,Road Transport & Highways,RS,,245,1866,Unstarred,2018-03-12,Devender Goud T.,Steps to curb road accidents,Accidents & Fatalities,https://sansad.in/getFile/annex/245/Au1866.docx?source=pqars
RS-MoRTH-S245-U1846,Road Transport & Highways,RS,,245,1846,Unstarred,2018-03-12,Chunibhai Kanjibhai Gohel,Pending accidents claim cases,Accidents & Fatalities,https://sansad.in/getFile/annex/245/Au1846.docx?source=pqars
RS-MoRTH-S245-U1844,Road Transport & Highways,RS,,245,1844,Unstarred,2018-03-12,Satyanarayan Jatiya,Road accidents in Madhya Pradesh,Accidents & Fatalities,https://sansad.in/getFile/annex/245/Au1844.docx?source=pqars
LS16-Health-S14-S210,Health & Family Welfare,LS,16,14,210,Starred,2018-03-09,Rajeev Shankarrao Satav;Supriya Sadanand Sule,Beds in AIIMS Trauma Centre,Trauma Care & Compensation,https://sansad.in/getFile/loksabhaquestions/annex/14/AS210.pdf?source=pqals
LS16-Health-S14-U2464,Health & Family Welfare,LS,16,14,2464,Unstarred,2018-03-09,Bharati Dhirubhai Shiyal;Kirti (jha) Azad,Medical Facilities to Road Accident Victims,Accidents & Fatalities;Trauma Care & Compensation,https://sansad.in/getFile/loksabhaquestions/annex/14/AU2464.pdf?source=pqals
LS16-Health-S14-U2426,Health & Family Welfare,LS,16,14,2426,Unstarred,2018-03-09,Suresh Kodikunnil,Helicopter Ambulance Services,Trauma Care & Compensation,https://sansad.in/getFile/loksabhaquestions/annex/14/AU2426.pdf?source=pqals
LS16-MoRTH-S14-S188,Road Transport & Highways,LS,16,14,188,Starred,2018-03-08,Kaushal Kishore,Unauthorised fitment of Crash Guards/Bull Bars,Accidents & Fatalities,https://sansad.in/getFile/loksabhaquestions/annex/14/AS188.pdf?source=pqals
LS16-MoRTH-S14-U2261,Road Transport & Highways,LS,16,14,2261,Unstarred,2018-03-08,Rajeev Shankarrao Satav;Vijaysinh Mohite Patil;Dhananjay Bhimrao Mahadik;Supriya Sadanand Sule;Jayakumar Jayavardhan;Heena Vijaykumar Gavit;P.R. Sundaram,Speed Limit,Road Safety (General),https://sansad.in/getFile/loksabhaquestions/annex/14/AU2261.pdf?source=pqals
LS16-MoRTH-S14-U2109,Road Transport & Highways,LS,16,14,2109,Unstarred,2018-03-08,T.G. Venkatesh Babu,Driving Licenses,Enforcement & Licensing,https://sansad.in/getFile/loksabhaquestions/annex/14/AU2109.pdf?source=pqals
RS-Health-S245-U1221,Health & Family Welfare,RS,,245,1221,Unstarred,2018-03-06,Ramkumar Verma,Ambulances with Government hospitals,Trauma Care & Compensation,https://sansad.in/getFile/annex/245/Au1221.pdf?source=pqars
RS-MoRTH-S245-U1048,Road Transport & Highways,RS,,245,1048,Unstarred,2018-03-05,Anil Desai,Deaths due to road accidents on Mumbai to Pune National Highway,Accidents & Fatalities,https://sansad.in/getFile/annex/245/Au1048.docx?source=pqars
RS-MoRTH-S245-U1051,Road Transport & Highways,RS,,245,1051,Unstarred,2018-03-05,Selja,Deaths in road accidents,Accidents & Fatalities,https://sansad.in/getFile/annex/245/Au1051.docx?source=pqars
RS-MoRTH-S245-U1047,Road Transport & Highways,RS,,245,1047,Unstarred,2018-03-05,K. R. Arjunan,Loss in national income due to road fatalities,Accidents & Fatalities,https://sansad.in/getFile/annex/245/Au1047.docx?source=pqars
RS-MoRTH-S245-U1050,Road Transport & Highways,RS,,245,1050,Unstarred,2018-03-05,Anubhav Mohanty,Violation of safety norms by school bus drivers,Vehicle Safety Standards,https://sansad.in/getFile/annex/245/Au1050.docx?source=pqars
LS16-MoRTH-S14-S83,Road Transport & Highways,LS,16,14,83,Starred,2018-02-08,A.P. Jithender Reddy;K. Gopal,Road Accidents,Accidents & Fatalities,https://sansad.in/getFile/loksabhaquestions/annex/14/AS83.pdf?source=pqals
LS16-MoRTH-S14-U1144,Road Transport & Highways,LS,16,14,1144,Unstarred,2018-02-08,Kaushalendra Kumar,Accident Prone Areas,Accidents & Fatalities,https://sansad.in/getFile/loksabhaquestions/annex/14/AU1144.pdf?source=pqals
LS16-MoRTH-S14-U1009,Road Transport & Highways,LS,16,14,1009,Unstarred,2018-02-08,Shashi Tharoor,Road Safety in Kerala,Road Safety (General),https://sansad.in/getFile/loksabhaquestions/annex/14/AU1009.pdf?source=pqals
LS16-MoRTH-S14-U1005,Road Transport & Highways,LS,16,14,1005,Unstarred,2018-02-08,K. Ashok Kumar,Committee on Road Safety,Road Safety (General),https://sansad.in/getFile/loksabhaquestions/annex/14/AU1005.pdf?source=pqals
LS16-MoRTH-S14-U944,Road Transport & Highways,LS,16,14,944,Unstarred,2018-02-08,Rodmal Nagar;Banshilal Mahto,Road Safety in the School Curriculum,Road Safety (General),https://sansad.in/getFile/loksabhaquestions/annex/14/AU944.pdf?source=pqals
RS-Heavy-S245-U668,Heavy Industries,RS,,245,668,Unstarred,2018-02-08,Anubhav Mohanty,Provisions of air bags in car,Road Safety Policy;Vehicle Safety Standards,https://sansad.in/getFile/annex/245/Au668.pdf?source=pqars
RS-MoRTH-S245-U249,Road Transport & Highways,RS,,245,249,Unstarred,2018-02-05,T. Subbarami Reddy,Additional safety measures in cars,Road Safety (General),https://sansad.in/getFile/annex/245/Au249.docx?source=pqars
RS-MoRTH-S245-U255,Road Transport & Highways,RS,,245,255,Unstarred,2018-02-05,T. Rathinavel,Safety of passenger and pedestrian on roads,Pedestrian Safety,https://sansad.in/getFile/annex/245/Au255.docx?source=pqars
RS-MoRTH-S245-U253,Road Transport & Highways,RS,,245,253,Unstarred,2018-02-05,Partap Singh Bajwa,Deaths and economic losses due to road accidents,Accidents & Fatalities,https://sansad.in/getFile/annex/245/Au253.docx?source=pqars
LS16-Health-S14-U191,Health & Family Welfare,LS,16,14,191,Unstarred,2018-02-02,Sankar Prasad Datta,Ambulance under NRHM,Trauma Care & Compensation,https://sansad.in/getFile/loksabhaquestions/annex/14/AU191.pdf?source=pqals
LS16-MoRTH-S13-U2960,Road Transport & Highways,LS,16,13,2960,Unstarred,2018-01-04,P.R. Sundaram;Dhananjay Bhimrao Mahadik;Vijaysinh Mohite Patil;Heena Vijaykumar Gavit;Jayakumar Jayavardhan,Fake Driving Licenses,Enforcement & Licensing,https://sansad.in/getFile/loksabhaquestions/annex/13/AU2960.pdf?source=pqals
LS16-MoRTH-S13-U2929,Road Transport & Highways,LS,16,13,2929,Unstarred,2018-01-04,Rayapati Sambasiva Rao,Road Safety Councils,Road Safety (General),https://sansad.in/getFile/loksabhaquestions/annex/13/AU2929.pdf?source=pqals
LS16-MoRTH-S13-U2837,Road Transport & Highways,LS,16,13,2837,Unstarred,2018-01-04,Mohanbhai Kalyanjibhai Kundariya,Road Accidents,Accidents & Fatalities,https://sansad.in/getFile/loksabhaquestions/annex/13/AU2837.pdf?source=pqals
LS16-MoRTH-S13-U2775,Road Transport & Highways,LS,16,13,2775,Unstarred,2018-01-04,Kirti Vardhan Singh,Driver Training Institute,Road Safety (General),https://sansad.in/getFile/loksabhaquestions/annex/13/AU2775.pdf?source=pqals
RS-Health-S244-U1728,Health & Family Welfare,RS,,244,1728,Unstarred,2018-01-02,Rajani Ashokrao Patil,Pilot project for trauma case on National Highways,Trauma Care & Compensation,https://sansad.in/getFile/annex/244/Au1728.pdf?source=pqars
RS-Health-S244-U1704,Health & Family Welfare,RS,,244,1704,Unstarred,2018-01-02,Mahesh Poddar,Capacity development in trauma life support,Trauma Care & Compensation,https://sansad.in/getFile/annex/244/Au1704.pdf?source=pqars
RS-MoRTH-S244-U1530,Road Transport & Highways,RS,,244,1530,Unstarred,2018-01-01,Kanwar Deep Singh,Crash test on cars,Accidents & Fatalities,https://sansad.in/getFile/annex/244/Au1530.docx?source=pqars
RS-MoRTH-S244-U1529,Road Transport & Highways,RS,,244,1529,Unstarred,2018-01-01,Sanjay Seth,Duplicate driving licences,Enforcement & Licensing,https://sansad.in/getFile/annex/244/Au1529.docx?source=pqars
LS16-Health-S13-U1958,Health & Family Welfare,LS,16,13,1958,Unstarred,2017-12-29,Mausam Noor,Helicopter Ambulance Services,Trauma Care & Compensation,https://sansad.in/getFile/loksabhaquestions/annex/13/AU1958.pdf?source=pqals
LS16-MoRTH-S13-U1830,Road Transport & Highways,LS,16,13,1830,Unstarred,2017-12-28,Konakalla Narayana Rao;Asaduddin Owaisi,Road Safety Policy,Road Safety (General);Road Safety Policy,https://sansad.in/getFile/loksabhaquestions/annex/13/AU1830.pdf?source=pqals
LS16-MoRTH-S13-U1818,Road Transport & Highways,LS,16,13,1818,Unstarred,2017-12-28,Richard Hay;Parbhubhai Nagarbhai Vasava;George Baker,Road Accident due to Potholes,Accidents & Fatalities,https://sansad.in/getFile/loksabhaquestions/annex/13/AU1818.pdf?source=pqals
LS16-MoRTH-S13-U1798,Road Transport & Highways,LS,16,13,1798,Unstarred,2017-12-28,Dharam Vira Gandhi,Road Safety Laws,Road Safety (General),https://sansad.in/getFile/loksabhaquestions/annex/13/AU1798.pdf?source=pqals
LS16-MoRTH-S13-U1748,Road Transport & Highways,LS,16,13,1748,Unstarred,2017-12-28,Sudheer Gupta;Naranbhai Kachhadia;Vijay Kumar S.R.;Bidyut Baran Mahato;T. Radhakrishnan;Kunwar Haribansh Singh;Gajanan Chandrakant Kirtikar,Mandatory Frontal and Side Crash Test,Accidents & Fatalities,https://sansad.in/getFile/loksabhaquestions/annex/13/AU1748.pdf?source=pqals
LS16-MoRTH-S13-U1726,Road Transport & Highways,LS,16,13,1726,Unstarred,2017-12-28,Sharad Bansode,Road Accident Due to Pollution,Accidents & Fatalities,https://sansad.in/getFile/loksabhaquestions/annex/13/AU1726.pdf?source=pqals
LS16-MoRTH-S13-U1700,Road Transport & Highways,LS,16,13,1700,Unstarred,2017-12-28,Rajan Baburao Vichare,Speed Governors,Enforcement & Licensing,https://sansad.in/getFile/loksabhaquestions/annex/13/AU1700.pdf?source=pqals
LS16-MoRTH-S13-U1617,Road Transport & Highways,LS,16,13,1617,Unstarred,2017-12-28,M. I. Shanavas;Kanwar Singh Tanwar;K. Gopal,Cancellation of Driving Licence,Enforcement & Licensing,https://sansad.in/getFile/loksabhaquestions/annex/13/AU1617.pdf?source=pqals
LS16-Health-S13-U1365,Health & Family Welfare,LS,16,13,1365,Unstarred,2017-12-22,B. S. Yeddyurappa;Kirit Premjibhai Solanki,National Programme for Trauma Care,Road Safety Policy;Trauma Care & Compensation,https://sansad.in/getFile/loksabhaquestions/annex/13/AU1365.pdf?source=pqals
LS16-MoRTH-S13-U1131,Road Transport & Highways,LS,16,13,1131,Unstarred,2017-12-21,Jagdambika Pal;M. I. Shanavas;Feroze Varun Gandhi;Innocent,Drunk-Driver Accidents,Accidents & Fatalities;Drunk/Drink Driving,https://sansad.in/getFile/loksabhaquestions/annex/13/AU1131.pdf?source=pqals
LS16-MoRTH-S13-U1125,Road Transport & Highways,LS,16,13,1125,Unstarred,2017-12-21,Kunwar Pushpendra Singh Chandel;T.G. Venkatesh Babu;Kuruppassery Varkey Thomas;Maulana Badruddin Ajmal;J. Jayasingh Thiyagaraj Natterjee,Road Accident,Accidents & Fatalities,https://sansad.in/getFile/loksabhaquestions/annex/13/AU1125.pdf?source=pqals
LS16-MoRTH-S13-U1038,Road Transport & Highways,LS,16,13,1038,Unstarred,2017-12-21,Ajay (teni) Misra,Increase in Road Accidents due to Stray Animals,Accidents & Fatalities,https://sansad.in/getFile/loksabhaquestions/annex/13/AU1038.pdf?source=pqals
LS16-MoRTH-S13-U1026,Road Transport & Highways,LS,16,13,1026,Unstarred,2017-12-21,Sanjay Haribhau Jadhav,Wearing of Seat Belts,Vehicle Safety Standards,https://sansad.in/getFile/loksabhaquestions/annex/13/AU1026.pdf?source=pqals
LS16-MoRTH-S13-U1025,Road Transport & Highways,LS,16,13,1025,Unstarred,2017-12-21,Radheshyam Biswas,Road Safety in Assam,Road Safety (General),https://sansad.in/getFile/loksabhaquestions/annex/13/AU1025.pdf?source=pqals
LS16-MoRTH-S13-U936,Road Transport & Highways,LS,16,13,936,Unstarred,2017-12-21,Anwhar Raajhaa;Gopalakrishnan Chinnaraj,Speed Limit for Vehicles,Road Safety (General),https://sansad.in/getFile/loksabhaquestions/annex/13/AU936.pdf?source=pqals
RS-Health-S244-U412,Health & Family Welfare,RS,,244,412,Unstarred,2017-12-19,Sanjay Raut,Emergency Medical Technicians,Trauma Care & Compensation,https://sansad.in/getFile/annex/244/Au412.pdf?source=pqars
RS-MoRTH-S244-U252,Road Transport & Highways,RS,,244,252,Unstarred,2017-12-18,K. R. Arjunan,Deaths in road accidents,Accidents & Fatalities,https://sansad.in/getFile/annex/244/Au252.docx?source=pqars
RS-MoRTH-S244-U255,Road Transport & Highways,RS,,244,255,Unstarred,2017-12-18,Sanjay Seth,Rise in road accidents,Accidents & Fatalities,https://sansad.in/getFile/annex/244/Au255.docx?source=pqars
LS16-Health-S12-U4193,Health & Family Welfare,LS,16,12,4193,Unstarred,2017-08-11,Shashi Tharoor,Private Ambulance Operators in the Country,Trauma Care & Compensation,https://sansad.in/getFile/loksabhaquestions/annex/12/AU4193.pdf?source=pqals
LS16-MoRTH-S12-U3911,Road Transport & Highways,LS,16,12,3911,Unstarred,2017-08-10,Anurag Singh Thakur,Taxi Policy for Women Safety,Road Safety Policy,https://sansad.in/getFile/loksabhaquestions/annex/12/AU3911.pdf?source=pqals
LS16-Health-S12-U3403,Health & Family Welfare,LS,16,12,3403,Unstarred,2017-08-04,B. S. Yeddyurappa,Setting up of Trauma Care Centres,Trauma Care & Compensation,https://sansad.in/getFile/loksabhaquestions/annex/12/AU3403.pdf?source=pqals
LS16-Health-S12-U3257,Health & Family Welfare,LS,16,12,3257,Unstarred,2017-08-04,Banshilal Mahto,Shortage of Ambulances in Rural Areas,Trauma Care & Compensation,https://sansad.in/getFile/loksabhaquestions/annex/12/AU3257.pdf?source=pqals
LS16-MoRTH-S12-U3110,Road Transport & Highways,LS,16,12,3110,Unstarred,2017-08-03,Kirit Somaiya,Safety Test for Cars,Road Safety (General),https://sansad.in/getFile/loksabhaquestions/annex/12/AU3110.pdf?source=pqals
RS-MoRTH-S243-U1695,Road Transport & Highways,RS,,243,1695,Unstarred,2017-07-31,Motilal Vora,Safety audit of bridges,Black Spots & Infrastructure,https://sansad.in/getFile/annex/243/Au1695.docx?source=pqars
RS-MoRTH-S243-U1693,Road Transport & Highways,RS,,243,1693,Unstarred,2017-07-31,A. K. Selvaraj,Hike in fees for driving licences,Enforcement & Licensing,https://sansad.in/getFile/annex/243/Au1693.docx?source=pqars
RS-MoRTH-S243-U1688,Road Transport & Highways,RS,,243,1688,Unstarred,2017-07-31,Lal Sinh Vadodia,Issuing driving licences,Enforcement & Licensing,https://sansad.in/getFile/annex/243/Au1688.docx?source=pqars
RS-MoRTH-S243-U1702,Road Transport & Highways,RS,,243,1702,Unstarred,2017-07-31,M.P. Veerendra Kumar,Non compliance with safety standards by automobiles,Vehicle Safety Standards,https://sansad.in/getFile/annex/243/Au1702.docx?source=pqars
LS16-Health-S12-U2209,Health & Family Welfare,LS,16,12,2209,Unstarred,2017-07-28,Hemant Tukaram Godse,Ambulances on NHs,Trauma Care & Compensation,https://sansad.in/getFile/loksabhaquestions/annex/12/AU2209.pdf?source=pqals
LS16-MoRTH-S12-U2065,Road Transport & Highways,LS,16,12,2065,Unstarred,2017-07-27,Sukhbir Singh Jaunpuria;Harish Chandra Meena;Raosaheb Patil Danve;Ajay (teni) Misra;Naramalli Sivaprasad;Gopal Chinayya Shetty;Rahul Kaswan,Road Accidents,Accidents & Fatalities,https://sansad.in/getFile/loksabhaquestions/annex/12/AU2065.pdf?source=pqals
LS16-MoRTH-S12-U2064,Road Transport & Highways,LS,16,12,2064,Unstarred,2017-07-27,Ashok Mahadeorao Nete;R.P. Marutharajaa;K. Maragatham,Speed Governors,Enforcement & Licensing,https://sansad.in/getFile/loksabhaquestions/annex/12/AU2064.pdf?source=pqals
LS16-MoRTH-S12-U2052,Road Transport & Highways,LS,16,12,2052,Unstarred,2017-07-27,M. I. Shanavas;Nanabhau Falgunrao Patole,Two Wheeler Accidents,Accidents & Fatalities,https://sansad.in/getFile/loksabhaquestions/annex/12/AU2052.pdf?source=pqals
LS16-MoRTH-S12-U2011,Road Transport & Highways,LS,16,12,2011,Unstarred,2017-07-27,Kalyan Banerjee,Safety Standards for Vehicles,Vehicle Safety Standards,https://sansad.in/getFile/loksabhaquestions/annex/12/AU2011.pdf?source=pqals
LS16-MoRTH-S12-U1918,Road Transport & Highways,LS,16,12,1918,Unstarred,2017-07-27,P.k.sreemathi Teacher,Black Spots,Black Spots & Infrastructure,https://sansad.in/getFile/loksabhaquestions/annex/12/AU1918.pdf?source=pqals
LS16-MoRTH-S12-U1902,Road Transport & Highways,LS,16,12,1902,Unstarred,2017-07-27,Janardan Mishra,"Motor Vehicles (Amendment) Bill, 2017",Road Safety Policy;Motor Vehicles Act & Rules,https://sansad.in/getFile/loksabhaquestions/annex/12/AU1902.pdf?source=pqals
RS-MoRTH-S243-U904,Road Transport & Highways,RS,,243,904,Unstarred,2017-07-24,Viplove Thakur,Cashless treatment to road accident victims,Accidents & Fatalities;Trauma Care & Compensation,https://sansad.in/getFile/annex/243/Au904.docx?source=pqars
RS-MoRTH-S243-U911,Road Transport & Highways,RS,,243,911,Unstarred,2017-07-24,Ranjib Biswal,Safety audit of bridges and culverts,Black Spots & Infrastructure,https://sansad.in/getFile/annex/243/Au911.docx?source=pqars
RS-MoRTH-S243-U906,Road Transport & Highways,RS,,243,906,Unstarred,2017-07-24,K. R. Arjunan,Deaths due to road accidents,Accidents & Fatalities,https://sansad.in/getFile/annex/243/Au906.docx?source=pqars
LS16-MoRTH-S12-U920,Road Transport & Highways,LS,16,12,920,Unstarred,2017-07-20,Sanganna Amarappa Karadi;Jayakumar Jayavardhan;Rajeev Shankarrao Satav;Supriya Sadanand Sule;P.R. Sundaram;Vijaysinh Mohite Patil,Speed Limit,Road Safety (General),https://sansad.in/getFile/loksabhaquestions/annex/12/AU920.pdf?source=pqals
LS16-MoRTH-S12-U913,Road Transport & Highways,LS,16,12,913,Unstarred,2017-07-20,E. T. Mohammed Basheer,Trauma Care on NHs,Trauma Care & Compensation,https://sansad.in/getFile/loksabhaquestions/annex/12/AU913.pdf?source=pqals
LS16-MoRTH-S12-U779,Road Transport & Highways,LS,16,12,779,Unstarred,2017-07-20,Gajendra Singh Shekhawat,Road Safety,Road Safety (General),https://sansad.in/getFile/loksabhaquestions/annex/12/AU779.pdf?source=pqals
RS-Heavy-S243-U368,Heavy Industries,RS,,243,368,Unstarred,2017-07-19,Viplove Thakur,Review of safety standards for vehicles,Vehicle Safety Standards,https://sansad.in/getFile/annex/243/Au368.pdf?source=pqars
RS-Health-S243-U313,Health & Family Welfare,RS,,243,313,Unstarred,2017-07-18,Meghraj Jain,Starting of air ambulance services,Trauma Care & Compensation,https://sansad.in/getFile/annex/243/Au313.pdf?source=pqars
RS-Health-S243-U293,Health & Family Welfare,RS,,243,293,Unstarred,2017-07-18,R. Lakshmanan,Trauma Care Centre along NH 45,Trauma Care & Compensation,https://sansad.in/getFile/annex/243/Au293.pdf?source=pqars
RS-MoRTH-S243-U101,Road Transport & Highways,RS,,243,101,Unstarred,2017-07-17,Sanjay Seth,Revision of speed limits on National Highways,Road Safety Policy,https://sansad.in/getFile/annex/243/Au101.docx?source=pqars
LS16-Heavy-S11-U5988,Heavy Industries,LS,16,11,5988,Unstarred,2017-04-11,R. Vanaroja,Vehicle Recall Policy,Road Safety Policy;Vehicle Safety Standards,https://sansad.in/getFile/loksabhaquestions/annex/11/AU5988.pdf?source=pqals
RS-MoRTH-S242-U4277,Road Transport & Highways,RS,,242,4277,Unstarred,2017-04-10,Kanwar Deep Singh,Pedestrian deaths,Accidents & Fatalities;Pedestrian Safety,https://sansad.in/getFile/annex/242/Au4277.docx?source=pqars
RS-MoRTH-S242-U4269,Road Transport & Highways,RS,,242,4269,Unstarred,2017-04-10,Ritabrata Banerjee,Accidents on Durgapur Expressway,Accidents & Fatalities,https://sansad.in/getFile/annex/242/Au4269.docx?source=pqars
RS-MoRTH-S242-U4282,Road Transport & Highways,RS,,242,4282,Unstarred,2017-04-10,A. K. Selvaraj,Speed governors in vehicles,Enforcement & Licensing,https://sansad.in/getFile/annex/242/Au4282.docx?source=pqars
LS16-Health-S11-U5697,Health & Family Welfare,LS,16,11,5697,Unstarred,2017-04-07,Vishnu Dayal Ram;Riti Pathak;Satish Chandra Dubey;MD. Badariddoza Khan;Janak Ram;Feroze Varun Gandhi;Vikram Usendi,Mobile Ambulance Service,Trauma Care & Compensation,https://sansad.in/getFile/loksabhaquestions/annex/11/AU5697.pdf?source=pqals
LS16-Health-S11-U5576,Health & Family Welfare,LS,16,11,5576,Unstarred,2017-04-07,A. Arunmozhithevan,Trauma Care Centres,Trauma Care & Compensation,https://sansad.in/getFile/loksabhaquestions/annex/11/AU5576.pdf?source=pqals
LS16-MoRTH-S11-S477,Road Transport & Highways,LS,16,11,477,Starred,2017-04-06,Sultan Ahmed,Compensation for Road Accident Victims,Accidents & Fatalities;Trauma Care & Compensation,https://sansad.in/getFile/loksabhaquestions/annex/11/AS477.pdf?source=pqals
LS16-MoRTH-S11-U5509,Road Transport & Highways,LS,16,11,5509,Unstarred,2017-04-06,G. Hari,Central Fund for Road Accident Victims,Accidents & Fatalities;Trauma Care & Compensation,https://sansad.in/getFile/loksabhaquestions/annex/11/AU5509.pdf?source=pqals
LS16-MoRTH-S11-U5463,Road Transport & Highways,LS,16,11,5463,Unstarred,2017-04-06,Rajesh Kumar Diwakar,Accident Prone Areas,Accidents & Fatalities,https://sansad.in/getFile/loksabhaquestions/annex/11/AU5463.pdf?source=pqals
LS16-MoRTH-S11-U5430,Road Transport & Highways,LS,16,11,5430,Unstarred,2017-04-06,Sriram Malyadri,Road Safety Council,Road Safety (General),https://sansad.in/getFile/loksabhaquestions/annex/11/AU5430.pdf?source=pqals
LS16-MoRTH-S11-U5362,Road Transport & Highways,LS,16,11,5362,Unstarred,2017-04-06,Shashi Tharoor,Road Safety Audit,Road Safety (General),https://sansad.in/getFile/loksabhaquestions/annex/11/AU5362.pdf?source=pqals
RS-MoRTH-S242-U3624,Road Transport & Highways,RS,,242,3624,Unstarred,2017-04-03,Motilal Vora,Accidents on National Highways,Accidents & Fatalities,https://sansad.in/getFile/annex/242/Au3624.docx?source=pqars
RS-MoRTH-S242-U3631,Road Transport & Highways,RS,,242,3631,Unstarred,2017-04-03,Derek O' Brien,Road accidents in the country,Accidents & Fatalities,https://sansad.in/getFile/annex/242/Au3631.docx?source=pqars
RS-MoRTH-S242-S332,Road Transport & Highways,RS,,242,332,Starred,2017-04-03,Bhupender Yadav,Standardization of procedure for issuing driving licences,Enforcement & Licensing,https://sansad.in/getFile/annex/242/As332.docx?source=pqars
RS-MoRTH-S242-U3614,Road Transport & Highways,RS,,242,3614,Unstarred,2017-04-03,C.M. Ramesh,Removal of black spots on NHs in Andhra Pradesh,Black Spots & Infrastructure,https://sansad.in/getFile/annex/242/Au3614.docx?source=pqars
RS-MoRTH-S242-U3630,Road Transport & Highways,RS,,242,3630,Unstarred,2017-04-03,Anubhav Mohanty,Measures to reduce accidents on expressways,Accidents & Fatalities,https://sansad.in/getFile/annex/242/Au3630.docx?source=pqars
LS16-Health-S11-U4909,Health & Family Welfare,LS,16,11,4909,Unstarred,2017-03-31,R. Vanaroja,Trauma Care Centres,Trauma Care & Compensation,https://sansad.in/getFile/loksabhaquestions/annex/11/AU4909.pdf?source=pqals
LS16-MoRTH-S11-U4817,Road Transport & Highways,LS,16,11,4817,Unstarred,2017-03-30,Maheish Girri,Mobile Apps for Road Safety,Road Safety (General),https://sansad.in/getFile/loksabhaquestions/annex/11/AU4817.pdf?source=pqals
LS16-MoRTH-S11-U4765,Road Transport & Highways,LS,16,11,4765,Unstarred,2017-03-30,Sanjay(kaka) Ramchandra Patil;Banshilal Mahto,Ambulances and Cranes on NHs,Trauma Care & Compensation,https://sansad.in/getFile/loksabhaquestions/annex/11/AU4765.pdf?source=pqals
LS16-MoRTH-S11-U4690,Road Transport & Highways,LS,16,11,4690,Unstarred,2017-03-30,Rajan Baburao Vichare,Sentencing Policy for Cases of Road Accident,Accidents & Fatalities;Road Safety Policy,https://sansad.in/getFile/loksabhaquestions/annex/11/AU4690.pdf?source=pqals
LS16-Heavy-S11-U4313,Heavy Industries,LS,16,11,4313,Unstarred,2017-03-28,Dushyant Singh,Automobile Safety Standards,Vehicle Safety Standards,https://sansad.in/getFile/loksabhaquestions/annex/11/AU4313.pdf?source=pqals
RS-MoRTH-S242-U2813,Road Transport & Highways,RS,,242,2813,Unstarred,2017-03-27,Kanwar Deep Singh,Death of young people in accidents,Accidents & Fatalities,https://sansad.in/getFile/annex/242/Au2813.docx?source=pqars
RS-MoRTH-S242-U2828,Road Transport & Highways,RS,,242,2828,Unstarred,2017-03-27,Bhupender Yadav,Accidents due to poor maintenance of roads,Accidents & Fatalities,https://sansad.in/getFile/annex/242/Au2828.docx?source=pqars
RS-MoRTH-S242-U2826,Road Transport & Highways,RS,,242,2826,Unstarred,2017-03-27,Selja,Increase in road accidents,Accidents & Fatalities,https://sansad.in/getFile/annex/242/Au2826.docx?source=pqars
RS-MoRTH-S242-U2814,Road Transport & Highways,RS,,242,2814,Unstarred,2017-03-27,Partap Singh Bajwa,Review of format for reporting road accidents,Accidents & Fatalities;Data & Reporting,https://sansad.in/getFile/annex/242/Au2814.docx?source=pqars
LS16-MoRTH-S11-S311,Road Transport & Highways,LS,16,11,311,Starred,2017-03-23,Poonam Mahajan,CSR Activities for Road Safety,Road Safety (General),https://sansad.in/getFile/loksabhaquestions/annex/11/AS311.pdf?source=pqals
LS16-MoRTH-S11-U3671,Road Transport & Highways,LS,16,11,3671,Unstarred,2017-03-23,T.G. Venkatesh Babu,Safety of Women in Public Transport,Road Safety (General),https://sansad.in/getFile/loksabhaquestions/annex/11/AU3671.pdf?source=pqals
LS16-MoRTH-S11-U3653,Road Transport & Highways,LS,16,11,3653,Unstarred,2017-03-23,Shivaji Adhalrao Patil;Ranjeet Ranjan;Anandrao Adsul,Black Spots,Black Spots & Infrastructure,https://sansad.in/getFile/loksabhaquestions/annex/11/AU3653.pdf?source=pqals
LS16-MoRTH-S11-U3598,Road Transport & Highways,LS,16,11,3598,Unstarred,2017-03-23,Bheemrao Baswanthrao Patil;Pinaki Misra;Ponnusamy Venugopal;Anurag Singh Thakur,Quality of Helmets,Vehicle Safety Standards,https://sansad.in/getFile/loksabhaquestions/annex/11/AU3598.pdf?source=pqals
LS16-MoRTH-S11-U3556,Road Transport & Highways,LS,16,11,3556,Unstarred,2017-03-23,Bahadur Singh Koli,Road Safety,Road Safety (General),https://sansad.in/getFile/loksabhaquestions/annex/11/AU3556.pdf?source=pqals
LS16-MoRTH-S11-U3525,Road Transport & Highways,LS,16,11,3525,Unstarred,2017-03-23,Savitri Thakur,Road Rage Incidents,Enforcement & Licensing,https://sansad.in/getFile/loksabhaquestions/annex/11/AU3525.pdf?source=pqals
LS16-MoRTH-S11-U3467,Road Transport & Highways,LS,16,11,3467,Unstarred,2017-03-23,Shashi Tharoor,Road Safety Bill,Road Safety (General);Road Safety Policy,https://sansad.in/getFile/loksabhaquestions/annex/11/AU3467.pdf?source=pqals
RS-MoRTH-S242-U2022,Road Transport & Highways,RS,,242,2022,Unstarred,2017-03-20,MOHD. Ali Khan,Bogus driving licences,Enforcement & Licensing,https://sansad.in/getFile/annex/242/Au2022.docx?source=pqars
RS-MoRTH-S242-U2003,Road Transport & Highways,RS,,242,2003,Unstarred,2017-03-20,Bhushan Lal Jangde,Driving training research institute and motor vehicles inspection and certification in Chhattisgarh,Motor Vehicles Act & Rules,https://sansad.in/getFile/annex/242/Au2003.docx?source=pqars
RS-MoRTH-S242-U2004,Road Transport & Highways,RS,,242,2004,Unstarred,2017-03-20,Thota Seetharama Lakshmi,Steps taken to reduce road accidents on National Highways,Accidents & Fatalities,https://sansad.in/getFile/annex/242/Au2004.docx?source=pqars
RS-MoRTH-S242-U2013,Road Transport & Highways,RS,,242,2013,Unstarred,2017-03-20,T. Rathinavel,Accidents due to poor visibility,Accidents & Fatalities,https://sansad.in/getFile/annex/242/Au2013.docx?source=pqars
LS16-Health-S11-U2684,Health & Family Welfare,LS,16,11,2684,Unstarred,2017-03-17,Sukhbir Singh Jaunpuria,Ambulance Services,Trauma Care & Compensation,https://sansad.in/getFile/loksabhaquestions/annex/11/AU2684.pdf?source=pqals
LS16-Health-S11-U2640,Health & Family Welfare,LS,16,11,2640,Unstarred,2017-03-17,Anoop Mishra,Expansion for AIIMS Trauma Centre,Trauma Care & Compensation,https://sansad.in/getFile/loksabhaquestions/annex/11/AU2640.pdf?source=pqals
LS16-MoRTH-S11-U2505,Road Transport & Highways,LS,16,11,2505,Unstarred,2017-03-16,Vijay Kumar S.R.;Sudheer Gupta;T. Radhakrishnan;Raksha Nikhil Khadse;Sunil Baliram Gaikwad;Ashok Shankarrao Chavan;Kunwar Haribansh Singh;Gajanan Chandrakant Kirtikar;Bidyut Baran Mahato,Road Safety Policy,Road Safety (General);Road Safety Policy,https://sansad.in/getFile/loksabhaquestions/annex/11/AU2505.pdf?source=pqals
LS16-MoRTH-S11-U2427,Road Transport & Highways,LS,16,11,2427,Unstarred,2017-03-16,Suresh Kodikunnil,Road Accident Data,Accidents & Fatalities;Data & Reporting,https://sansad.in/getFile/loksabhaquestions/annex/11/AU2427.pdf?source=pqals
LS16-MoRTH-S11-U2359,Road Transport & Highways,LS,16,11,2359,Unstarred,2017-03-16,Kirit Somaiya,Road Accidents on Delhi-Jaipur Highway,Accidents & Fatalities,https://sansad.in/getFile/loksabhaquestions/annex/11/AU2359.pdf?source=pqals
LS16-MoRTH-S11-U2339,Road Transport & Highways,LS,16,11,2339,Unstarred,2017-03-16,Kirti (jha) Azad,Target to Lower the Road Accidents,Accidents & Fatalities;Road Safety Policy,https://sansad.in/getFile/loksabhaquestions/annex/11/AU2339.pdf?source=pqals
LS16-MoRTH-S11-U2334,Road Transport & Highways,LS,16,11,2334,Unstarred,2017-03-16,Alok Sanjar,Road Accident near Settlements,Accidents & Fatalities,https://sansad.in/getFile/loksabhaquestions/annex/11/AU2334.pdf?source=pqals
LS16-Health-S11-S156,Health & Family Welfare,LS,16,11,156,Starred,2017-03-10,M. I. Shanavas,Air Ambulance Services,Trauma Care & Compensation,https://sansad.in/getFile/loksabhaquestions/annex/11/AS156.pdf?source=pqals
LS16-Health-S11-U1820,Health & Family Welfare,LS,16,11,1820,Unstarred,2017-03-10,Chandra Prakash Joshi,Patient Relief Fund for Air Ambulance Service,Trauma Care & Compensation,https://sansad.in/getFile/loksabhaquestions/annex/11/AU1820.pdf?source=pqals
LS16-MoRTH-S11-U1609,Road Transport & Highways,LS,16,11,1609,Unstarred,2017-03-09,Rattan Lal Kataria,Road Safety Policy,Road Safety (General);Road Safety Policy,https://sansad.in/getFile/loksabhaquestions/annex/11/AU1609.pdf?source=pqals
LS16-MoRTH-S11-U1583,Road Transport & Highways,LS,16,11,1583,Unstarred,2017-03-09,Rahul Kaswan,Road Safety,Road Safety (General),https://sansad.in/getFile/loksabhaquestions/annex/11/AU1583.pdf?source=pqals
LS16-MoRTH-S11-U1560,Road Transport & Highways,LS,16,11,1560,Unstarred,2017-03-09,Anandrao Adsul;Shivaji Adhalrao Patil;Shrirang Appa Barne;Chandrakant Bhaurao Khaire;Ramdas Chandrabhanji Tadas,Road Accidents,Accidents & Fatalities,https://sansad.in/getFile/loksabhaquestions/annex/11/AU1560.pdf?source=pqals
LS16-MoRTH-S11-U1469,Road Transport & Highways,LS,16,11,1469,Unstarred,2017-03-09,Anurag Singh Thakur,Road Designs,Black Spots & Infrastructure,https://sansad.in/getFile/loksabhaquestions/annex/11/AU1469.pdf?source=pqals
LS16-MoRTH-S11-U1383,Road Transport & Highways,LS,16,11,1383,Unstarred,2017-03-09,Parayamparanbil Kuttappan Biju,Speed Governors,Enforcement & Licensing,https://sansad.in/getFile/loksabhaquestions/annex/11/AU1383.pdf?source=pqals
LS16-MoRTH-S11-U1375,Road Transport & Highways,LS,16,11,1375,Unstarred,2017-02-09,Raksha Nikhil Khadse,Road Accidents due to Speed Breakers,Accidents & Fatalities,https://sansad.in/getFile/loksabhaquestions/annex/11/AU1375.pdf?source=pqals
LS16-MoRTH-S11-U1340,Road Transport & Highways,LS,16,11,1340,Unstarred,2017-02-09,Sunil Baliram Gaikwad;Jayakumar Jayavardhan;Bharatendra Singh;Heena Vijaykumar Gavit;Vijay Kumar S.R.;T. Radhakrishnan;Kunwar Haribansh Singh;Dhananjay Bhimrao Mahadik;Rajeev Shankarrao Satav;Pankaj Chowdhary;Vijaysinh Mohite Patil;Gajanan Chandrakant Kirtikar;Supriya Sadanand Sule,NCRB Data on Road Crashes,Accidents & Fatalities;Data & Reporting,https://sansad.in/getFile/loksabhaquestions/annex/11/AU1340.pdf?source=pqals
LS16-MoRTH-S11-U1311,Road Transport & Highways,LS,16,11,1311,Unstarred,2017-02-09,Rahul Ramesh Shewale,Data on Road Crashes,Accidents & Fatalities;Data & Reporting,https://sansad.in/getFile/loksabhaquestions/annex/11/AU1311.pdf?source=pqals
LS16-MoRTH-S11-U1244,Road Transport & Highways,LS,16,11,1244,Unstarred,2017-02-09,Anirudhan Sampath,Rights of Pedestrian,Pedestrian Safety,https://sansad.in/getFile/loksabhaquestions/annex/11/AU1244.pdf?source=pqals
LS16-MoRTH-S11-U1188,Road Transport & Highways,LS,16,11,1188,Unstarred,2017-02-09,A. Arunmozhithevan;Elumalai Vellaigounder,Road Marking and Signage,Black Spots & Infrastructure,https://sansad.in/getFile/loksabhaquestions/annex/11/AU1188.pdf?source=pqals
RS-MoRTH-S242-U417,Road Transport & Highways,RS,,242,417,Unstarred,2017-02-06,Ajay Sancheti,Steps to reduce road accidents,Accidents & Fatalities,https://sansad.in/getFile/annex/242/Au417.docx?source=pqars
RS-MoRTH-S242-U423,Road Transport & Highways,RS,,242,423,Unstarred,2017-02-06,Narayan Lal Panchariya,Cashless treatment to road accident victims,Accidents & Fatalities;Trauma Care & Compensation,https://sansad.in/getFile/annex/242/Au423.docx?source=pqars
RS-MoRTH-S242-U426,Road Transport & Highways,RS,,242,426,Unstarred,2017-02-06,K. R. Arjunan,Hike in fees for driving licences etc.,Enforcement & Licensing,https://sansad.in/getFile/annex/242/Au426.docx?source=pqars
RS-MoRTH-S242-U421,Road Transport & Highways,RS,,242,421,Unstarred,2017-02-06,Mohammed Nadimul Haque,Penalising pedestrians for violation of traffic rules,Pedestrian Safety;Enforcement & Licensing,https://sansad.in/getFile/annex/242/Au421.docx?source=pqars
RS-MoRTH-S242-U415,Road Transport & Highways,RS,,242,415,Unstarred,2017-02-06,P.L. Punia,Opposition to automation of vehicle fitness centres and hike in other charges,Vehicle Safety Standards,https://sansad.in/getFile/annex/242/Au415.docx?source=pqars
RS-MoRTH-S242-U430,Road Transport & Highways,RS,,242,430,Unstarred,2017-02-06,A. Vijayakumar,Speed governors in public transport,Enforcement & Licensing,https://sansad.in/getFile/annex/242/Au430.docx?source=pqars
LS16-Health-S11-U377,Health & Family Welfare,LS,16,11,377,Unstarred,2017-02-03,Adhikari Dibyendu,Cardiac/Trauma Care in Rural Areas,Trauma Care & Compensation,https://sansad.in/getFile/loksabhaquestions/annex/11/AU377.pdf?source=pqals
LS16-MoRTH-S11-U183,Road Transport & Highways,LS,16,11,183,Unstarred,2017-02-02,Chandu Lal Sahu;Om Birla,Number of Deaths on National Highways,Accidents & Fatalities;Data & Reporting,https://sansad.in/getFile/loksabhaquestions/annex/11/AU183.pdf?source=pqals
LS16-MoRTH-S11-U182,Road Transport & Highways,LS,16,11,182,Unstarred,2017-02-02,Rodmal Nagar,Road Accidents on Under Construction Highways,Accidents & Fatalities,https://sansad.in/getFile/loksabhaquestions/annex/11/AU182.pdf?source=pqals
LS16-MoRTH-S11-U169,Road Transport & Highways,LS,16,11,169,Unstarred,2017-02-02,Sanjay Shamrao Dhotre;Rahul Ramesh Shewale;Satya Pal Singh,Accident Prone Spots,Accidents & Fatalities,https://sansad.in/getFile/loksabhaquestions/annex/11/AU169.pdf?source=pqals
LS16-MoRTH-S11-U125,Road Transport & Highways,LS,16,11,125,Unstarred,2017-02-02,Bhartruhari Mahtab,Cashless Treatment of Accident Victims,Accidents & Fatalities;Trauma Care & Compensation,https://sansad.in/getFile/loksabhaquestions/annex/11/AU125.pdf?source=pqals
LS16-MoRTH-S11-U108,Road Transport & Highways,LS,16,11,108,Unstarred,2017-02-02,Jitendra Chaudhury,Accidents Caused by Large Vehicles,Accidents & Fatalities,https://sansad.in/getFile/loksabhaquestions/annex/11/AU108.pdf?source=pqals
LS16-MoRTH-S11-U84,Road Transport & Highways,LS,16,11,84,Unstarred,2017-02-02,Vijaysinh Mohite Patil;Dhananjay Bhimrao Mahadik;Rajeev Shankarrao Satav,Mobile Application for Road Safety,Road Safety (General),https://sansad.in/getFile/loksabhaquestions/annex/11/AU84.pdf?source=pqals
LS16-MoRTH-S11-U78,Road Transport & Highways,LS,16,11,78,Unstarred,2017-02-02,Gopalakrishnan Chinnaraj;Nagarajan P.;G. Hari;R. Gopalakrishnan,Driving Licence and Fitness Certificate Fee,Vehicle Safety Standards;Enforcement & Licensing,https://sansad.in/getFile/loksabhaquestions/annex/11/AU78.pdf?source=pqals
LS16-MoRTH-S11-U74,Road Transport & Highways,LS,16,11,74,Unstarred,2017-02-02,Ponguleti Srinivasa Reddy,Road Accidents,Accidents & Fatalities,https://sansad.in/getFile/loksabhaquestions/annex/11/AU74.pdf?source=pqals
LS16-MoRTH-S11-U8,Road Transport & Highways,LS,16,11,8,Unstarred,2017-02-02,"Kirit Premjibhai Solanki;Baijayant ""jay"" Panda",Road Accidents due to Potholes,Accidents & Fatalities,https://sansad.in/getFile/loksabhaquestions/annex/11/AU8.pdf?source=pqals
LS16-MoRTH-S11-U6,Road Transport & Highways,LS,16,11,6,Unstarred,2017-02-02,Anurag Singh Thakur,Vehicle Fitness Centre,Vehicle Safety Standards,https://sansad.in/getFile/loksabhaquestions/annex/11/AU6.pdf?source=pqals
LS16-MoRTH-S10-U4826,Road Transport & Highways,LS,16,10,4826,Unstarred,2016-12-15,Kristappa Nimmala,Road Safety Programme in Andhra Pradesh,Road Safety (General);Road Safety Policy,https://sansad.in/getFile/loksabhaquestions/annex/10/AU4826.pdf?source=pqals
LS16-MoRTH-S10-U4664,Road Transport & Highways,LS,16,10,4664,Unstarred,2016-12-15,Rajan Baburao Vichare,Road Transport and Safety Bill,Road Safety Policy,https://sansad.in/getFile/loksabhaquestions/annex/10/AU4664.pdf?source=pqals
RS-MoRTH-S241-S278,Road Transport & Highways,RS,,241,278,Starred,2016-12-12,Ambika Soni,Reducing of road accidents,Accidents & Fatalities,https://sansad.in/getFile/annex/241/As278.docx?source=pqars
RS-MoRTH-S241-U2974,Road Transport & Highways,RS,,241,2974,Unstarred,2016-12-12,A. K. Selvaraj,Delay in issue of driving licences,Enforcement & Licensing,https://sansad.in/getFile/annex/241/Au2974.docx?source=pqars
LS16-MoRTH-S10-U3847,Road Transport & Highways,LS,16,10,3847,Unstarred,2016-12-08,M. K. Raghavan,Accidents Involving Government Vehicles,Accidents & Fatalities,https://sansad.in/getFile/loksabhaquestions/annex/10/AU3847.pdf?source=pqals
LS16-MoRTH-S10-U3828,Road Transport & Highways,LS,16,10,3828,Unstarred,2016-12-08,Rangaswamy Dhruvanarayana;Bheemrao Baswanthrao Patil,Pedestarian Deaths,Accidents & Fatalities,https://sansad.in/getFile/loksabhaquestions/annex/10/AU3828.pdf?source=pqals
LS16-MoRTH-S10-U3795,Road Transport & Highways,LS,16,10,3795,Unstarred,2016-12-08,E. T. Mohammed Basheer,Database on Safety Related Issues,Road Safety (General),https://sansad.in/getFile/loksabhaquestions/annex/10/AU3795.pdf?source=pqals
LS16-MoRTH-S10-U3778,Road Transport & Highways,LS,16,10,3778,Unstarred,2016-12-08,Dushyant Chautala,Mismanagement of Ambulance Network,Trauma Care & Compensation,https://sansad.in/getFile/loksabhaquestions/annex/10/AU3778.pdf?source=pqals
LS16-MoRTH-S10-U3724,Road Transport & Highways,LS,16,10,3724,Unstarred,2016-12-08,Ajay (teni) Misra,Adherence to Traffic Rules,Enforcement & Licensing,https://sansad.in/getFile/loksabhaquestions/annex/10/AU3724.pdf?source=pqals
RS-MoRTH-S241-U2191,Road Transport & Highways,RS,,241,2191,Unstarred,2016-12-05,Kapil Sibal,Financial assistance to road accident victims,Accidents & Fatalities;Trauma Care & Compensation,https://sansad.in/getFile/annex/241/Au2191.docx?source=pqars
RS-MoRTH-S241-U2186,Road Transport & Highways,RS,,241,2186,Unstarred,2016-12-05,Shantaram Naik,Accidents on National Highways,Accidents & Fatalities,https://sansad.in/getFile/annex/241/Au2186.docx?source=pqars
RS-MoRTH-S241-U2190,Road Transport & Highways,RS,,241,2190,Unstarred,2016-12-05,Husain Dalwai,Under reporting of road accidents,Accidents & Fatalities;Data & Reporting,https://sansad.in/getFile/annex/241/Au2190.docx?source=pqars
LS16-Health-S10-S241,Health & Family Welfare,LS,16,10,241,Starred,2016-12-02,Ramesh Bidhuri;Jitendra Chaudhury,Ambulance Service,Trauma Care & Compensation,https://sansad.in/getFile/loksabhaquestions/annex/10/AS241.pdf?source=pqals
LS16-MoRTH-S10-U2618,Road Transport & Highways,LS,16,10,2618,Unstarred,2016-12-01,Asaduddin Owaisi,Ambulance with Basic Facilities,Trauma Care & Compensation,https://sansad.in/getFile/loksabhaquestions/annex/10/AU2618.pdf?source=pqals
LS16-MoRTH-S10-U2589,Road Transport & Highways,LS,16,10,2589,Unstarred,2016-12-01,Sankar Prasad Datta,Colour Scheme to Prevent Road Accidents,Accidents & Fatalities;Road Safety Policy,https://sansad.in/getFile/loksabhaquestions/annex/10/AU2589.pdf?source=pqals
LS16-MoRTH-S10-U2587,Road Transport & Highways,LS,16,10,2587,Unstarred,2016-12-01,Gowdar Mallikarjunappa Siddeshwara,Fixing Speed Limit on NHs,Road Safety (General),https://sansad.in/getFile/loksabhaquestions/annex/10/AU2587.pdf?source=pqals
RS-Health-S241-U1573,Health & Family Welfare,RS,,241,1573,Unstarred,2016-11-29,K.K. Ragesh,Nationwide Emergency Medical Services,Trauma Care & Compensation,https://sansad.in/getFile/annex/241/Au1573.pdf?source=pqars
LS16-Heavy-S10-U2166,Heavy Industries,LS,16,10,2166,Unstarred,2016-11-29,Hari Babu Kambhampati,NCAP Tests,Vehicle Safety Standards,https://sansad.in/getFile/loksabhaquestions/annex/10/AU2166.pdf?source=pqals
RS-MoRTH-S241-U1389,Road Transport & Highways,RS,,241,1389,Unstarred,2016-11-28,Tiruchi Siva,Cases of animals killed by speeding vehicles,Accidents & Fatalities,https://sansad.in/getFile/annex/241/Au1389.docx?source=pqars
RS-MoRTH-S241-U1395,Road Transport & Highways,RS,,241,1395,Unstarred,2016-11-28,Derek O' Brien,Protection to good samaritans,Trauma Care & Compensation,https://sansad.in/getFile/annex/241/Au1395.docx?source=pqars
RS-MoRTH-S241-U1381,Road Transport & Highways,RS,,241,1381,Unstarred,2016-11-28,Lal Sinh Vadodia,Road safety audit,Road Safety (General),https://sansad.in/getFile/annex/241/Au1381.docx?source=pqars
LS16-Health-S10-U1737,Health & Family Welfare,LS,16,10,1737,Unstarred,2016-11-25,George Baker,Pan India Trauma Care Network,Trauma Care & Compensation,https://sansad.in/getFile/loksabhaquestions/annex/10/AU1737.pdf?source=pqals
LS16-Health-S10-U1659,Health & Family Welfare,LS,16,10,1659,Unstarred,2016-11-25,K C Venugopal,Protection of Good Samaritans,Trauma Care & Compensation,https://sansad.in/getFile/loksabhaquestions/annex/10/AU1659.pdf?source=pqals
LS16-MoRTH-S10-U1609,Road Transport & Highways,LS,16,10,1609,Unstarred,2016-11-24,Rangaswamy Dhruvanarayana,Amendment to Central Motor Vehicles Act,Motor Vehicles Act & Rules,https://sansad.in/getFile/loksabhaquestions/annex/10/AU1609.pdf?source=pqals
LS16-MoRTH-S10-U1607,Road Transport & Highways,LS,16,10,1607,Unstarred,2016-11-24,Anirudhan Sampath;Jayadev Galla,Percentage of Pedestrian,Pedestrian Safety,https://sansad.in/getFile/loksabhaquestions/annex/10/AU1607.pdf?source=pqals
LS16-MoRTH-S10-U1588,Road Transport & Highways,LS,16,10,1588,Unstarred,2016-11-24,V. Sathyabama;K. Ashok Kumar,Issuance of Licence for Drivers and Prevention of Traffic Violation,Enforcement & Licensing,https://sansad.in/getFile/loksabhaquestions/annex/10/AU1588.pdf?source=pqals
LS16-MoRTH-S10-U1537,Road Transport & Highways,LS,16,10,1537,Unstarred,2016-11-24,Janardan Singh Sigriwal,Ranking of NH through Consumer Satisfaction Index,Data & Reporting,https://sansad.in/getFile/loksabhaquestions/annex/10/AU1537.pdf?source=pqals
LS16-MoRTH-S10-U1386,Road Transport & Highways,LS,16,10,1386,Unstarred,2016-11-24,Kinjarapu Ram Mohan Naidu,Highways Damaged due to Overloaded Trucks,Enforcement & Licensing,https://sansad.in/getFile/loksabhaquestions/annex/10/AU1386.pdf?source=pqals
LS16-Heavy-S10-U1007,Heavy Industries,LS,16,10,1007,Unstarred,2016-11-22,Subhash Patel,Safety Standards for Cars,Vehicle Safety Standards,https://sansad.in/getFile/loksabhaquestions/annex/10/AU1007.pdf?source=pqals
RS-MoRTH-S241-U588,Road Transport & Highways,RS,,241,588,Unstarred,2016-11-21,Husain Dalwai,Accidents on National Highways,Accidents & Fatalities,https://sansad.in/getFile/annex/241/?source=pqars
RS-MoRTH-S241-U577,Road Transport & Highways,RS,,241,577,Unstarred,2016-11-21,Kiranmay Nanda,Funds for road safety,Road Safety (General),https://sansad.in/getFile/annex/241/?source=pqars
RS-MoRTH-S241-U592,Road Transport & Highways,RS,,241,592,Unstarred,2016-11-21,Ritabrata Banerjee,Participation of States in GoM on Motor Vehicles (Amendment) Bill,Road Safety Policy;Motor Vehicles Act & Rules,https://sansad.in/getFile/annex/241/?source=pqars
RS-MoRTH-S241-U593,Road Transport & Highways,RS,,241,593,Unstarred,2016-11-21,Ram Kumar Kashyap,People killed in road accidents,Accidents & Fatalities,https://sansad.in/getFile/annex/241/?source=pqars
LS16-Health-S10-S52,Health & Family Welfare,LS,16,10,52,Starred,2016-11-18,"Baijayant ""jay"" Panda;Anoop Mishra",Nationwide Trauma Registry,Trauma Care & Compensation,https://sansad.in/getFile/loksabhaquestions/annex/10/AS52.pdf?source=pqals
LS16-MoRTH-S10-S21,Road Transport & Highways,LS,16,10,21,Starred,2016-11-17,Supriya Sadanand Sule;Vijaysinh Mohite Patil,Accident Prone Zones,Accidents & Fatalities,https://sansad.in/getFile/loksabhaquestions/annex/10/AS21.pdf?source=pqals
LS16-MoRTH-S10-U413,Road Transport & Highways,LS,16,10,413,Unstarred,2016-11-17,Kinjarapu Ram Mohan Naidu,Hike in Fees for Renewal of Driving Licences,Enforcement & Licensing,https://sansad.in/getFile/loksabhaquestions/annex/10/AU413.pdf?source=pqals
LS16-MoRTH-S10-U385,Road Transport & Highways,LS,16,10,385,Unstarred,2016-11-17,Ram Charitra,Road Safety,Road Safety (General),https://sansad.in/getFile/loksabhaquestions/annex/10/AU385.pdf?source=pqals
LS16-MoRTH-S10-U348,Road Transport & Highways,LS,16,10,348,Unstarred,2016-11-17,Om Birla;Jagdambika Pal;Ajay (teni) Misra;Neelam Sonker;Rajendra Agrawal;M. I. Shanavas;Ponguleti Srinivasa Reddy,Road Accidents,Accidents & Fatalities,https://sansad.in/getFile/loksabhaquestions/annex/10/AU348.pdf?source=pqals
LS16-MoRTH-S10-U341,Road Transport & Highways,LS,16,10,341,Unstarred,2016-11-17,Anto Antony,"Amendment of Motor Vehicle Act, 1988",Motor Vehicles Act & Rules,https://sansad.in/getFile/loksabhaquestions/annex/10/AU341.pdf?source=pqals
LS16-MoRTH-S10-U287,Road Transport & Highways,LS,16,10,287,Unstarred,2016-11-17,C.S. Puttaraju,WHO Report and Road Safety in India,Road Safety (General);Data & Reporting,https://sansad.in/getFile/loksabhaquestions/annex/10/AU287.pdf?source=pqals
LS16-MoRTH-S10-U235,Road Transport & Highways,LS,16,10,235,Unstarred,2016-11-17,C. Mahendran,Government Assistance for Road Crash Victims,Accidents & Fatalities;Trauma Care & Compensation,https://sansad.in/getFile/loksabhaquestions/annex/10/AU235.pdf?source=pqals
LS16-Health-S9-U4488,Health & Family Welfare,LS,16,9,4488,Unstarred,2016-08-12,Muthamsetti Srinivasa Rao (avnthi);Dushyant Singh,Guidelines for Ambulances,Trauma Care & Compensation,https://sansad.in/getFile/loksabhaquestions/annex/9/AU4488.pdf?source=pqals
LS16-MoRTH-S9-U4270,Road Transport & Highways,LS,16,9,4270,Unstarred,2016-08-11,Dhananjay Bhimrao Mahadik;Mansukhbhai Dhanjibhai Vasava;Harishchandra Deoram Chavan;Supriya Sadanand Sule;Heena Vijaykumar Gavit;Sunil Kumar Mondal;Riti Pathak;Vasanthi M.;Jayakumar Jayavardhan;Rabindra Kumar Jena;Lallu Singh;R. Vanaroja;Rajendra Agrawal,Road Accidents,Accidents & Fatalities,https://sansad.in/getFile/loksabhaquestions/annex/9/AU4270.pdf?source=pqals
LS16-MoRTH-S9-U4269,Road Transport & Highways,LS,16,9,4269,Unstarred,2016-08-11,Kalyan Banerjee;Bheemrao Baswanthrao Patil;Subhash Patel,Safety Standards for Vehicles,Vehicle Safety Standards,https://sansad.in/getFile/loksabhaquestions/annex/9/AU4269.pdf?source=pqals
RS-Health-S240-U2558,Health & Family Welfare,RS,,240,2558,Unstarred,2016-08-09,Parvez Hashmi,Trauma Centres along National Highways,Trauma Care & Compensation,https://sansad.in/getFile/annex/240/Au2558.pdf?source=pqars
RS-MoRTH-S240-U2400,Road Transport & Highways,RS,,240,2400,Unstarred,2016-08-08,Naresh Gujral,Accidents at National Express Highways,Accidents & Fatalities,https://sansad.in/getFile/annex/240/Au2400.docx?source=pqars
RS-MoRTH-S240-U2402,Road Transport & Highways,RS,,240,2402,Unstarred,2016-08-08,P. Bhattacharya,Road safety awareness,Road Safety (General),https://sansad.in/getFile/annex/240/Au2402.docx?source=pqars
RS-MoRTH-S240-U2405,Road Transport & Highways,RS,,240,2405,Unstarred,2016-08-08,C.M. Ramesh,Road Safety Bill,Road Safety (General);Road Safety Policy,https://sansad.in/getFile/annex/240/Au2405.docx?source=pqars
LS16-Health-S9-U3411,Health & Family Welfare,LS,16,9,3411,Unstarred,2016-08-05,Sharad Tripathi,Emergency Medical Transportation Facility,Trauma Care & Compensation,https://sansad.in/getFile/loksabhaquestions/annex/9/AU3411.pdf?source=pqals
LS16-MoRTH-S9-U3217,Road Transport & Highways,LS,16,9,3217,Unstarred,2016-08-04,Shashi Tharoor,Road Safety Audit,Road Safety (General),https://sansad.in/getFile/loksabhaquestions/annex/9/AU3217.pdf?source=pqals
LS16-MoRTH-S9-U3216,Road Transport & Highways,LS,16,9,3216,Unstarred,2016-08-04,B.V. Nayak;S.P. Muddahanumegowda,National Road Safety and Management System,Road Safety (General);Road Safety Policy,https://sansad.in/getFile/loksabhaquestions/annex/9/AU3216.pdf?source=pqals
LS16-MoRTH-S9-U3210,Road Transport & Highways,LS,16,9,3210,Unstarred,2016-08-04,Shrirang Appa Barne;R. Vanaroja;Vinayak Bhaurao Raut;Shivaji Adhalrao Patil;Dharmendra Yadav;Anandrao Adsul;Shrikant Eknath Shinde,New Vehicle Safety Assessment Programme,Road Safety Policy;Vehicle Safety Standards,https://sansad.in/getFile/loksabhaquestions/annex/9/AU3210.pdf?source=pqals
RS-Health-S240-U1792,Health & Family Welfare,RS,,240,1792,Unstarred,2016-08-02,Selja,Nationwide trauma registry,Trauma Care & Compensation,https://sansad.in/getFile/annex/240/Au1792.pdf?source=pqars
RS-MoRTH-S240-U1605,Road Transport & Highways,RS,,240,1605,Unstarred,2016-08-01,Rajkumar Dhoot,Treating road accident deaths as murder,Accidents & Fatalities,https://sansad.in/getFile/annex/240/Au1605.docx?source=pqars
RS-MoRTH-S240-U1609,Road Transport & Highways,RS,,240,1609,Unstarred,2016-08-01,Selja,Road safety guidelines for construction of roads,Road Safety (General),https://sansad.in/getFile/annex/240/Au1609.docx?source=pqars
LS16-MoRTH-S9-U1963,Road Transport & Highways,LS,16,9,1963,Unstarred,2016-07-28,Dhananjay Bhimrao Mahadik;Vijaysinh Mohite Patil;Heena Vijaykumar Gavit;Jayakumar Jayavardhan;Balasubramaniam Senguttuvan,Drunken Driving,Drunk/Drink Driving,https://sansad.in/getFile/loksabhaquestions/annex/9/AU1963.pdf?source=pqals
LS16-MoRTH-S9-U1944,Road Transport & Highways,LS,16,9,1944,Unstarred,2016-07-28,Raosaheb Patil Danve,Drunken Driving Challan,Drunk/Drink Driving;Enforcement & Licensing,https://sansad.in/getFile/loksabhaquestions/annex/9/AU1944.pdf?source=pqals
LS16-MoRTH-S9-U1930,Road Transport & Highways,LS,16,9,1930,Unstarred,2016-07-28,Raksha Nikhil Khadse,Road Accidents,Accidents & Fatalities,https://sansad.in/getFile/loksabhaquestions/annex/9/AU1930.pdf?source=pqals
RS-Health-S240-S96,Health & Family Welfare,RS,,240,96,Starred,2016-07-26,Anil Desai,AIIMSs report on facilities in ambulances,Trauma Care & Compensation;Data & Reporting,https://sansad.in/getFile/annex/240/As96.pdf?source=pqars
RS-MoRTH-S240-U795,Road Transport & Highways,RS,,240,795,Unstarred,2016-07-25,Vivek Gupta,Safety measures on National Highways,Road Safety (General),https://sansad.in/getFile/annex/240/Au795.docx?source=pqars
RS-MoRTH-S240-U798,Road Transport & Highways,RS,,240,798,Unstarred,2016-07-25,Sanjiv Kumar,Steps to reduce fatal road accidents,Accidents & Fatalities,https://sansad.in/getFile/annex/240/Au798.docx?source=pqars
LS16-Health-S9-U994,Health & Family Welfare,LS,16,9,994,Unstarred,2016-07-22,Hari Manjhi,Ambulance Services in Rural Area,Trauma Care & Compensation,https://sansad.in/getFile/loksabhaquestions/annex/9/AU994.pdf?source=pqals
LS16-MoRTH-S9-U899,Road Transport & Highways,LS,16,9,899,Unstarred,2016-07-21,Ramdas Chandrabhanji Tadas;Dushyant Singh;Jitendra Chaudhury;Rangaswamy Dhruvanarayana;Poonam Mahajan;Dushyant Chautala;Kalikesh Narayan Singh Deo;Sanjay Haribhau Jadhav;Neelam Sonker;Raghav Lakhanpal;Shivkumar Chanabasappa Udasi,Road Accidents,Accidents & Fatalities,https://sansad.in/getFile/loksabhaquestions/annex/9/AU899.pdf?source=pqals
LS16-MoRTH-S9-U818,Road Transport & Highways,LS,16,9,818,Unstarred,2016-07-21,Rekha Arun Verma,Provision of Cranes and Ambulances on NHs,Road Safety Policy;Trauma Care & Compensation,https://sansad.in/getFile/loksabhaquestions/annex/9/AU818.pdf?source=pqals
RS-MoRTH-S240-U93,Road Transport & Highways,RS,,240,93,Unstarred,2016-07-18,Ambika Soni,Rise in road accidents and fatalities,Accidents & Fatalities,https://sansad.in/getFile/annex/240/Au93.docx?source=pqars
RS-MoRTH-S240-U100,Road Transport & Highways,RS,,240,100,Unstarred,2016-07-18,T.K. Rangarajan,Reducing road accidents,Accidents & Fatalities,https://sansad.in/getFile/annex/240/Au100.docx?source=pqars
RS-MoRTH-S240-S10,Road Transport & Highways,RS,,240,10,Starred,2016-07-18,Prabhakar Kore,Minimising road accidents and deaths,Accidents & Fatalities,https://sansad.in/getFile/annex/240/As10.docx?source=pqars
RS-MoRTH-S240-U88,Road Transport & Highways,RS,,240,88,Unstarred,2016-07-18,Devender Goud T.,Removal of black spots from NHs in Telangana,Black Spots & Infrastructure,https://sansad.in/getFile/annex/240/Au88.docx?source=pqars
RS-MoRTH-S240-U91,Road Transport & Highways,RS,,240,91,Unstarred,2016-07-18,Ranjib Biswal,Funds for road safety,Road Safety (General),https://sansad.in/getFile/annex/240/Au91.docx?source=pqars
RS-MoRTH-S240-U89,Road Transport & Highways,RS,,240,89,Unstarred,2016-07-18,T. Rathinavel,Installation of safety devices on public transport vehicles,Vehicle Safety Standards,https://sansad.in/getFile/annex/240/Au89.docx?source=pqars
LS16-Heavy-S8-U2750,Heavy Industries,LS,16,8,2750,Unstarred,2016-05-10,Ninong Ering,Vehicle Recall Policy,Road Safety Policy;Vehicle Safety Standards,https://sansad.in/getFile/loksabhaquestions/annex/8/AU2750.pdf?source=pqals
RS-MoRTH-S239-U1688,Road Transport & Highways,RS,,239,1688,Unstarred,2016-05-09,K. Keshava Rao,Deaths due to headlight glare,Accidents & Fatalities,https://sansad.in/getFile/annex/239/Au1688.docx?source=pqars
RS-MoRTH-S239-S152,Road Transport & Highways,RS,,239,152,Starred,2016-05-09,Vijay Goel,Rights of pedestrians,Pedestrian Safety,https://sansad.in/getFile/annex/239/As152.docx?source=pqars
RS-MoRTH-S239-U1693,Road Transport & Highways,RS,,239,1693,Unstarred,2016-05-09,T. Rathinavel,Safety measures on National Highways,Road Safety (General),https://sansad.in/getFile/annex/239/Au1693.docx?source=pqars
RS-MoRTH-S239-U1700,Road Transport & Highways,RS,,239,1700,Unstarred,2016-05-09,Narendra Kumar Swain,Rise in road accidents,Accidents & Fatalities,https://sansad.in/getFile/annex/239/Au1700.docx?source=pqars
LS16-MoRTH-S8-U1978,Road Transport & Highways,LS,16,8,1978,Unstarred,2016-05-05,Ninong Ering,Accident Investigation System,Accidents & Fatalities,https://sansad.in/getFile/loksabhaquestions/annex/8/AU1978.pdf?source=pqals
LS16-MoRTH-S8-U1929,Road Transport & Highways,LS,16,8,1929,Unstarred,2016-05-05,Raksha Nikhil Khadse,Black Spots on Roads,Black Spots & Infrastructure,https://sansad.in/getFile/loksabhaquestions/annex/8/AU1929.pdf?source=pqals
LS16-MoRTH-S8-U1878,Road Transport & Highways,LS,16,8,1878,Unstarred,2016-05-05,Balasubramaniam Senguttuvan,Accident of Animals on NHs,Accidents & Fatalities,https://sansad.in/getFile/loksabhaquestions/annex/8/AU1878.pdf?source=pqals
LS16-MoRTH-S8-U1868,Road Transport & Highways,LS,16,8,1868,Unstarred,2016-05-05,Naramalli Sivaprasad,Road Accidents in Andhra Pradesh,Accidents & Fatalities,https://sansad.in/getFile/loksabhaquestions/annex/8/AU1868.pdf?source=pqals
LS16-MoRTH-S8-U1847,Road Transport & Highways,LS,16,8,1847,Unstarred,2016-05-05,Maulana Badruddin Ajmal,Legislation to Prevent Road Accidents,Accidents & Fatalities,https://sansad.in/getFile/loksabhaquestions/annex/8/AU1847.pdf?source=pqals
RS-MoRTH-S239-U903,Road Transport & Highways,RS,,239,903,Unstarred,2016-05-02,Renuka Chowdhury,Compliance with international standards for safety by vehicle manufacturers,Road Safety (General),https://sansad.in/getFile/annex/239/Au903.docx?source=pqars
RS-MoRTH-S239-U902,Road Transport & Highways,RS,,239,902,Unstarred,2016-05-02,Vijaylaxmi Sadho,Accidents due to overloaded vehicles,Accidents & Fatalities;Enforcement & Licensing,https://sansad.in/getFile/annex/239/Au902.docx?source=pqars
RS-MoRTH-S239-U883,Road Transport & Highways,RS,,239,883,Unstarred,2016-05-02,Husain Dalwai,Reducing road accidents,Accidents & Fatalities,https://sansad.in/getFile/annex/239/Au883.docx?source=pqars
RS-MoRTH-S239-U882,Road Transport & Highways,RS,,239,882,Unstarred,2016-05-02,R. Lakshmanan,Operationalising of call centres for accident victims,Accidents & Fatalities;Trauma Care & Compensation,https://sansad.in/getFile/annex/239/Au882.docx?source=pqars
RS-MoRTH-S239-S82,Road Transport & Highways,RS,,239,82,Starred,2016-05-02,Kahkashan Perween,Accidents due to drunken driving,Accidents & Fatalities;Drunk/Drink Driving,https://sansad.in/getFile/annex/239/As82.docx?source=pqars
RS-MoRTH-S239-U912,Road Transport & Highways,RS,,239,912,Unstarred,2016-05-02,Mohammed Nadimul Haque,Action to reduce road accidents,Accidents & Fatalities,https://sansad.in/getFile/annex/239/Au912.docx?source=pqars
RS-MoRTH-S239-U893,Road Transport & Highways,RS,,239,893,Unstarred,2016-05-02,Anubhav Mohanty,Measures to curb road rage incidents,Enforcement & Licensing,https://sansad.in/getFile/annex/239/Au893.docx?source=pqars
LS16-Health-S8-U928,Health & Family Welfare,LS,16,8,928,Unstarred,2016-04-29,Anto Antony,Trauma Care Centre on National Highways,Trauma Care & Compensation,https://sansad.in/getFile/loksabhaquestions/annex/8/AU928.pdf?source=pqals
LS16-MoRTH-S8-U885,Road Transport & Highways,LS,16,8,885,Unstarred,2016-04-28,Subhash Ramrao Bhamre,Black Spot Campaign,Black Spots & Infrastructure,https://sansad.in/getFile/loksabhaquestions/annex/8/AU885.pdf?source=pqals
LS16-MoRTH-S8-U861,Road Transport & Highways,LS,16,8,861,Unstarred,2016-04-28,Ashok Shankarrao Chavan;Bidyut Baran Mahato,Foot Overbridges to Reduce Road Accidents,Accidents & Fatalities;Black Spots & Infrastructure;Pedestrian Safety,https://sansad.in/getFile/loksabhaquestions/annex/8/AU861.pdf?source=pqals
LS16-MoRTH-S8-U723,Road Transport & Highways,LS,16,8,723,Unstarred,2016-04-28,Vishnu Dayal Ram,Axle Load Rules for Overloading,Enforcement & Licensing,https://sansad.in/getFile/loksabhaquestions/annex/8/AU723.pdf?source=pqals
LS16-MoRTH-S8-U714,Road Transport & Highways,LS,16,8,714,Unstarred,2016-04-28,(retd) Bhuwan Chandra Khanduri Avsm;P.R. Sundaram,e-Challans to Drivers,Enforcement & Licensing,https://sansad.in/getFile/loksabhaquestions/annex/8/AU714.pdf?source=pqals
LS16-MoRTH-S8-U711,Road Transport & Highways,LS,16,8,711,Unstarred,2016-04-28,Sumedhanand Saraswati;Ashwini Kumar Choubey,Setting up of Call Centres for Accident Victims on NHs,Accidents & Fatalities;Trauma Care & Compensation,https://sansad.in/getFile/loksabhaquestions/annex/8/AU711.pdf?source=pqals
RS-Heavy-S239-U506,Heavy Industries,RS,,239,506,Unstarred,2016-04-28,Renuka Chowdhury,International safety standards for new vehicles,Vehicle Safety Standards,https://sansad.in/getFile/annex/239/Au506.pdf?source=pqars
RS-MoRTH-S239-U79,Road Transport & Highways,RS,,239,79,Unstarred,2016-04-25,Renuka Chowdhury,Stricter emission norms for two wheelers,Road Safety (General),https://sansad.in/getFile/annex/239/Au79.docx?source=pqars
RS-MoRTH-S239-U106,Road Transport & Highways,RS,,239,106,Unstarred,2016-04-25,Husain Dalwai,Consultation with States on draft Road Transport and Safety Bill,Road Safety Policy,https://sansad.in/getFile/annex/239/Au106.docx?source=pqars
RS-MoRTH-S239-U84,Road Transport & Highways,RS,,239,84,Unstarred,2016-04-25,A.U. Singh Deo,Loss caused due to road accidents,Accidents & Fatalities,https://sansad.in/getFile/annex/239/Au84.docx?source=pqars
RS-MoRTH-S239-U89,Road Transport & Highways,RS,,239,89,Unstarred,2016-04-25,Mohammed Nadimul Haque,Accidents caused by animals on national highways,Accidents & Fatalities,https://sansad.in/getFile/annex/239/Au89.docx?source=pqars
LS16-Heavy-S7-S254,Heavy Industries,LS,16,7,254,Starred,2016-03-15,Pinaki Misra,Mandatory Air Bags in Cars,Vehicle Safety Standards,https://sansad.in/getFile/loksabhaquestions/annex/7/AS254.pdf?source=pqals
LS16-Heavy-S7-U2768,Heavy Industries,LS,16,7,2768,Unstarred,2016-03-15,B.V. Nayak,Safety Standards for Cards,Vehicle Safety Standards,https://sansad.in/getFile/loksabhaquestions/annex/7/AU2768.pdf?source=pqals
RS-MoRTH-S238-U1864,Road Transport & Highways,RS,,238,1864,Unstarred,2016-03-14,Derek O' Brien,Accident prone black spots on National Highways,Accidents & Fatalities;Black Spots & Infrastructure,https://sansad.in/getFile/annex/238/Au1864.docx?source=pqars
RS-MoRTH-S238-U1873,Road Transport & Highways,RS,,238,1873,Unstarred,2016-03-14,K.C. Tyagi,Accidents on National Express Highways,Accidents & Fatalities,https://sansad.in/getFile/annex/238/Au1873.docx?source=pqars
RS-MoRTH-S238-S171,Road Transport & Highways,RS,,238,171,Starred,2016-03-14,Ram Kumar Kashyap,Deaths in road accidents,Accidents & Fatalities,https://sansad.in/getFile/annex/238/As171.docx?source=pqars
LS16-MoRTH-S7-U2269,Road Transport & Highways,LS,16,7,2269,Unstarred,2016-03-10,Kirron Kher;B. Sreeramulu;Gopalakrishnan Chinnaraj,Road Transport and Safety Bill,Road Safety Policy,https://sansad.in/getFile/loksabhaquestions/annex/7/AU2269.pdf?source=pqals
LS16-MoRTH-S7-U2257,Road Transport & Highways,LS,16,7,2257,Unstarred,2016-03-10,Bidyut Baran Mahato;Om Birla;R. Gopalakrishnan;Shivaji Adhalrao Patil;Anandrao Adsul;Dharmendra Yadav;Ramachandran Mullappally,Safety Audit of Bridges,Black Spots & Infrastructure,https://sansad.in/getFile/loksabhaquestions/annex/7/AU2257.pdf?source=pqals
LS16-MoRTH-S7-U2248,Road Transport & Highways,LS,16,7,2248,Unstarred,2016-03-10,Ninong Ering;Nagarajan P.;Geetha Kothapalli;Arka Keshari Deo;Kaushalendra Kumar;Sriram Malyadri,Safety Standards for Road Design,Vehicle Safety Standards;Black Spots & Infrastructure,https://sansad.in/getFile/loksabhaquestions/annex/7/AU2248.pdf?source=pqals
LS16-MoRTH-S7-U2242,Road Transport & Highways,LS,16,7,2242,Unstarred,2016-03-10,Naranbhai Kachhadia;P.P. Chaudhary;Dilip Kumar Mansukhlal Gandhi;Chandra Prakash Joshi,Funds Allocation for Road Safety Mechanism,Road Safety (General),https://sansad.in/getFile/loksabhaquestions/annex/7/AU2242.pdf?source=pqals
LS16-MoRTH-S7-U2104,Road Transport & Highways,LS,16,7,2104,Unstarred,2016-03-10,Rajan Baburao Vichare;Geetha Kothapalli,Provision for Airbags in Small Cars,Road Safety Policy;Vehicle Safety Standards,https://sansad.in/getFile/loksabhaquestions/annex/7/AU2104.pdf?source=pqals
LS16-Health-S7-U1439,Health & Family Welfare,LS,16,7,1439,Unstarred,2016-03-04,Dushyant Singh,Ambulance Service in Rural Areas,Trauma Care & Compensation,https://sansad.in/getFile/loksabhaquestions/annex/7/AU1439.pdf?source=pqals
LS16-MoRTH-S7-S110,Road Transport & Highways,LS,16,7,110,Starred,2016-03-03,Kirron Kher,Road Safety,Road Safety (General),https://sansad.in/getFile/loksabhaquestions/annex/7/AS110.pdf?source=pqals
LS16-MoRTH-S7-U1190,Road Transport & Highways,LS,16,7,1190,Unstarred,2016-03-03,P.R. Sundaram,Accidents Involving Two Wheelers,Accidents & Fatalities,https://sansad.in/getFile/loksabhaquestions/annex/7/AU1190.pdf?source=pqals
LS16-Health-S7-U562,Health & Family Welfare,LS,16,7,562,Unstarred,2016-02-26,Shashi Tharoor;Rayapati Sambasiva Rao,Air Ambulance Services,Trauma Care & Compensation,https://sansad.in/getFile/loksabhaquestions/annex/7/AU562.pdf?source=pqals
LS16-MoRTH-S7-S22,Road Transport & Highways,LS,16,7,22,Starred,2016-02-25,Prataprao Jadhav;Laxmi Narayan Yadav,Action Plan to Minimize the Road Accidents,Accidents & Fatalities;Road Safety Policy,https://sansad.in/getFile/loksabhaquestions/annex/7/AS22.pdf?source=pqals
LS16-MoRTH-S7-U359,Road Transport & Highways,LS,16,7,359,Unstarred,2016-02-25,S. Rajendran,Provision of Speed Governors for Commercial Vehicle,Road Safety Policy;Enforcement & Licensing,https://sansad.in/getFile/loksabhaquestions/annex/7/AU359.pdf?source=pqals
LS16-MoRTH-S7-U337,Road Transport & Highways,LS,16,7,337,Unstarred,2016-02-25,Meenakashi Lekhi;Jyotiraditya Madhavrao Scindia;Sushmita Dev;Rajesh Verma (Sitapur);G. Hari,Accidents Prone Area,Accidents & Fatalities,https://sansad.in/getFile/loksabhaquestions/annex/7/AU337.pdf?source=pqals
LS16-MoRTH-S7-U316,Road Transport & Highways,LS,16,7,316,Unstarred,2016-02-25,Pralhad Venkatesh Joshi,Safety Measures for Women in Public Transport,Road Safety (General),https://sansad.in/getFile/loksabhaquestions/annex/7/AU316.pdf?source=pqals
LS16-MoRTH-S7-U315,Road Transport & Highways,LS,16,7,315,Unstarred,2016-02-25,G. Hari,Protection to Good Samaritans,Trauma Care & Compensation,https://sansad.in/getFile/loksabhaquestions/annex/7/AU315.pdf?source=pqals
RS-Heavy-S238-U205,Heavy Industries,RS,,238,205,Unstarred,2016-02-25,Anubhav Mohanty,Provision of air bags in car,Road Safety Policy;Vehicle Safety Standards,https://sansad.in/getFile/annex/238/Au205.docx?source=pqars
RS-MoRTH-S237-U2506,Road Transport & Highways,RS,,237,2506,Unstarred,2015-12-21,R. Lakshmanan,Call centres to help accident victims,Accidents & Fatalities;Trauma Care & Compensation,https://sansad.in/getFile/annex/237/Au2506.docx?source=pqars
LS16-MoRTH-S6-U3196,Road Transport & Highways,LS,16,6,3196,Unstarred,2015-12-17,Sumedhanand Saraswati;Raksha Nikhil Khadse;Santosh Ahlawat,Action Plan to Minimize the Road Accidents,Accidents & Fatalities;Road Safety Policy,https://sansad.in/getFile/loksabhaquestions/annex/6/AU3196.pdf?source=pqals
LS16-MoRTH-S6-U3147,Road Transport & Highways,LS,16,6,3147,Unstarred,2015-12-17,Bhanu Pratap Singh Verma,Permission of Light Motor Vehicle for Plying on National Highway,Motor Vehicles Act & Rules,https://sansad.in/getFile/loksabhaquestions/annex/6/AU3147.pdf?source=pqals
LS16-MoRTH-S6-U3064,Road Transport & Highways,LS,16,6,3064,Unstarred,2015-12-17,Om Birla,National Ambulance Code,Trauma Care & Compensation,https://sansad.in/getFile/loksabhaquestions/annex/6/AU3064.pdf?source=pqals
RS-Health-S237-U1907,Health & Family Welfare,RS,,237,1907,Unstarred,2015-12-15,Vijaylaxmi Sadho,Trauma centres along National and State Highways,Trauma Care & Compensation,https://sansad.in/getFile/annex/237/Au1907.pdf?source=pqars
RS-MoRTH-S237-U1715,Road Transport & Highways,RS,,237,1715,Unstarred,2015-12-14,K.P. Ramalingam,Target to reduce road fatalities,Accidents & Fatalities;Road Safety Policy,https://sansad.in/getFile/annex/237/Au1715.docx?source=pqars
RS-MoRTH-S237-U1716,Road Transport & Highways,RS,,237,1716,Unstarred,2015-12-14,Mohammed Nadimul Haque,Accidents by underage and unlicensed drivers,Accidents & Fatalities;Enforcement & Licensing,https://sansad.in/getFile/annex/237/Au1716.docx?source=pqars
RS-MoRTH-S237-U1717,Road Transport & Highways,RS,,237,1717,Unstarred,2015-12-14,Sachin Ramesh Tendulkar,Use of technology for checking traffic offences,Road Safety (General),https://sansad.in/getFile/annex/237/Au1717.docx?source=pqars
RS-MoRTH-S237-U1702,Road Transport & Highways,RS,,237,1702,Unstarred,2015-12-14,Anubhav Mohanty,Measures to reduce accidents on expressways,Accidents & Fatalities,https://sansad.in/getFile/annex/237/Au1702.docx?source=pqars
LS16-MoRTH-S6-U2057,Road Transport & Highways,LS,16,6,2057,Unstarred,2015-12-10,Dalpat Singh Paraste;Sanjay Haribhau Jadhav;Rodmal Nagar;Rangaswamy Dhruvanarayana,Wildlife Killed on National Highways,Accidents & Fatalities,https://sansad.in/getFile/loksabhaquestions/annex/6/AU2057.pdf?source=pqals
LS16-MoRTH-S6-U1989,Road Transport & Highways,LS,16,6,1989,Unstarred,2015-12-10,Uday Pratap Singh;Harish Dwivedi,Financial assistance to accident victims,Accidents & Fatalities;Trauma Care & Compensation,https://sansad.in/getFile/loksabhaquestions/annex/6/AU1989.pdf?source=pqals
RS-Health-S237-U1091,Health & Family Welfare,RS,,237,1091,Unstarred,2015-12-08,Ranvijay Singh Judev,"Trauma Centre at Jashpur, Chhattisgarh",Trauma Care & Compensation,https://sansad.in/getFile/annex/237/Au1091.pdf?source=pqars
RS-MoRTH-S237-U899,Road Transport & Highways,RS,,237,899,Unstarred,2015-12-07,Chandan Mitra,Scientific analysis for fixing speed limit on National Highways,Road Safety (General),https://sansad.in/getFile/annex/237/Au899.docx?source=pqars
RS-MoRTH-S237-S90,Road Transport & Highways,RS,,237,90,Starred,2015-12-07,Devender Goud T.,Road accident report,Accidents & Fatalities;Data & Reporting,https://sansad.in/getFile/annex/237/As90.docx?source=pqars
RS-MoRTH-S237-U921,Road Transport & Highways,RS,,237,921,Unstarred,2015-12-07,Mansukh Mandaviya,Disposal of pending road accident cases,Accidents & Fatalities,https://sansad.in/getFile/annex/237/Au921.docx?source=pqars
RS-MoRTH-S237-U907,Road Transport & Highways,RS,,237,907,Unstarred,2015-12-07,Santiuse Kujur,Accidents on National Highways,Accidents & Fatalities,https://sansad.in/getFile/annex/237/Au907.docx?source=pqars
RS-MoRTH-S237-U917,Road Transport & Highways,RS,,237,917,Unstarred,2015-12-07,Sachin Ramesh Tendulkar,Changes in provisions for issuing of driving licences,Road Safety Policy;Enforcement & Licensing,https://sansad.in/getFile/annex/237/Au917.docx?source=pqars
RS-MoRTH-S237-U909,Road Transport & Highways,RS,,237,909,Unstarred,2015-12-07,M.V. Rajeev Gowda,Gap between NCRB and WHO estimates on road accidents,Accidents & Fatalities,https://sansad.in/getFile/annex/237/Au909.docx?source=pqars
RS-MoRTH-S237-U910,Road Transport & Highways,RS,,237,910,Unstarred,2015-12-07,Ravi Prakash Verma,Steps to reduce road fatalities,Accidents & Fatalities,https://sansad.in/getFile/annex/237/Au910.docx?source=pqars
LS16-MoRTH-S6-U908,Road Transport & Highways,LS,16,6,908,Unstarred,2015-12-03,Bhartruhari Mahtab;Anandrao Adsul;Ramcharan Bohara;Jagdambika Pal;Ram Tahal Choudhary;Sumedhanand Saraswati;Harishchandra Deoram Chavan;R. Parthipan;Chandrakant Bhaurao Khaire;Sanjay Shamrao Dhotre;Santosh Ahlawat;Ravneet Singh;Vinod Kumar Boianapalli;Dharmendra Yadav;P.k.sreemathi Teacher;Jayadev Galla;Kotha Prabhakar Reddy;Shivaji Adhalrao Patil;Rajesh Verma (Sitapur);Parasuraman K.;Shrirang Appa Barne;Rahul Ramesh Shewale,Road Accidents,Accidents & Fatalities,https://sansad.in/getFile/loksabhaquestions/annex/6/AU908.pdf?source=pqals
LS16-MoRTH-S6-U870,Road Transport & Highways,LS,16,6,870,Unstarred,2015-12-03,Neelam Sonker;A.T. (nana) Patil;R.K. Bharathi Mohan;A. Arunmozhithevan,Over Speeding of Vehicles,Enforcement & Licensing,https://sansad.in/getFile/loksabhaquestions/annex/6/AU870.pdf?source=pqals
LS16-MoRTH-S6-U868,Road Transport & Highways,LS,16,6,868,Unstarred,2015-12-03,Hari Manjhi;Dharmendra Yadav;C. Mahendran;Anandrao Adsul;Shivaji Adhalrao Patil;Shrirang Appa Barne,Design and Road Safety,Road Safety (General),https://sansad.in/getFile/loksabhaquestions/annex/6/AU868.pdf?source=pqals
LS16-MoRTH-S6-U806,Road Transport & Highways,LS,16,6,806,Unstarred,2015-12-03,Shrikant Eknath Shinde;Vinayak Bhaurao Raut;Bhavana Gawali (patil),Road Accidents,Accidents & Fatalities,https://sansad.in/getFile/loksabhaquestions/annex/6/AU806.pdf?source=pqals
RS-MoRTH-S237-S2,Road Transport & Highways,RS,,237,2,Starred,2015-11-30,K.P. Ramalingam,Speed governors for commercial vehicles,Enforcement & Licensing,https://sansad.in/getFile/annex/237/As2.docx?source=pqars
RS-MoRTH-S237-U107,Road Transport & Highways,RS,,237,107,Unstarred,2015-11-30,Husain Dalwai,Empowered agency for road safety,Road Safety (General),https://sansad.in/getFile/annex/237/Au107.docx?source=pqars
RS-MoRTH-S237-U90,Road Transport & Highways,RS,,237,90,Unstarred,2015-11-30,Ravi Prakash Verma,Road safety issues,Road Safety (General),https://sansad.in/getFile/annex/237/Au90.docx?source=pqars
LS16-MoRTH-S5-U4047,Road Transport & Highways,LS,16,5,4047,Unstarred,2015-08-13,Supriya Sadanand Sule;Maheish Girri;Heena Vijaykumar Gavit;Vijaysinh Mohite Patil;Dhananjay Bhimrao Mahadik;Rajeev Shankarrao Satav;T. Radhakrishnan,Monitoring Crimes/Accidents on NHs,Accidents & Fatalities,https://sansad.in/getFile/loksabhaquestions/annex/5/AU4047.docx?source=pqals
LS16-MoRTH-S5-U3960,Road Transport & Highways,LS,16,5,3960,Unstarred,2015-08-13,Kirron Kher,Good Samaritans,Trauma Care & Compensation,https://sansad.in/getFile/loksabhaquestions/annex/5/AU3960.docx?source=pqals
RS-Health-S236-U2494,Health & Family Welfare,RS,,236,2494,Unstarred,2015-08-11,Baishnab Parida,"Aid for trauma patients at AIIMS, Delhi",Trauma Care & Compensation,https://sansad.in/getFile/annex/236/Au2494.docx?source=pqars
RS-Health-S236-U2524,Health & Family Welfare,RS,,236,2524,Unstarred,2015-08-11,Baishnab Parida,Opening of trauma centres on the highways,Trauma Care & Compensation,https://sansad.in/getFile/annex/236/Au2524.docx?source=pqars
LS16-Heavy-S5-S310,Heavy Industries,LS,16,5,310,Starred,2015-08-11,Supriya Sadanand Sule;Dhananjay Bhimrao Mahadik,Road Accidents Involving Light Four Wheelers,Accidents & Fatalities;Vehicle Safety Standards,https://sansad.in/getFile/loksabhaquestions/annex/5/AS310.docx?source=pqals
RS-MoRTH-S236-U2351,Road Transport & Highways,RS,,236,2351,Unstarred,2015-08-10,Renuka Chowdhury,Agency for road safety and traffic management,Road Safety (General);Enforcement & Licensing,https://sansad.in/getFile/annex/236/Au2351.docx?source=pqars
RS-MoRTH-S236-U2346,Road Transport & Highways,RS,,236,2346,Unstarred,2015-08-10,Rajkumar Dhoot,Incidents of road accidents in Maharashtra,Accidents & Fatalities,https://sansad.in/getFile/annex/236/Au2346.docx?source=pqars
RS-MoRTH-S236-U2342,Road Transport & Highways,RS,,236,2342,Unstarred,2015-08-10,K. Keshava Rao,Deaths in road accidents,Accidents & Fatalities,https://sansad.in/getFile/annex/236/Au2342.docx?source=pqars
RS-MoRTH-S236-U2345,Road Transport & Highways,RS,,236,2345,Unstarred,2015-08-10,Bhalchandra Mungekar,Effectiveness of measures to curb deaths in road accidents,Accidents & Fatalities,https://sansad.in/getFile/annex/236/Au2345.docx?source=pqars
RS-MoRTH-S236-U2361,Road Transport & Highways,RS,,236,2361,Unstarred,2015-08-10,Derek O' Brien,Accidents due to driving under influence of alcohol or narcotics,Accidents & Fatalities;Drunk/Drink Driving,https://sansad.in/getFile/annex/236/Au2361.docx?source=pqars
RS-MoRTH-S236-U2360,Road Transport & Highways,RS,,236,2360,Unstarred,2015-08-10,Ram Kumar Kashyap,Deaths due to road accidents,Accidents & Fatalities,https://sansad.in/getFile/annex/236/Au2360.docx?source=pqars
RS-MoRTH-S236-U2348,Road Transport & Highways,RS,,236,2348,Unstarred,2015-08-10,M.V. Rajeev Gowda,"Changes in the Road Transport and Safety Bill, 2015",Road Safety Policy,https://sansad.in/getFile/annex/236/Au2348.docx?source=pqars
LS16-MoRTH-S5-S251,Road Transport & Highways,LS,16,5,251,Starred,2015-08-06,Arvind Ganpat Sawant;Shobha Karandlaje,Road Accidents,Accidents & Fatalities,https://sansad.in/getFile/loksabhaquestions/annex/5/AS251.docx?source=pqals
LS16-MoRTH-S5-U2989,Road Transport & Highways,LS,16,5,2989,Unstarred,2015-08-06,Abhishek Banerjee,Road Transport and Safety Bill,Road Safety Policy,https://sansad.in/getFile/loksabhaquestions/annex/5/AU2989.docx?source=pqals
RS-MoRTH-S236-U1545,Road Transport & Highways,RS,,236,1545,Unstarred,2015-08-03,Vijay Jawaharlal Darda,Road accidents,Accidents & Fatalities,https://sansad.in/getFile/annex/236/Au1545.docx?source=pqars
RS-MoRTH-S236-U1548,Road Transport & Highways,RS,,236,1548,Unstarred,2015-08-03,Chandan Mitra,National Road Safety and Management System,Road Safety (General);Road Safety Policy,https://sansad.in/getFile/annex/236/Au1548.docx?source=pqars
RS-MoRTH-S236-U1555,Road Transport & Highways,RS,,236,1555,Unstarred,2015-08-03,Dilip Kumar Tirkey,Demands for road safety instruments,Road Safety (General),https://sansad.in/getFile/annex/236/Au1555.docx?source=pqars
RS-MoRTH-S236-U1547,Road Transport & Highways,RS,,236,1547,Unstarred,2015-08-03,D.P. Tripathi,Free cashless treatment for accident victims,Accidents & Fatalities;Trauma Care & Compensation,https://sansad.in/getFile/annex/236/Au1547.docx?source=pqars
RS-MoRTH-S236-U1549,Road Transport & Highways,RS,,236,1549,Unstarred,2015-08-03,Ritabrata Banerjee,Accidents due to drunken driving,Accidents & Fatalities;Drunk/Drink Driving,https://sansad.in/getFile/annex/236/Au1549.docx?source=pqars
LS16-MoRTH-S5-U1753,Road Transport & Highways,LS,16,5,1753,Unstarred,2015-07-30,Heena Vijaykumar Gavit;Vijaysinh Mohite Patil;Rajeev Shankarrao Satav,Prevention of Accidents on Highways,Accidents & Fatalities,https://sansad.in/getFile/loksabhaquestions/annex/5/AU1753.docx?source=pqals
LS16-MoRTH-S5-U1717,Road Transport & Highways,LS,16,5,1717,Unstarred,2015-07-30,Ninong Ering;Jyotiraditya Madhavrao Scindia,Road Safety and Traffic Management,Road Safety (General);Enforcement & Licensing,https://sansad.in/getFile/loksabhaquestions/annex/5/AU1717.docx?source=pqals
LS16-Heavy-S5-U1226,Heavy Industries,LS,16,5,1226,Unstarred,2015-07-28,Raghav Lakhanpal,Car Safety,Vehicle Safety Standards,https://sansad.in/getFile/loksabhaquestions/annex/5/AU1226.docx?source=pqals
LS16-Health-S5-U804,Health & Family Welfare,LS,16,5,804,Unstarred,2015-07-24,Naranbhai Kachhadia;Bidyut Baran Mahato;Om Birla,Trauma Centres,Trauma Care & Compensation,https://sansad.in/getFile/loksabhaquestions/annex/5/AU804.docx?source=pqals
LS16-MoRTH-S5-U626,Road Transport & Highways,LS,16,5,626,Unstarred,2015-07-23,Ramcharan Bohara;Sanjay Jaiswal;Nanabhau Falgunrao Patole;R. Parthipan;Kirron Kher;Prathap Simha;Mahendra Nath Pandey;Nityanand Rai;Prataprao Jadhav;Rajan Baburao Vichare;Kristappa Nimmala;Ram Tahal Choudhary;Lakhan Lal Sahu;Balasubramaniam Senguttuvan;Rajeshbhai Naranbhai Chudasama,Amendment in Motor Vehicle Act,Motor Vehicles Act & Rules,https://sansad.in/getFile/loksabhaquestions/annex/5/AU626.doc?source=pqals
LS16-MoRTH-S5-U545,Road Transport & Highways,LS,16,5,545,Unstarred,2015-07-23,Om Birla;Balasubramaniam Senguttuvan,Accident Prone Areas,Accidents & Fatalities,https://sansad.in/getFile/loksabhaquestions/annex/5/AU545.doc?source=pqals
LS16-MoRTH-S5-U502,Road Transport & Highways,LS,16,5,502,Unstarred,2015-07-23,Vasanthi M.,Accident Relief Service Scheme,Accidents & Fatalities;Road Safety Policy,https://sansad.in/getFile/loksabhaquestions/annex/5/AU502.doc?source=pqals
RS-Health-S236-U129,Health & Family Welfare,RS,,236,129,Unstarred,2015-07-21,Chandan Mitra,Pan India trauma care network,Trauma Care & Compensation,https://sansad.in/getFile/annex/236/Au129.docx?source=pqars
RS-Health-S236-U124,Health & Family Welfare,RS,,236,124,Unstarred,2015-07-21,Parvez Hashmi,Trauma centres along Delhi Chandigarh Amritsar Highways,Trauma Care & Compensation,https://sansad.in/getFile/annex/236/Au124.docx?source=pqars
RS-MoRTH-S235-U1660,Road Transport & Highways,RS,,235,1660,Unstarred,2015-05-11,Chandan Mitra,Provisions of safety in all vehicles,Road Safety Policy,https://sansad.in/getFile/annex/235/Au1660.docx?source=pqars
RS-MoRTH-S235-U1643,Road Transport & Highways,RS,,235,1643,Unstarred,2015-05-11,Narendra Kumar Kashyap,BPL person killed injured in accidents,Accidents & Fatalities,https://sansad.in/getFile/annex/235/Au1643.docx?source=pqars
RS-MoRTH-S235-U1647,Road Transport & Highways,RS,,235,1647,Unstarred,2015-05-11,D. Kupendra Reddy,Accident prone spots on NHs,Accidents & Fatalities,https://sansad.in/getFile/annex/235/Au1647.docx?source=pqars
LS16-MoRTH-S4-U6765,Road Transport & Highways,LS,16,4,6765,Unstarred,2015-05-07,Rangaswamy Dhruvanarayana;Dalpat Singh Paraste,PENALTIES IN ROAD TRANSPORT AND SAFETY BILL,Road Safety Policy;Enforcement & Licensing,
RS-Health-S235-S96,Health & Family Welfare,RS,,235,96,Starred,2015-05-05,Husain Dalwai,Trauma Centres on National Highways,Trauma Care & Compensation,https://sansad.in/getFile/annex/235/As96.docx?source=pqars
LS16-MoRTH-S4-U6090,Road Transport & Highways,LS,16,4,6090,Unstarred,2015-04-30,Bheemrao Baswanthrao Patil;Seetaram Ajmeera Naik,COMMITTEES TASK FORCES ON ROAD SAFETY,Road Safety (General),
LS16-MoRTH-S4-U6083,Road Transport & Highways,LS,16,4,6083,Unstarred,2015-04-30,P.R. Sundaram,TRAUMA CENTRES,Trauma Care & Compensation,
LS16-MoRTH-S4-U6053,Road Transport & Highways,LS,16,4,6053,Unstarred,2015-04-30,B. Sreeramulu;CH. Malla Reddy;Asaduddin Owaisi,ROAD SAFETY AND TRANSPORT BILL,Road Safety (General);Road Safety Policy,
LS16-MoRTH-S4-U6010,Road Transport & Highways,LS,16,4,6010,Unstarred,2015-04-30,Meenakashi Lekhi;Hemamalini,QUICK MOVEMENT OF AMBULANCES,Trauma Care & Compensation,
LS16-MoRTH-S4-U6005,Road Transport & Highways,LS,16,4,6005,Unstarred,2015-04-30,Rabindra Kumar Jena,AWARENESS AMONGST STUDENTS ABOUT ROAD SAFETY,Road Safety (General),
RS-MoRTH-S235-U380,Road Transport & Highways,RS,,235,380,Unstarred,2015-04-27,Chandan Mitra,Safety standards for cars under NCAP,Vehicle Safety Standards,https://sansad.in/getFile/annex/235/Au380.doc?source=pqars
RS-MoRTH-S235-U378,Road Transport & Highways,RS,,235,378,Unstarred,2015-04-27,Kanwar Deep Singh,Bill for strict punishment for violation of traffic rules,Road Safety Policy;Enforcement & Licensing,https://sansad.in/getFile/annex/235/Au378.doc?source=pqars
RS-MoRTH-S235-U389,Road Transport & Highways,RS,,235,389,Unstarred,2015-04-27,R. Lakshmanan,Revision of speed limits on NHs,Road Safety Policy,https://sansad.in/getFile/annex/235/Au389.doc?source=pqars
LS16-Health-S4-U5191,Health & Family Welfare,LS,16,4,5191,Unstarred,2015-04-24,Dileep Singh Bhuria,TRAUMA CENTRES ON HIGHWAYS,Trauma Care & Compensation,https://sansad.in/getFile/Annexture_New/lsq16/4/au5191.htm?source=loksabhadocs
LS16-Health-S4-U5188,Health & Family Welfare,LS,16,4,5188,Unstarred,2015-04-24,Arjunlal Meena,APPOINTMENT OF TRAINED STAFF IN TRAUMA CENTRES,Trauma Care & Compensation,
LS16-Heavy-S4-U4377,Heavy Industries,LS,16,4,4377,Unstarred,2015-04-21,K. Maragatham,MANDATORY RECALL OF VEHICLES,Vehicle Safety Standards,
LS16-Health-S4-U3955,Health & Family Welfare,LS,16,4,3955,Unstarred,2015-03-20,Bidyut Baran Mahato,AMBULANCES PROVIDED UNDER NRHM,Trauma Care & Compensation,https://sansad.in/getFile/Annexture_New/lsq16/4/au3955.htm?source=loksabhadocs
LS16-Heavy-S4-U3233,Heavy Industries,LS,16,4,3233,Unstarred,2015-03-17,Rajan Baburao Vichare,AIR BAGS IN CARS,Vehicle Safety Standards,
RS-MoRTH-S234-U2035,Road Transport & Highways,RS,,234,2035,Unstarred,2015-03-16,Bhalchandra Mungekar,Accidents on Mumbai Goa National Highway,Accidents & Fatalities,https://sansad.in/getFile/annex/234/Au2035.docx?source=pqars
LS16-MoRTH-S4-U2751,Road Transport & Highways,LS,16,4,2751,Unstarred,2015-03-12,Manoj Rajoria;Prataprao Jadhav,HIT AND RUN CASES,Hit and Run,https://sansad.in/getFile/Annexture_New/lsq16/4/au2751.htm?source=loksabhadocs
LS16-MoRTH-S4-U2619,Road Transport & Highways,LS,16,4,2619,Unstarred,2015-03-12,C. N. Jayadevan,FINANCIAL ASSISTANCE FOR ROAD SAFETY,Road Safety (General),
LS16-MoRTH-S4-U2590,Road Transport & Highways,LS,16,4,2590,Unstarred,2015-03-12,Ashok Shankarrao Chavan;Gajanan Chandrakant Kirtikar;Chirag Paswan;Sudheer Gupta;Kunwar Haribansh Singh,SURVEY OF ROAD SAFETY,Road Safety (General);Data & Reporting,
LS16-MoRTH-S4-U2533,Road Transport & Highways,LS,16,4,2533,Unstarred,2015-03-12,Harishchandra Deoram Chavan,SIGNAGES FOR ROAD SAFETY,Road Safety (General);Black Spots & Infrastructure,
RS-Health-S234-U1395,Health & Family Welfare,RS,,234,1395,Unstarred,2015-03-10,T.N. Seema,Uniform trauma registry,Trauma Care & Compensation,https://sansad.in/getFile/annex/234/Au1395.docx?source=pqars
RS-MoRTH-S234-U1221,Road Transport & Highways,RS,,234,1221,Unstarred,2015-03-09,Vijay Jawaharlal Darda,National road safety law,Road Safety (General);Road Safety Policy,https://sansad.in/getFile/annex/234/Au1221.docx?source=pqars
RS-MoRTH-S234-U1235,Road Transport & Highways,RS,,234,1235,Unstarred,2015-03-09,D. Raja,Assistance on road safety,Road Safety (General),https://sansad.in/getFile/annex/234/Au1235.docx?source=pqars
RS-MoRTH-S234-U1237,Road Transport & Highways,RS,,234,1237,Unstarred,2015-03-09,K.V.P. Ramachandra Rao,Accidents due to faulty road engineering,Accidents & Fatalities;Black Spots & Infrastructure,https://sansad.in/getFile/annex/234/Au1237.docx?source=pqars
RS-MoRTH-S234-U1239,Road Transport & Highways,RS,,234,1239,Unstarred,2015-03-09,Narendra Kumar Kashyap,Fire safety on public transport buses,Road Safety (General),https://sansad.in/getFile/annex/234/Au1239.docx?source=pqars
RS-MoRTH-S234-U1220,Road Transport & Highways,RS,,234,1220,Unstarred,2015-03-09,Anubhav Mohanty,Safety limits of vehicular pollution,Road Safety (General),https://sansad.in/getFile/annex/234/Au1220.docx?source=pqars
LS16-MoRTH-S4-S146,Road Transport & Highways,LS,16,4,146,Starred,2015-03-05,Pankaj Chowdhary;Ram Kumar Sharma Kushwaha,ACCIDENT RELIEF POLICY,Accidents & Fatalities;Road Safety Policy,https://sansad.in/getFile/Annexture_New/lsq16/4/as146.htm?source=loksabhadocs
LS16-MoRTH-S4-S143,Road Transport & Highways,LS,16,4,143,Starred,2015-03-05,Suresh Kodikunnil;CH. Malla Reddy,ACCIDENT PRONE SPOTS,Accidents & Fatalities,https://sansad.in/getFile/Annexture_New/lsq16/4/as143.htm?source=loksabhadocs
LS16-MoRTH-S4-U1807,Road Transport & Highways,LS,16,4,1807,Unstarred,2015-03-05,Anto Antony,MOTOR VEHICLE ACADEMY,Motor Vehicles Act & Rules,
LS16-MoRTH-S4-U1801,Road Transport & Highways,LS,16,4,1801,Unstarred,2015-03-05,Shashi Tharoor,STANDARD FOR HELMET,Vehicle Safety Standards,
LS16-MoRTH-S4-U1798,Road Transport & Highways,LS,16,4,1798,Unstarred,2015-03-05,Dhananjay Bhimrao Mahadik;Rajeev Shankarrao Satav;Vijaysinh Mohite Patil;Heena Vijaykumar Gavit,TWO WHEELERS FOR MEDICAL AID,Road Safety (General),
LS16-MoRTH-S4-U1753,Road Transport & Highways,LS,16,4,1753,Unstarred,2015-03-05,Tariq Anwar;Shobha Karandlaje;Raksha Nikhil Khadse,SAFETY MEASURES IN PUBLIC TRANSPORT,Road Safety (General),
RS-Health-S234-U945,Health & Family Welfare,RS,,234,945,Unstarred,2015-03-03,Kanwar Deep Singh,Trauma Centres in district hospitals,Trauma Care & Compensation,https://sansad.in/getFile/annex/234/Au945.docx?source=pqars
RS-MoRTH-S234-U739,Road Transport & Highways,RS,,234,739,Unstarred,2015-03-02,Renuka Chowdhury,Cashless treatment for road accident victims,Accidents & Fatalities;Trauma Care & Compensation,https://sansad.in/getFile/annex/234/Au739.docx?source=pqars
RS-MoRTH-S234-U736,Road Transport & Highways,RS,,234,736,Unstarred,2015-03-02,Chandan Mitra,Bharat New Vehicle Safety Assessment Programme,Road Safety Policy;Vehicle Safety Standards,https://sansad.in/getFile/annex/234/Au736.docx?source=pqars
RS-MoRTH-S234-U746,Road Transport & Highways,RS,,234,746,Unstarred,2015-03-02,Vivek Gupta,Safety standards for NH 34,Vehicle Safety Standards,https://sansad.in/getFile/annex/234/Au746.docx?source=pqars
RS-MoRTH-S234-U748,Road Transport & Highways,RS,,234,748,Unstarred,2015-03-02,Sasikala Pushpa Ramaswamy,Accidents on National Highways,Accidents & Fatalities,https://sansad.in/getFile/annex/234/Au748.docx?source=pqars
RS-MoRTH-S234-U742,Road Transport & Highways,RS,,234,742,Unstarred,2015-03-02,Ram Kumar Kashyap,Safety standard for car manufacturers,Vehicle Safety Standards,https://sansad.in/getFile/annex/234/Au742.docx?source=pqars
RS-MoRTH-S234-S73,Road Transport & Highways,RS,,234,73,Starred,2015-03-02,Ram Kumar Kashyap,Deaths due to road accidents,Accidents & Fatalities,https://sansad.in/getFile/annex/234/As73.docx?source=pqars
RS-MoRTH-S234-U743,Road Transport & Highways,RS,,234,743,Unstarred,2015-03-02,T. Rathinavel,Speed limits on National Highways,Road Safety (General),https://sansad.in/getFile/annex/234/Au743.docx?source=pqars
LS16-Health-S4-U854,Health & Family Welfare,LS,16,4,854,Unstarred,2015-02-27,Raghav Lakhanpal,CASHLESS TREATMENT FOR ROAD ACCIDENT VICTIMS,Accidents & Fatalities;Trauma Care & Compensation,
LS16-Health-S4-U764,Health & Family Welfare,LS,16,4,764,Unstarred,2015-02-27,Sanjay(kaka) Ramchandra Patil,TRAUMA CENTRES,Trauma Care & Compensation,https://sansad.in/getFile/Annexture_New/lsq16/4/au764.htm?source=loksabhadocs
LS16-Health-S4-U711,Health & Family Welfare,LS,16,4,711,Unstarred,2015-02-27,Kunwar Sarvesh Kumar,AMBULANCES PROVIDED UNDER NRHM,Trauma Care & Compensation,https://sansad.in/getFile/Annexture_New/lsq16/4/au711.htm?source=loksabhadocs
LS16-MoRTH-S4-U616,Road Transport & Highways,LS,16,4,616,Unstarred,2015-02-26,Shrirang Appa Barne;A. Arunmozhithevan;Dharmendra Yadav;G. Hari;Anandrao Adsul;Krishnan Narayanasamy Ramachandran;Shivaji Adhalrao Patil,SPEED LIMIT ON HIGHWAYS,Road Safety (General),https://sansad.in/getFile/Annexture_New/lsq16/4/au616.htm?source=loksabhadocs
LS16-MoRTH-S4-U536,Road Transport & Highways,LS,16,4,536,Unstarred,2015-02-26,Kirron Kher,GOOD SAMARITANS,Trauma Care & Compensation,
LS16-MoRTH-S4-U511,Road Transport & Highways,LS,16,4,511,Unstarred,2015-02-26,Dilip Patel,ACCIDENTS DUE TO OVERLOADING,Accidents & Fatalities;Enforcement & Licensing,https://sansad.in/getFile/Annexture_New/lsq16/4/au511.htm?source=loksabhadocs
LS16-MoRTH-S4-U466,Road Transport & Highways,LS,16,4,466,Unstarred,2015-02-26,CH. Malla Reddy;Suresh Kodikunnil,PENALTY ON TRAFFIC RULES VIOLATIONS,Enforcement & Licensing,
RS-Health-S233-U3415,Health & Family Welfare,RS,,233,3415,Unstarred,2014-12-23,Sukhdev Singh Dhindsa,Withdrawal of cashless treatment facilities by private hospitals,Trauma Care & Compensation,https://sansad.in/getFile/annex/233/?source=pqars
RS-Health-S233-U3431,Health & Family Welfare,RS,,233,3431,Unstarred,2014-12-23,Dilip Kumar Tirkey,Trauma centre in Odisha,Trauma Care & Compensation,https://sansad.in/getFile/annex/233/?source=pqars
LS16-Heavy-S3-U5057,Heavy Industries,LS,16,3,5057,Unstarred,2014-12-23,Dileep Singh Bhuria,SAFETY OF PASSENGERS,Road Safety (General);Vehicle Safety Standards,
LS16-Heavy-S3-U4918,Heavy Industries,LS,16,3,4918,Unstarred,2014-12-23,Om Prakash Yadav,EURO NCAP TEST,Vehicle Safety Standards,
RS-MoRTH-S233-U3262,Road Transport & Highways,RS,,233,3262,Unstarred,2014-12-22,Chandan Mitra,Inspection and Certification Centres for Motor Vehicles,Motor Vehicles Act & Rules,https://sansad.in/getFile/annex/233/?source=pqars
RS-MoRTH-S233-U3252,Road Transport & Highways,RS,,233,3252,Unstarred,2014-12-22,Kanwar Deep Singh,Highway ambulances for road accident victims,Accidents & Fatalities;Trauma Care & Compensation,https://sansad.in/getFile/annex/233/Au3252.docx?source=pqars
RS-MoRTH-S233-S363,Road Transport & Highways,RS,,233,363,Starred,2014-12-22,A. K. Selvaraj,Safety parameters in road contracts,Road Safety (General),https://sansad.in/getFile/annex/233/As363.html?source=pqars
RS-MoRTH-S233-U3274,Road Transport & Highways,RS,,233,3274,Unstarred,2014-12-22,Pavan Kumar Varma,Right of way for ambulances,Trauma Care & Compensation,https://sansad.in/getFile/annex/233/?source=pqars
LS16-Heavy-S3-U3757,Heavy Industries,LS,16,3,3757,Unstarred,2014-12-16,B. Sreeramulu,SAFETY STANDARD IN CARS,Vehicle Safety Standards,
RS-MoRTH-S233-U2443,Road Transport & Highways,RS,,233,2443,Unstarred,2014-12-15,Vijay Jawaharlal Darda,Protection for road accident victims,Accidents & Fatalities;Trauma Care & Compensation,https://sansad.in/getFile/annex/233/Au2443.docx?source=pqars
RS-MoRTH-S233-U2447,Road Transport & Highways,RS,,233,2447,Unstarred,2014-12-15,Baishnab Parida,Road accidents in Delhi,Accidents & Fatalities,https://sansad.in/getFile/annex/233/?source=pqars
LS16-Health-S3-U3449,Health & Family Welfare,LS,16,3,3449,Unstarred,2014-12-12,Uday Pratap Singh,AIIMS TRAUMA CENTRE,Trauma Care & Compensation,
LS16-MoRTH-S3-U3145,Road Transport & Highways,LS,16,3,3145,Unstarred,2014-12-11,Sanganna Amarappa Karadi;P C Mohan;Rama Kishore Singh,DRIVING LICENCES,Enforcement & Licensing,
LS16-MoRTH-S3-U3123,Road Transport & Highways,LS,16,3,3123,Unstarred,2014-12-11,Kirron Kher;Jose K. Mani,GOOD SAMARITAN LAW,Trauma Care & Compensation,
RS-Health-S233-U1841,Health & Family Welfare,RS,,233,1841,Unstarred,2014-12-09,Tiruchi Siva,Inadequate number of ambulances,Trauma Care & Compensation;Data & Reporting,https://sansad.in/getFile/annex/233/?source=pqars
RS-Health-S233-U1849,Health & Family Welfare,RS,,233,1849,Unstarred,2014-12-09,Tiruchi Siva,Universal access to free ambulance services,Trauma Care & Compensation,https://sansad.in/getFile/annex/233/?source=pqars
RS-Health-S233-S228,Health & Family Welfare,RS,,233,228,Starred,2014-12-09,Baishnab Parida,Trauma Centres along accident prone NHs,Accidents & Fatalities;Trauma Care & Compensation,https://sansad.in/getFile/annex/233/As228.html?source=pqars
RS-MoRTH-S233-U1653,Road Transport & Highways,RS,,233,1653,Unstarred,2014-12-08,T. Subbarami Reddy,Accidents of cyclists in metropolitan cities,Accidents & Fatalities,https://sansad.in/getFile/annex/233/Au1653.docx?source=pqars
RS-MoRTH-S233-U1648,Road Transport & Highways,RS,,233,1648,Unstarred,2014-12-08,Vijila Sathyananth,Steps to reduce accidents on National Highways,Accidents & Fatalities,https://sansad.in/getFile/annex/233/?source=pqars
LS16-MoRTH-S3-S179,Road Transport & Highways,LS,16,3,179,Starred,2014-12-04,Sanjay Shamrao Dhotre;Subhash Ramrao Bhamre,CASHLESS TREATMENT SCHEME FOR ACCIDENT VICTIMS,Accidents & Fatalities;Road Safety Policy;Trauma Care & Compensation,
LS16-MoRTH-S3-U1917,Road Transport & Highways,LS,16,3,1917,Unstarred,2014-12-04,Jagdambika Pal,SAFETY RULES OF VEHICLES,Road Safety (General),
RS-MoRTH-S233-U877,Road Transport & Highways,RS,,233,877,Unstarred,2014-12-01,Ambika Soni,Mandatory air bags in passenger cars,Vehicle Safety Standards,https://sansad.in/getFile/annex/233/?source=pqars
RS-MoRTH-S233-U886,Road Transport & Highways,RS,,233,886,Unstarred,2014-12-01,A. W. Rabi Bernard,Measures to address road safety issues,Road Safety (General),https://sansad.in/getFile/annex/233/?source=pqars
RS-MoRTH-S233-U881,Road Transport & Highways,RS,,233,881,Unstarred,2014-12-01,Sanjay Sinh,"Road Transport and Safety Bill, 2014",Road Safety Policy,https://sansad.in/getFile/annex/233/?source=pqars
RS-MoRTH-S233-S104,Road Transport & Highways,RS,,233,104,Starred,2014-12-01,Ram Nath Thakur,Contribution to road safety programmes,Road Safety (General);Road Safety Policy,https://sansad.in/getFile/annex/233/As104.docx?source=pqars
LS16-MoRTH-S3-S68,Road Transport & Highways,LS,16,3,68,Starred,2014-11-27,Nalin Kumar Kateel;Chintaman Navsha Wanaga,ROAD ACCIDENTS,Accidents & Fatalities,https://sansad.in/getFile/Annexture_New/lsq16/3/as68.htm?source=loksabhadocs
LS16-MoRTH-S3-U775,Road Transport & Highways,LS,16,3,775,Unstarred,2014-11-27,Udit Raj,SAFETY MEASURES IN BUSES,Road Safety (General),
RS-Health-S233-U251,Health & Family Welfare,RS,,233,251,Unstarred,2014-11-25,Parimal Nathwani,Mandatory medical care for victims of road accidents and pregnant women,Accidents & Fatalities;Trauma Care & Compensation,https://sansad.in/getFile/annex/233/?source=pqars
RS-MoRTH-S233-U98,Road Transport & Highways,RS,,233,98,Unstarred,2014-11-24,Rajkumar Dhoot,Helmets for women riders,Vehicle Safety Standards,https://sansad.in/getFile/annex/233/?source=pqars
RS-MoRTH-S233-U102,Road Transport & Highways,RS,,233,102,Unstarred,2014-11-24,Sanjay Raut,Special police force for accident victims on NHs,Accidents & Fatalities;Trauma Care & Compensation,https://sansad.in/getFile/annex/233/?source=pqars
RS-MoRTH-S233-U110,Road Transport & Highways,RS,,233,110,Unstarred,2014-11-24,Ishwarlal Shankarlal Jain,Pilot project for safety of women in Government road transports,Road Safety (General),https://sansad.in/getFile/annex/233/?source=pqars
RS-MoRTH-S233-U99,Road Transport & Highways,RS,,233,99,Unstarred,2014-11-24,Baishnab Parida,Deaths in road accidents,Accidents & Fatalities,https://sansad.in/getFile/annex/233/Au99.docx?source=pqars
RS-MoRTH-S233-U106,Road Transport & Highways,RS,,233,106,Unstarred,2014-11-24,Pradeep Kumar Balmuchu,Setting up of scientific accident investigation team,Accidents & Fatalities,https://sansad.in/getFile/annex/233/Au106.docx?source=pqars
RS-MoRTH-S233-S17,Road Transport & Highways,RS,,233,17,Starred,2014-11-24,Rajani Ashokrao Patil,Accidents on National Highways,Accidents & Fatalities,https://sansad.in/getFile/annex/233/As17.docx?source=pqars
RS-MoRTH-S233-U95,Road Transport & Highways,RS,,233,95,Unstarred,2014-11-24,R. Lakshmanan,Causes of road accidents,Accidents & Fatalities,https://sansad.in/getFile/annex/233/?source=pqars
LS16-Heavy-S3-U99,Heavy Industries,LS,16,3,99,Unstarred,2014-11-24,Saugata Roy,SAFETY RATING OF VEHICLES,Road Safety (General);Vehicle Safety Standards,
LS16-MoRTH-S2-U5267,Road Transport & Highways,LS,16,2,5267,Unstarred,2014-08-14,Kirti (jha) Azad,"MOTOR VEHICLE (AMENDMENT)  BILL, 2007",Road Safety Policy;Motor Vehicles Act & Rules,
LS16-MoRTH-S2-U5265,Road Transport & Highways,LS,16,2,5265,Unstarred,2014-08-14,Dushyant Chautala,ACCIDENT PRONE AREAS,Accidents & Fatalities,https://sansad.in/getFile/Annexture_New/lsq16/2/au5265.htm?source=loksabhadocs
LS16-MoRTH-S2-U5200,Road Transport & Highways,LS,16,2,5200,Unstarred,2014-08-14,Shashi Tharoor,DECADE OF ACTION FOR ROAD SAFETY,Road Safety (General),
LS16-MoRTH-S2-U5150,Road Transport & Highways,LS,16,2,5150,Unstarred,2014-08-14,P.P. Chaudhary,IMPROVISED MOTOR VEHICLES,Motor Vehicles Act & Rules,
RS-MoRTH-S232-U3478,Road Transport & Highways,RS,,232,3478,Unstarred,2014-08-11,K.P. Ramalingam,Replacement of Motor Vehicles Act,Motor Vehicles Act & Rules,https://sansad.in/getFile/annex/232/?source=pqars
RS-MoRTH-S232-U3482,Road Transport & Highways,RS,,232,3482,Unstarred,2014-08-11,Devender Goud T.,Frontal barrier crash for safety of cars,Accidents & Fatalities,https://sansad.in/getFile/annex/232/?source=pqars
RS-MoRTH-S232-U3490,Road Transport & Highways,RS,,232,3490,Unstarred,2014-08-11,Vivek Gupta,Relief to West Bengal for road accidents,Accidents & Fatalities,https://sansad.in/getFile/annex/232/?source=pqars
RS-MoRTH-S232-U2703,Road Transport & Highways,RS,,232,2703,Unstarred,2014-08-04,Chandan Mitra,Cashless treatment of road accident victims,Accidents & Fatalities;Trauma Care & Compensation,https://sansad.in/getFile/annex/232/?source=pqars
RS-MoRTH-S232-U2705,Road Transport & Highways,RS,,232,2705,Unstarred,2014-08-04,Husain Dalwai,Safety standards for passenger cars,Vehicle Safety Standards,https://sansad.in/getFile/annex/232/?source=pqars
LS16-Heavy-S2-U3489,Heavy Industries,LS,16,2,3489,Unstarred,2014-08-04,Jayadev Galla,SAFETY NORMS FOR VEHICLES,Vehicle Safety Standards,
LS16-MoRTH-S2-U3038,Road Transport & Highways,LS,16,2,3038,Unstarred,2014-07-31,Gopalakrishnan Chinnaraj,WILD ANIMALS KILLED ON NH 67 AND 212,Accidents & Fatalities,
LS16-MoRTH-S2-U3026,Road Transport & Highways,LS,16,2,3026,Unstarred,2014-07-31,Darshana Vikram Jardosh,ROAD ACCIDENT AT SURAT MUMBAI SECTION,Accidents & Fatalities,
LS16-MoRTH-S2-U3008,Road Transport & Highways,LS,16,2,3008,Unstarred,2014-07-31,P.R. Sundaram,OVERLOADING OF VEHICLES,Enforcement & Licensing,
RS-MoRTH-S232-U2084,Road Transport & Highways,RS,,232,2084,Unstarred,2014-07-28,K.P. Ramalingam,Lives lost in road accidents,Accidents & Fatalities,https://sansad.in/getFile/annex/232/?source=pqars
RS-MoRTH-S232-U2094,Road Transport & Highways,RS,,232,2094,Unstarred,2014-07-28,S. Thangavelu,Steps to curb road accidents,Accidents & Fatalities,https://sansad.in/getFile/annex/232/?source=pqars
RS-MoRTH-S232-U2095,Road Transport & Highways,RS,,232,2095,Unstarred,2014-07-28,S. Thangavelu,Road accidents,Accidents & Fatalities,https://sansad.in/getFile/annex/232/?source=pqars
RS-MoRTH-S232-U2080,Road Transport & Highways,RS,,232,2080,Unstarred,2014-07-28,Mansukh Mandaviya,Accidents on NH 8 at Waghaldhara,Accidents & Fatalities,https://sansad.in/getFile/annex/232/?source=pqars
RS-MoRTH-S232-U2097,Road Transport & Highways,RS,,232,2097,Unstarred,2014-07-28,Wansuk Syiem,Space for pedestrians on roads,Pedestrian Safety,https://sansad.in/getFile/annex/232/?source=pqars
LS16-Health-S2-U2416,Health & Family Welfare,LS,16,2,2416,Unstarred,2014-07-25,Birendra Kumar Choudhary;P.P. Chaudhary,TRAUMA CARE,Trauma Care & Compensation,https://sansad.in/getFile/Annexture_New/lsq16/2/au2416.htm?source=loksabhadocs
LS16-MoRTH-S2-U2206,Road Transport & Highways,LS,16,2,2206,Unstarred,2014-07-24,Kamlesh Paswan;Dushyant Chautala,NH ACCIDENT RELIEF SCHEME,Accidents & Fatalities;Road Safety Policy,https://sansad.in/getFile/Annexture_New/lsq16/2/au2206.htm?source=loksabhadocs
RS-Health-S232-S208,Health & Family Welfare,RS,,232,208,Starred,2014-07-22,Prabhat Jha,Air Ambulance Service,Trauma Care & Compensation,https://sansad.in/getFile/annex/232/As208.html?source=pqars
RS-Health-S232-U1498,Health & Family Welfare,RS,,232,1498,Unstarred,2014-07-22,Parimal Nathwani,Trauma centres on National Highways,Trauma Care & Compensation,https://sansad.in/getFile/annex/232/?source=pqars
RS-MoRTH-S232-S198,Road Transport & Highways,RS,,232,198,Starred,2014-07-21,V. Maitreyan,Accident information system along National Highways,Accidents & Fatalities,https://sansad.in/getFile/annex/232/As198.html?source=pqars
RS-MoRTH-S232-U1309,Road Transport & Highways,RS,,232,1309,Unstarred,2014-07-21,Baishnab Parida,Deaths in road accidents,Accidents & Fatalities,https://sansad.in/getFile/annex/232/?source=pqars
LS16-MoRTH-S2-U1132,Road Transport & Highways,LS,16,2,1132,Unstarred,2014-07-17,Kristappa Nimmala;Rajiv Pratap Rudy;Dushyant Chautala;Janardan Singh Sigriwal;Bhartruhari Mahtab;Sanjay Shamrao Dhotre;Suresh Kodikunnil,ROAD ACCIDENTS,Accidents & Fatalities,https://sansad.in/getFile/Annexture_New/lsq16/2/au1132.htm?source=loksabhadocs
LS16-MoRTH-S2-U1096,Road Transport & Highways,LS,16,2,1096,Unstarred,2014-07-17,Anurag Singh Thakur,NH ACCIDENT RELIEF SERVICE SCHEME,Accidents & Fatalities;Road Safety Policy,
LS16-MoRTH-S2-U1047,Road Transport & Highways,LS,16,2,1047,Unstarred,2014-07-17,Jayadev Galla,VOLVO BUS ACCIDENTS,Accidents & Fatalities,
RS-MoRTH-S232-U598,Road Transport & Highways,RS,,232,598,Unstarred,2014-07-14,M.P. Achuthan,Rise in road accidents in metro cities,Accidents & Fatalities,https://sansad.in/getFile/annex/232/Au598.docx?source=pqars
RS-MoRTH-S232-S83,Road Transport & Highways,RS,,232,83,Starred,2014-07-14,Gundu Sudharani,Accidents due to faulty design of Volvo buses,Accidents & Fatalities,https://sansad.in/getFile/annex/232/As83.html?source=pqars
RS-MoRTH-S232-U590,Road Transport & Highways,RS,,232,590,Unstarred,2014-07-14,Kanwar Deep Singh,Hi tech gadgets for implementation of Motor Vehicles Act,Motor Vehicles Act & Rules,https://sansad.in/getFile/annex/232/?source=pqars
RS-MoRTH-S232-U600,Road Transport & Highways,RS,,232,600,Unstarred,2014-07-14,C.M. Ramesh,Death of cyclists in road accidents,Accidents & Fatalities,https://sansad.in/getFile/annex/232/Au600.docx?source=pqars
RS-MoRTH-S232-U595,Road Transport & Highways,RS,,232,595,Unstarred,2014-07-14,D.P. Tripathi,Road accidents,Accidents & Fatalities,https://sansad.in/getFile/annex/232/Au595.docx?source=pqars
RS-MoRTH-S232-S87,Road Transport & Highways,RS,,232,87,Starred,2014-07-14,Darshan Singh Yadav,Constitution of Road Safety Committees,Road Safety (General),https://sansad.in/getFile/annex/232/As87.html?source=pqars
RS-MoRTH-S232-U605,Road Transport & Highways,RS,,232,605,Unstarred,2014-07-14,Ritabrata Banerjee,Accidents of non motorized vehicles,Accidents & Fatalities,https://sansad.in/getFile/annex/232/Au605.docx?source=pqars
RS-MoRTH-S232-U80,Road Transport & Highways,RS,,232,80,Unstarred,2014-07-07,Anil Kumar Sahani,Rise in road accidents,Accidents & Fatalities,https://sansad.in/getFile/annex/232/?source=pqars
RS-MoRTH-S232-U89,Road Transport & Highways,RS,,232,89,Unstarred,2014-07-07,K.C. Tyagi,Amendments in Motor Vehicles Act,Motor Vehicles Act & Rules,https://sansad.in/getFile/annex/232/?source=pqars
RS-MoRTH-S232-U77,Road Transport & Highways,RS,,232,77,Unstarred,2014-07-07,Wansuk Syiem,Rise in road accidents in Delhi   NCR,Accidents & Fatalities,https://sansad.in/getFile/annex/232/?source=pqars
